State,District,Rainfall_mm,River_Water_Level_m,Reservoir_Level_pct,Soil_Moisture_pct,Temperature_C,Humidity_pct,Elevation_m,Slope_deg,Drainage_Quality,Land_Use,Population_Density,Flood_History,Month,Flood_Risk
Assam,Nagaon,12.8,4.73,47.8,81.1,16.5,68.1,117.3,1.04,Poor,Wetland,67,Yes,January,Medium
Assam,Dibrugarh,23.8,4.68,43.4,76.9,17.8,63.2,107.4,3.41,Poor,Wetland,606,Yes,January,Medium
Assam,Barpeta,30.4,4.94,32.3,58.0,18.8,56.9,46.6,1.38,Moderate,Agricultural,256,Yes,January,Low
Assam,Nagaon,56.1,4.81,34.5,45.3,15.6,61.5,56.4,2.18,Poor,Agricultural,752,No,January,Low
Assam,Nagaon,25.4,4.72,33.9,71.1,15.7,65.5,109.8,2.47,Moderate,Wetland,518,Yes,January,Medium
Assam,Dibrugarh,16.6,4.26,42.2,40.4,18.6,59.9,42.5,3.79,Poor,Urban,13869,Yes,January,Low
Assam,Jorhat,40.1,5.02,58.7,34.2,17.2,49.0,39.9,1.8,Poor,Urban,9783,Yes,January,Medium
Assam,Nagaon,26.6,4.58,39.9,48.9,17.4,60.0,52.9,0.45,Moderate,Agricultural,837,Yes,January,Low
Assam,Dhemaji,63.7,5.5,20.0,87.7,15.8,63.8,37.3,1.36,Moderate,Wetland,493,Yes,January,Medium
Assam,Barpeta,45.9,5.5,53.7,57.1,15.9,51.9,45.7,3.05,Moderate,Agricultural,603,Yes,January,Low
Assam,Dhemaji,0.8,4.54,55.0,50.8,17.6,55.6,93.0,2.42,Moderate,Agricultural,896,No,January,Low
Assam,Dhemaji,58.4,5.68,49.7,75.0,18.8,70.8,59.3,2.77,Poor,Wetland,276,Yes,January,Medium
Assam,Jorhat,53.2,5.06,25.6,75.2,17.3,58.9,107.8,2.98,Moderate,Wetland,401,No,January,Low
Assam,Jorhat,45.1,5.12,44.3,57.5,15.0,61.9,106.6,0.99,Good,Forest,291,Yes,January,Low
Assam,Dibrugarh,17.9,4.38,53.8,49.2,16.5,47.1,79.8,2.16,Good,Agricultural,345,Yes,January,Low
Assam,Barpeta,21.3,4.38,30.0,51.6,16.7,59.1,78.8,0.1,Moderate,Agricultural,1027,Yes,January,Low
Assam,Nagaon,34.0,5.02,41.1,55.0,15.8,46.2,42.5,0.64,Moderate,Agricultural,1234,Yes,January,Low
Assam,Dhemaji,28.1,4.42,54.2,71.0,19.1,62.3,67.8,0.22,Good,Forest,75,Yes,January,Medium
Assam,Dhemaji,77.3,5.18,41.8,59.1,20.4,59.6,75.1,2.07,Good,Agricultural,1052,Yes,January,Medium
Assam,Jorhat,71.2,5.47,45.7,53.5,17.9,54.4,58.7,2.35,Good,Agricultural,492,Yes,January,Medium
Assam,Jorhat,36.0,5.03,61.8,68.6,18.5,58.6,41.5,1.68,Moderate,Wetland,228,Yes,January,Medium
Assam,Dhemaji,50.8,5.43,45.2,55.9,17.1,66.3,115.6,2.57,Good,Agricultural,566,Yes,January,Low
Assam,Dhemaji,71.3,5.38,45.9,36.4,22.0,56.2,50.0,1.54,Poor,Urban,5472,Yes,February,Medium
Assam,Nagaon,31.3,4.62,42.9,36.9,20.5,54.5,40.0,1.5,Moderate,Urban,6953,Yes,February,Low
Assam,Dhemaji,6.1,4.31,41.6,60.8,20.6,65.3,117.3,1.6,Poor,Forest,266,Yes,February,Medium
Assam,Jorhat,54.2,4.81,60.3,75.1,20.3,69.1,60.2,0.46,Good,Wetland,290,Yes,February,Medium
Assam,Barpeta,41.8,5.51,54.5,75.6,21.4,73.8,112.0,2.2,Poor,Wetland,394,Yes,February,Medium
Assam,Barpeta,13.1,4.72,47.8,50.5,20.2,55.5,107.8,1.55,Moderate,Agricultural,887,No,February,Low
Assam,Jorhat,41.7,4.87,15.0,32.1,20.9,63.1,103.5,0.1,Poor,Urban,7035,Yes,February,Medium
Assam,Dibrugarh,36.0,4.53,24.6,40.5,20.7,61.1,65.7,1.83,Poor,Urban,8956,No,February,Low
Assam,Jorhat,12.0,4.45,26.8,55.6,22.9,51.3,82.6,2.06,Moderate,Agricultural,999,Yes,February,Low
Assam,Barpeta,35.3,4.63,39.4,45.8,20.3,66.0,62.8,1.54,Poor,Agricultural,764,Yes,February,Medium
Assam,Dhemaji,38.6,4.92,53.0,53.6,20.1,56.9,77.8,2.37,Good,Agricultural,593,Yes,February,Low
Assam,Nagaon,30.5,4.63,34.2,61.0,21.7,51.6,101.0,1.5,Good,Agricultural,1004,Yes,February,Low
Assam,Dhemaji,49.2,4.94,30.8,57.1,19.9,45.3,114.0,2.3,Moderate,Agricultural,1239,Yes,February,Medium
Assam,Dibrugarh,51.6,5.33,37.4,55.7,16.6,58.0,51.8,0.6,Moderate,Agricultural,202,Yes,February,Medium
Assam,Dhemaji,20.0,4.07,65.0,61.6,20.6,50.5,37.9,2.79,Moderate,Agricultural,532,No,February,Low
Assam,Nagaon,10.2,4.57,46.1,29.3,19.8,56.8,103.3,3.58,Poor,Urban,11613,Yes,February,Low
Assam,Barpeta,49.2,5.69,65.0,46.2,17.1,63.8,77.9,2.71,Moderate,Agricultural,435,Yes,February,Medium
Assam,Barpeta,56.1,4.95,49.0,62.2,20.9,62.1,108.9,0.99,Moderate,Agricultural,406,Yes,February,Medium
Assam,Nagaon,61.6,5.76,52.2,43.0,20.0,49.8,60.8,2.31,Good,Urban,4497,Yes,February,Low
Assam,Nagaon,66.3,5.57,51.7,53.9,20.0,59.3,44.9,1.11,Poor,Agricultural,370,Yes,February,Medium
Assam,Jorhat,56.4,4.93,53.5,23.1,20.1,65.2,61.2,1.24,Poor,Urban,4491,No,February,Low
Assam,Dhemaji,33.9,4.65,54.1,55.1,20.6,61.7,71.3,1.68,Moderate,Agricultural,745,Yes,February,Medium
Assam,Barpeta,39.0,4.87,39.3,50.5,28.6,43.0,80.8,0.1,Moderate,Agricultural,347,No,March,Low
Assam,Dibrugarh,29.9,5.07,31.7,54.9,25.3,59.6,89.3,0.37,Poor,Agricultural,847,Yes,March,Medium
Assam,Barpeta,29.5,4.5,39.0,76.2,28.4,70.8,106.3,1.73,Moderate,Wetland,349,Yes,March,Medium
Assam,Jorhat,33.1,5.23,23.3,57.6,26.3,54.3,102.0,1.44,Moderate,Agricultural,187,Yes,March,Medium
Assam,Barpeta,14.1,4.58,48.0,79.3,26.5,72.3,77.7,1.35,Good,Wetland,446,Yes,March,Medium
Assam,Dibrugarh,16.8,5.18,55.1,42.2,24.6,53.8,76.7,1.7,Good,Agricultural,874,Yes,March,Low
Assam,Dhemaji,50.0,5.48,43.7,64.9,27.0,58.1,73.5,1.78,Moderate,Forest,10,Yes,March,Medium
Assam,Dhemaji,28.0,5.39,44.5,54.8,27.2,59.0,92.5,0.1,Moderate,Agricultural,626,Yes,March,Low
Assam,Barpeta,51.3,5.23,57.9,39.6,27.2,57.7,74.0,1.77,Poor,Urban,5170,No,March,Low
Assam,Barpeta,48.6,5.3,39.8,51.9,26.3,51.4,36.9,2.78,Moderate,Agricultural,740,Yes,March,Medium
Assam,Dhemaji,37.9,5.42,55.1,52.2,27.2,55.4,119.1,1.48,Moderate,Agricultural,218,Yes,March,Medium
Assam,Nagaon,31.0,4.57,52.9,47.6,25.1,55.9,51.0,1.73,Moderate,Agricultural,400,No,March,Low
Assam,Barpeta,33.1,4.87,56.4,51.1,26.5,53.6,40.8,1.97,Good,Agricultural,325,Yes,March,Low
Assam,Barpeta,44.4,5.4,39.3,75.9,27.6,78.3,50.1,2.44,Poor,Wetland,377,Yes,March,Medium
Assam,Dhemaji,33.6,4.8,46.3,53.9,26.4,56.6,30.5,2.05,Moderate,Agricultural,713,Yes,March,Low
Assam,Barpeta,52.3,5.18,51.4,51.2,26.0,50.9,44.4,0.76,Good,Agricultural,878,Yes,March,Low
Assam,Barpeta,39.6,4.88,36.9,57.6,25.1,57.1,59.4,1.28,Poor,Agricultural,1056,Yes,March,Medium
Assam,Nagaon,27.0,4.94,38.8,36.0,28.0,53.0,72.6,3.41,Poor,Urban,12311,Yes,March,Low
Assam,Barpeta,32.7,4.48,45.9,38.6,25.2,59.7,105.6,1.93,Poor,Urban,9730,Yes,March,Medium
Assam,Dibrugarh,11.6,4.25,59.4,32.7,27.0,57.7,99.4,2.11,Poor,Urban,6167,Yes,March,Low
Assam,Dhemaji,6.5,4.75,30.1,52.1,24.4,65.0,59.3,3.46,Moderate,Agricultural,799,Yes,March,Low
Assam,Nagaon,60.5,4.86,44.5,55.0,24.7,59.6,85.6,3.28,Good,Agricultural,711,Yes,March,Low
Assam,Dibrugarh,53.4,5.24,46.0,61.1,33.8,73.7,110.7,0.1,Moderate,Forest,123,Yes,April,Medium
Assam,Nagaon,83.3,5.79,49.6,55.8,29.6,66.4,95.2,2.58,Poor,Agricultural,573,Yes,April,Medium
Assam,Jorhat,47.4,5.34,74.7,78.5,31.3,67.2,119.7,2.11,Poor,Wetland,116,Yes,April,Medium
Assam,Nagaon,47.9,5.43,52.6,38.8,35.9,56.2,82.9,1.13,Moderate,Urban,13529,No,April,Low
Assam,Dibrugarh,64.5,5.6,38.7,82.4,32.2,65.7,46.2,0.1,Good,Wetland,662,Yes,April,Medium
Assam,Dhemaji,39.7,5.04,44.1,58.8,30.7,56.1,41.8,1.98,Moderate,Agricultural,315,Yes,April,Medium
Assam,Nagaon,46.8,5.03,37.6,47.4,33.8,57.4,62.1,1.03,Moderate,Agricultural,752,No,April,Low
Assam,Dhemaji,35.9,5.1,45.5,56.7,31.5,53.3,58.5,1.51,Poor,Agricultural,836,Yes,April,Medium
Assam,Dibrugarh,43.6,4.34,37.7,56.2,32.9,50.4,44.1,1.45,Good,Agricultural,755,Yes,April,Low
Assam,Nagaon,40.6,4.61,51.7,74.5,31.9,66.0,89.2,1.83,Poor,Wetland,773,No,April,Low
Assam,Jorhat,53.0,5.02,41.4,38.2,29.6,62.6,56.7,2.84,Poor,Urban,13759,Yes,April,Medium
Assam,Barpeta,57.2,5.6,55.1,84.7,31.0,64.6,76.7,1.48,Moderate,Wetland,739,Yes,April,Medium
Assam,Barpeta,48.6,5.19,42.5,36.0,30.1,55.2,114.1,0.1,Poor,Urban,8705,Yes,April,Medium
Assam,Nagaon,62.8,4.95,60.6,57.9,31.4,64.4,107.3,2.01,Good,Forest,138,Yes,April,Medium
Assam,Nagaon,37.5,4.77,46.2,35.8,32.4,49.8,50.5,2.65,Good,Urban,8097,Yes,April,Low
Assam,Barpeta,21.0,4.85,53.9,30.5,30.0,58.2,43.8,1.14,Moderate,Urban,16404,Yes,April,Low
Assam,Barpeta,23.9,4.34,44.1,72.9,29.2,56.2,92.6,2.48,Moderate,Forest,20,Yes,April,Medium
Assam,Jorhat,46.3,4.66,37.9,50.1,31.4,57.7,102.0,0.1,Poor,Agricultural,950,Yes,April,Medium
Assam,Dibrugarh,68.5,5.36,37.9,80.4,30.2,70.4,45.8,0.59,Good,Wetland,389,Yes,April,Medium
Assam,Jorhat,10.7,4.39,52.9,80.0,30.3,66.1,107.8,3.97,Poor,Wetland,219,Yes,April,Medium
Assam,Dhemaji,0.0,4.65,34.0,64.2,31.6,65.0,112.7,1.12,Moderate,Wetland,683,Yes,April,Low
Assam,Dhemaji,47.0,4.87,39.6,62.5,32.6,71.1,73.1,0.1,Good,Forest,178,Yes,April,Low
Assam,Nagaon,45.2,5.0,27.0,50.5,31.9,59.5,39.5,3.03,Moderate,Agricultural,636,No,May,Low
Assam,Barpeta,28.3,4.59,53.5,60.0,35.7,52.3,50.6,0.8,Moderate,Agricultural,392,Yes,May,Medium
Assam,Jorhat,42.6,4.3,31.8,53.2,33.3,51.2,52.4,1.89,Good,Agricultural,402,Yes,May,Low
Assam,Jorhat,55.7,5.09,50.8,60.6,33.5,50.9,38.8,1.46,Moderate,Agricultural,441,Yes,May,Medium
Assam,Dibrugarh,40.7,5.0,56.4,47.8,36.5,53.3,105.7,2.24,Moderate,Agricultural,1091,Yes,May,Medium
Assam,Nagaon,19.9,5.32,46.4,49.8,34.0,51.7,36.4,2.8,Poor,Agricultural,302,Yes,May,Medium
Assam,Barpeta,59.9,4.48,37.0,54.3,32.1,52.6,100.4,2.46,Good,Agricultural,466,Yes,May,Medium
Assam,Nagaon,33.7,4.93,35.9,42.0,35.2,57.7,44.7,1.33,Moderate,Agricultural,1313,No,May,Low
Assam,Nagaon,31.7,4.92,42.5,40.7,31.8,58.6,99.9,1.83,Moderate,Urban,9091,Yes,May,Low
Assam,Barpeta,46.6,4.87,35.6,57.2,35.9,61.6,39.5,1.71,Good,Agricultural,630,Yes,May,Low
Assam,Barpeta,60.8,5.02,47.6,73.1,35.5,64.0,46.9,1.37,Moderate,Wetland,580,Yes,May,Medium
Assam,Barpeta,43.4,4.93,57.2,61.4,31.5,54.2,100.2,1.14,Poor,Agricultural,576,No,May,Low
Assam,Jorhat,23.7,4.81,60.4,87.0,32.5,69.9,90.9,1.49,Moderate,Wetland,320,Yes,May,Medium
Assam,Jorhat,48.6,4.89,36.1,56.5,31.3,51.5,96.2,3.35,Poor,Agricultural,875,Yes,May,Medium
Assam,Barpeta,41.1,4.53,52.2,86.8,32.6,69.0,113.7,0.81,Moderate,Wetland,290,Yes,May,Medium
Assam,Dibrugarh,41.6,4.97,46.5,51.1,33.1,56.1,65.9,2.31,Poor,Agricultural,414,Yes,May,Medium
Assam,Nagaon,38.5,4.86,46.3,75.8,33.4,66.8,58.4,2.29,Poor,Wetland,478,Yes,May,Medium
Assam,Dhemaji,53.5,5.19,45.0,51.7,32.0,53.7,57.8,3.13,Good,Agricultural,523,Yes,May,Low
Assam,Nagaon,29.1,4.86,48.8,61.5,34.2,60.5,73.6,0.1,Moderate,Agricultural,886,Yes,May,Medium
Assam,Dibrugarh,20.4,4.08,44.6,35.7,35.0,57.5,31.6,0.66,Moderate,Urban,7508,Yes,May,Low
Assam,Dhemaji,52.7,5.04,43.2,70.4,35.3,53.9,104.0,0.1,Moderate,Agricultural,809,Yes,May,Medium
Assam,Dibrugarh,45.7,5.13,36.5,32.1,33.1,58.0,46.6,2.26,Poor,Urban,8401,No,May,Low
Assam,Nagaon,149.8,7.04,59.9,64.0,29.3,86.8,59.1,0.9,Good,Agricultural,543,Yes,June,Medium
Assam,Nagaon,193.5,7.07,40.4,45.7,27.0,81.5,104.5,1.0,Poor,Urban,11522,Yes,June,High
Assam,Dhemaji,155.1,6.94,48.6,98.0,29.6,98.5,102.6,1.18,Moderate,Wetland,249,No,June,Medium
Assam,Jorhat,168.4,7.05,61.8,47.2,32.3,87.0,53.4,2.15,Moderate,Urban,6101,No,June,Medium
Assam,Barpeta,301.5,8.2,56.2,75.0,30.8,86.6,117.0,2.34,Poor,Agricultural,712,Yes,June,Extreme
Assam,Barpeta,276.0,8.15,78.4,72.9,30.2,81.2,57.1,2.28,Moderate,Agricultural,441,Yes,June,Extreme
Assam,Dhemaji,296.7,8.3,54.4,66.3,28.6,93.8,81.6,1.44,Good,Agricultural,754,Yes,June,High
Assam,Nagaon,202.3,7.89,48.9,86.8,31.7,95.5,76.1,0.66,Moderate,Wetland,475,Yes,June,High
Assam,Dhemaji,166.3,6.41,61.1,41.5,28.4,72.6,72.3,0.94,Poor,Urban,15835,No,June,Medium
Assam,Dhemaji,375.5,9.01,52.5,51.9,30.4,88.6,113.9,1.31,Moderate,Urban,6341,No,June,High
Assam,Jorhat,189.5,7.16,67.6,65.4,30.9,90.2,95.7,2.34,Moderate,Agricultural,1016,Yes,June,High
Assam,Nagaon,247.5,7.53,63.4,66.2,30.1,87.6,67.7,1.58,Moderate,Agricultural,505,Yes,June,High
Assam,Dibrugarh,226.3,7.79,48.6,68.9,32.7,91.4,45.5,2.78,Poor,Agricultural,795,Yes,June,High
Assam,Jorhat,202.8,7.31,49.7,71.7,31.0,96.0,92.3,0.75,Good,Agricultural,372,Yes,June,High
Assam,Barpeta,363.4,8.56,56.4,61.4,30.5,90.4,63.3,2.9,Poor,Urban,18261,Yes,June,Extreme
Assam,Dibrugarh,240.1,7.24,72.1,75.6,28.7,81.8,84.5,0.91,Moderate,Agricultural,784,Yes,June,High
Assam,Barpeta,132.0,6.54,58.9,40.2,29.3,82.2,65.6,0.4,Poor,Urban,8892,Yes,June,Medium
Assam,Dibrugarh,49.9,5.17,45.1,55.1,28.7,84.9,78.8,2.0,Moderate,Agricultural,537,Yes,June,Medium
Assam,Nagaon,254.4,7.66,47.6,97.0,29.9,100.0,43.5,2.21,Good,Wetland,210,Yes,June,High
Assam,Nagaon,310.8,8.55,67.6,64.2,32.9,87.6,61.8,1.45,Poor,Urban,9980,Yes,June,Extreme
Assam,Dibrugarh,236.4,7.61,71.3,94.4,31.6,94.3,55.7,1.74,Poor,Wetland,396,Yes,June,Extreme
Assam,Nagaon,186.4,7.06,73.9,68.4,29.4,100.0,58.1,2.29,Moderate,Forest,255,Yes,June,High
Assam,Dhemaji,147.4,6.47,62.6,66.6,26.4,87.1,105.1,2.3,Good,Agricultural,1057,Yes,July,Medium
Assam,Dhemaji,284.9,7.85,77.8,98.0,24.7,100.0,86.9,2.17,Poor,Wetland,423,Yes,July,Extreme
Assam,Dibrugarh,97.5,5.91,60.3,33.4,27.2,86.4,66.5,0.1,Good,Urban,8602,Yes,July,Medium
Assam,Dhemaji,294.2,8.44,72.1,84.8,28.7,82.0,77.4,1.28,Good,Agricultural,395,No,July,High
Assam,Dibrugarh,131.4,6.4,58.4,65.6,28.8,89.0,47.0,2.38,Poor,Agricultural,410,Yes,July,Medium
Assam,Nagaon,197.8,7.13,60.2,71.6,26.3,90.8,110.3,1.36,Good,Agricultural,669,Yes,July,High
Assam,Dhemaji,151.0,6.83,73.5,60.8,28.3,85.8,41.7,1.31,Moderate,Agricultural,699,Yes,July,Medium
Assam,Dibrugarh,188.4,7.49,74.3,66.8,25.6,82.1,67.4,2.92,Good,Agricultural,889,Yes,July,High
Assam,Jorhat,158.1,6.66,80.7,67.2,26.2,88.5,65.6,1.17,Moderate,Agricultural,537,Yes,July,High
Assam,Jorhat,139.8,6.27,75.9,42.5,27.9,80.4,32.8,2.7,Moderate,Urban,8235,Yes,July,Medium
Assam,Dibrugarh,127.3,6.79,75.2,64.2,27.4,85.2,41.3,2.48,Good,Agricultural,52,No,July,Medium
Assam,Barpeta,115.4,6.53,74.8,57.6,27.4,83.3,50.5,0.1,Moderate,Agricultural,1198,No,July,Medium
Assam,Nagaon,163.0,7.03,75.7,50.8,29.0,85.7,58.4,1.94,Moderate,Urban,5905,Yes,July,High
Assam,Dibrugarh,214.4,7.14,88.9,59.8,27.8,84.5,75.1,1.72,Good,Agricultural,515,Yes,July,High
Assam,Barpeta,195.9,6.82,72.5,68.2,25.3,88.8,47.7,3.52,Good,Agricultural,757,Yes,July,Medium
Assam,Jorhat,211.3,7.48,73.3,75.0,26.9,89.9,116.4,1.92,Moderate,Agricultural,805,Yes,July,High
Assam,Barpeta,214.2,6.99,61.9,71.7,27.3,90.2,110.5,0.1,Moderate,Agricultural,481,Yes,July,High
Assam,Jorhat,180.4,7.15,52.2,61.5,26.4,86.1,112.6,0.55,Moderate,Agricultural,906,Yes,July,High
Assam,Barpeta,82.3,5.75,66.2,57.7,29.4,80.1,106.1,0.1,Good,Agricultural,442,Yes,July,Medium
Assam,Barpeta,216.0,6.62,70.0,54.2,25.7,82.4,99.4,1.92,Moderate,Urban,9328,Yes,July,High
Assam,Jorhat,258.3,7.09,60.7,66.4,28.8,82.9,30.1,2.17,Moderate,Agricultural,182,Yes,July,High
Assam,Dhemaji,141.3,6.84,65.5,38.8,29.6,81.7,83.2,1.73,Good,Urban,14406,Yes,July,Medium
Assam,Barpeta,187.3,7.79,80.8,89.9,28.5,100.0,80.4,0.29,Poor,Wetland,494,Yes,August,High
Assam,Dhemaji,205.2,6.9,63.8,80.4,28.9,96.8,80.6,2.17,Good,Forest,218,Yes,August,High
Assam,Barpeta,182.1,7.13,80.9,51.4,30.3,86.1,80.3,3.79,Poor,Urban,14783,No,August,Medium
Assam,Barpeta,206.6,7.36,78.3,97.1,26.7,95.9,75.1,1.03,Moderate,Wetland,317,Yes,August,High
Assam,Nagaon,139.8,6.26,88.5,54.1,26.8,76.1,66.4,0.38,Good,Agricultural,653,Yes,August,Medium
Assam,Barpeta,245.1,7.86,89.4,78.3,26.8,98.7,117.9,0.56,Good,Forest,47,Yes,August,High
Assam,Dhemaji,105.2,6.03,75.2,51.5,27.6,85.5,89.1,1.42,Moderate,Agricultural,759,Yes,August,Medium
Assam,Dibrugarh,297.3,8.0,90.6,98.0,30.1,100.0,77.3,0.52,Moderate,Wetland,478,Yes,August,Extreme
Assam,Dhemaji,259.1,7.88,83.2,92.1,27.6,100.0,49.3,0.67,Moderate,Wetland,510,Yes,August,Extreme
Assam,Barpeta,304.3,8.87,89.8,97.8,28.1,100.0,47.9,2.07,Poor,Wetland,791,Yes,August,Extreme
Assam,Barpeta,89.7,6.44,83.7,55.8,26.9,89.6,55.5,0.1,Moderate,Agricultural,582,Yes,August,Medium
Assam,Nagaon,169.0,7.15,73.3,98.0,26.5,92.6,52.4,3.22,Moderate,Wetland,340,Yes,August,High
Assam,Dhemaji,237.8,7.24,68.0,57.7,28.7,87.1,55.3,1.54,Moderate,Agricultural,957,Yes,August,High
Assam,Dhemaji,298.8,7.96,67.7,68.1,25.3,86.6,104.6,2.51,Moderate,Agricultural,291,No,August,High
Assam,Jorhat,176.8,7.3,90.5,45.3,27.2,85.7,71.6,1.13,Poor,Urban,3491,Yes,August,High
Assam,Jorhat,41.3,5.83,85.2,49.9,25.9,81.9,39.5,0.1,Poor,Agricultural,880,Yes,August,Medium
Assam,Nagaon,228.1,7.54,91.0,46.5,26.4,90.8,67.1,2.03,Moderate,Urban,3125,Yes,August,High
Assam,Jorhat,231.1,7.3,71.9,98.0,27.3,84.3,48.4,1.76,Poor,Wetland,856,Yes,August,High
Assam,Nagaon,234.5,7.77,86.5,73.6,27.1,84.4,48.3,2.54,Good,Agricultural,591,Yes,August,High
Assam,Dhemaji,209.3,7.25,85.4,68.4,26.9,93.0,36.7,1.01,Good,Agricultural,886,Yes,August,High
Assam,Barpeta,148.0,7.12,71.5,61.7,28.1,86.5,64.1,2.95,Good,Agricultural,731,Yes,August,Medium
Assam,Dibrugarh,55.3,5.89,66.8,48.9,25.3,85.0,44.3,0.1,Moderate,Agricultural,593,Yes,August,Medium
Assam,Nagaon,336.7,8.63,75.5,74.8,28.0,90.4,49.3,0.13,Moderate,Agricultural,767,Yes,September,Extreme
Assam,Dhemaji,180.5,7.3,73.0,57.9,28.3,89.0,54.3,0.55,Good,Agricultural,290,Yes,September,High
Assam,Nagaon,234.5,7.59,90.7,98.0,24.1,96.5,49.6,2.44,Poor,Wetland,672,Yes,September,Extreme
Assam,Barpeta,242.9,8.21,85.0,71.4,25.8,100.0,103.1,0.32,Moderate,Agricultural,352,Yes,September,Extreme
Assam,Nagaon,125.9,6.65,97.3,63.6,29.5,89.3,85.8,1.75,Good,Agricultural,743,Yes,September,Medium
Assam,Barpeta,319.4,9.0,100.0,63.6,24.2,78.1,87.0,0.14,Poor,Urban,12423,Yes,September,Extreme
Assam,Barpeta,179.4,7.33,86.0,68.2,26.4,82.2,117.7,2.25,Moderate,Agricultural,299,Yes,September,High
Assam,Dibrugarh,172.6,7.41,92.5,44.6,27.4,80.2,74.0,1.19,Moderate,Urban,4036,Yes,September,High
Assam,Barpeta,153.5,6.69,93.3,44.1,27.6,81.1,49.0,2.4,Moderate,Urban,7105,Yes,September,Medium
Assam,Nagaon,241.8,7.43,64.6,68.5,27.5,86.1,79.7,2.87,Moderate,Agricultural,318,Yes,September,High
Assam,Jorhat,90.8,5.93,77.9,62.8,25.6,76.5,41.7,1.04,Moderate,Agricultural,879,No,September,Medium
Assam,Dibrugarh,145.1,6.81,92.5,94.7,26.5,95.4,57.3,1.4,Poor,Wetland,759,Yes,September,High
Assam,Dibrugarh,331.7,8.54,100.0,61.7,28.5,91.7,58.2,0.32,Good,Urban,7502,Yes,September,Extreme
Assam,Dhemaji,107.2,6.16,94.5,56.5,27.2,93.1,47.7,3.13,Moderate,Agricultural,652,Yes,September,Medium
Assam,Barpeta,225.2,7.17,78.1,64.6,26.9,86.6,104.3,1.57,Poor,Agricultural,595,Yes,September,High
Assam,Dhemaji,293.7,8.39,100.0,86.9,29.9,93.1,83.0,2.87,Good,Agricultural,739,Yes,September,Extreme
Assam,Dhemaji,160.0,6.73,92.3,63.2,27.1,84.4,48.7,0.1,Moderate,Agricultural,518,Yes,September,High
Assam,Jorhat,175.0,6.81,97.9,45.3,23.2,85.9,85.4,2.39,Poor,Urban,7048,Yes,September,High
Assam,Dhemaji,255.4,8.05,77.5,65.7,27.6,96.3,112.3,3.41,Good,Agricultural,784,No,September,High
Assam,Dibrugarh,225.0,7.84,75.8,65.7,24.2,81.3,56.3,0.5,Poor,Agricultural,580,Yes,September,High
Assam,Nagaon,233.2,7.75,74.4,72.5,27.7,100.0,94.4,0.9,Poor,Forest,230,No,September,High
Assam,Dibrugarh,177.3,6.66,87.0,64.5,26.5,100.0,72.4,2.28,Good,Forest,290,Yes,September,High
Assam,Dibrugarh,57.7,4.78,36.8,51.8,25.9,65.5,68.7,1.44,Moderate,Agricultural,934,Yes,October,Medium
Assam,Jorhat,30.2,4.7,43.7,48.0,25.6,65.5,108.6,1.72,Poor,Agricultural,85,Yes,October,Medium
Assam,Jorhat,14.4,4.62,46.5,72.8,24.0,65.9,89.3,1.76,Poor,Wetland,419,Yes,October,Medium
Assam,Nagaon,17.8,4.7,40.3,46.1,25.7,57.0,92.0,1.94,Good,Agricultural,826,Yes,October,Low
Assam,Dhemaji,48.9,4.95,32.1,55.4,24.3,61.1,98.6,0.97,Moderate,Agricultural,1251,Yes,October,Medium
Assam,Barpeta,43.2,5.01,45.5,77.9,24.7,69.5,40.5,1.66,Moderate,Wetland,593,Yes,October,Medium
Assam,Nagaon,43.5,5.32,31.3,50.1,27.3,62.9,67.2,1.33,Moderate,Agricultural,587,No,October,Low
Assam,Barpeta,29.2,4.82,29.2,79.2,24.9,67.1,114.1,2.19,Good,Wetland,490,Yes,October,Medium
Assam,Jorhat,11.7,3.99,48.0,54.7,26.0,53.5,51.3,0.1,Good,Agricultural,792,Yes,October,Low
Assam,Barpeta,29.4,5.19,47.3,71.9,24.6,67.3,49.0,1.8,Moderate,Wetland,748,Yes,October,Medium
Assam,Dibrugarh,36.5,4.79,57.8,58.5,23.8,59.1,46.3,1.95,Good,Agricultural,351,Yes,October,Medium
Assam,Dibrugarh,10.8,4.56,37.4,56.1,28.2,53.5,44.7,0.99,Poor,Agricultural,668,Yes,October,Medium
Assam,Jorhat,21.2,5.04,53.2,46.5,25.9,52.1,30.6,3.06,Moderate,Agricultural,712,Yes,October,Low
Assam,Dhemaji,28.8,5.0,39.5,22.5,24.4,41.4,108.4,1.13,Poor,Urban,5884,Yes,October,Low
Assam,Jorhat,22.9,4.88,40.4,48.4,27.8,51.5,91.2,2.03,Moderate,Agricultural,857,Yes,October,Low
Assam,Barpeta,47.2,5.26,48.4,29.2,25.9,58.9,34.1,3.58,Poor,Urban,9738,Yes,October,Low
Assam,Barpeta,1.3,3.89,60.4,55.6,23.3,52.4,32.1,2.06,Moderate,Agricultural,641,Yes,October,Low
Assam,Jorhat,34.3,4.63,53.3,37.4,26.3,60.7,59.2,3.19,Poor,Urban,13870,Yes,October,Low
Assam,Dhemaji,34.4,4.76,43.4,79.9,23.9,69.2,52.6,1.87,Moderate,Wetland,203,Yes,October,Medium
Assam,Dibrugarh,30.3,4.77,41.8,59.7,22.4,61.0,45.7,0.25,Moderate,Agricultural,981,Yes,October,Medium
Assam,Jorhat,1.6,4.83,43.3,54.0,28.5,56.3,56.4,1.61,Good,Agricultural,1055,Yes,October,Low
Assam,Barpeta,40.1,4.69,41.2,56.5,25.7,55.9,105.4,0.1,Poor,Agricultural,606,Yes,October,Medium
Assam,Barpeta,9.0,4.37,45.2,29.2,20.2,55.5,80.9,0.1,Good,Urban,11629,Yes,November,Low
Assam,Barpeta,30.8,4.59,43.2,42.8,20.9,55.4,72.9,0.1,Good,Agricultural,1017,Yes,November,Low
Assam,Jorhat,69.6,5.45,55.4,39.9,19.6,59.6,95.7,3.59,Poor,Urban,5956,Yes,November,Medium
Assam,Nagaon,15.4,4.87,57.0,27.5,21.7,57.4,34.3,1.32,Good,Urban,3731,Yes,November,Low
Assam,Nagaon,66.8,5.38,59.0,48.9,18.4,61.3,93.2,1.13,Poor,Agricultural,930,Yes,November,Medium
Assam,Dhemaji,11.5,4.27,55.9,47.7,23.0,60.7,82.2,0.98,Moderate,Agricultural,681,Yes,November,Low
Assam,Nagaon,16.4,4.6,42.9,56.2,20.8,56.4,69.8,1.9,Moderate,Agricultural,677,Yes,November,Low
Assam,Nagaon,71.1,5.01,40.0,88.4,23.0,66.8,49.3,1.09,Poor,Wetland,848,Yes,November,Medium
Assam,Dhemaji,3.5,4.3,44.3,49.9,23.6,56.7,37.3,1.45,Moderate,Agricultural,1029,No,November,Low
Assam,Dhemaji,53.0,4.77,28.8,67.0,19.7,68.8,119.6,1.01,Good,Wetland,522,Yes,November,Medium
Assam,Dibrugarh,9.7,5.06,46.3,27.9,20.8,54.9,49.5,1.93,Poor,Urban,10255,Yes,November,Low
Assam,Dibrugarh,62.7,5.31,58.5,66.6,23.0,62.6,49.8,3.44,Good,Agricultural,866,Yes,November,Medium
Assam,Jorhat,17.8,4.93,28.4,38.6,20.0,52.5,109.5,1.27,Good,Urban,8964,Yes,November,Low
Assam,Jorhat,35.2,5.06,50.2,23.1,20.6,45.8,83.0,0.1,Moderate,Urban,10936,Yes,November,Low
Assam,Jorhat,54.6,4.45,56.5,61.5,21.7,59.4,67.4,0.58,Moderate,Agricultural,282,Yes,November,Medium
Assam,Dibrugarh,55.8,5.43,38.3,59.6,22.3,57.4,59.2,1.55,Moderate,Agricultural,1228,Yes,November,Medium
Assam,Barpeta,59.4,4.87,62.1,26.2,21.5,55.1,108.0,1.25,Moderate,Urban,5790,Yes,November,Medium
Assam,Barpeta,35.1,4.57,42.2,59.8,19.8,47.0,73.5,0.45,Good,Agricultural,1257,Yes,November,Low
Assam,Jorhat,24.3,4.97,39.0,76.8,19.4,63.9,97.0,0.4,Poor,Wetland,329,Yes,November,Medium
Assam,Dhemaji,46.4,4.44,44.7,82.1,21.9,62.1,45.7,1.44,Poor,Wetland,566,No,November,Low
Assam,Nagaon,34.1,4.33,47.3,47.9,19.0,60.3,102.8,0.67,Moderate,Agricultural,585,Yes,November,Low
Assam,Jorhat,60.5,4.68,63.6,72.6,21.8,73.2,55.5,1.1,Poor,Wetland,911,Yes,November,Medium
Assam,Dibrugarh,18.3,4.9,48.5,46.9,15.0,50.3,42.4,3.51,Poor,Agricultural,753,No,December,Low
Assam,Dhemaji,7.1,4.44,36.0,50.2,18.2,51.2,86.9,2.88,Poor,Agricultural,565,Yes,December,Low
Assam,Nagaon,18.3,4.5,46.1,51.9,16.8,57.5,110.7,1.38,Good,Agricultural,551,Yes,December,Low
Assam,Nagaon,34.3,4.76,70.0,54.4,18.3,54.0,54.6,2.38,Good,Agricultural,579,Yes,December,Medium
Assam,Nagaon,42.5,5.05,56.9,27.3,18.5,54.3,115.1,1.9,Moderate,Urban,6834,Yes,December,Low
Assam,Barpeta,27.7,4.96,54.8,68.6,18.6,62.1,72.9,0.1,Moderate,Wetland,363,Yes,December,Medium
Assam,Dibrugarh,53.7,5.01,55.7,61.7,18.7,53.1,114.8,0.48,Moderate,Agricultural,707,Yes,December,Medium
Assam,Dhemaji,39.4,4.81,41.3,52.2,16.3,53.3,35.7,0.1,Poor,Agricultural,657,Yes,December,Medium
Assam,Barpeta,18.2,4.82,47.0,79.2,19.0,55.9,106.1,2.63,Poor,Wetland,261,Yes,December,Medium
Assam,Jorhat,37.2,4.99,46.7,42.2,17.9,63.5,63.7,2.31,Poor,Agricultural,564,Yes,December,Low
Assam,Jorhat,57.8,5.12,42.9,70.3,16.0,71.0,118.8,1.73,Good,Forest,203,Yes,December,Medium
Assam,Barpeta,23.9,4.52,37.4,43.1,18.3,60.4,67.6,1.2,Poor,Agricultural,975,No,December,Low
Assam,Dibrugarh,13.9,4.33,35.8,28.7,17.7,62.0,87.1,2.09,Poor,Urban,7763,Yes,December,Low
Assam,Dibrugarh,28.5,4.7,45.0,32.8,21.0,66.6,109.1,0.24,Good,Urban,6198,Yes,December,Low
Assam,Dhemaji,15.1,4.79,36.4,51.7,17.6,57.6,33.6,2.06,Moderate,Agricultural,821,Yes,December,Low
Assam,Barpeta,23.7,4.64,41.7,33.4,18.6,54.8,102.7,0.97,Good,Urban,12108,Yes,December,Low
Assam,Nagaon,3.6,4.63,49.6,74.9,18.4,77.6,114.0,2.3,Moderate,Wetland,173,Yes,December,Medium
Assam,Jorhat,24.6,5.15,33.9,50.2,17.2,52.8,84.9,0.12,Moderate,Agricultural,621,Yes,December,Low
Assam,Dhemaji,38.5,4.62,61.5,56.3,16.2,61.6,55.4,0.21,Moderate,Agricultural,700,Yes,December,Medium
Assam,Jorhat,70.2,5.18,28.3,55.1,18.8,57.0,60.8,2.04,Good,Agricultural,651,Yes,December,Medium
Assam,Dhemaji,57.4,4.83,50.1,65.0,18.3,56.8,84.1,1.13,Good,Forest,68,Yes,December,Medium
Assam,Nagaon,83.0,5.56,37.6,62.0,16.3,53.3,73.4,0.1,Moderate,Agricultural,985,Yes,December,Medium
Bihar,Darbhanga,0.0,4.63,31.2,44.1,20.4,54.6,76.9,1.25,Poor,Agricultural,821,Yes,January,Low
Bihar,Darbhanga,108.2,5.96,39.5,89.8,17.5,71.3,57.0,1.93,Poor,Wetland,553,Yes,January,Medium
Bihar,Muzaffarpur,23.4,4.57,44.1,75.8,18.4,65.4,73.3,1.83,Good,Wetland,489,Yes,January,Medium
Bihar,Katihar,20.9,5.03,55.1,27.6,18.5,53.5,56.4,1.49,Moderate,Urban,7366,Yes,January,Low
Bihar,Supaul,24.6,4.91,43.7,72.9,14.7,69.6,53.8,0.1,Moderate,Wetland,386,Yes,January,Medium
Bihar,Darbhanga,42.2,4.6,57.6,45.9,13.5,55.0,79.2,3.12,Moderate,Agricultural,539,Yes,January,Low
Bihar,Darbhanga,6.2,4.0,59.8,46.6,17.3,51.0,52.5,2.5,Good,Agricultural,1087,No,January,Low
Bihar,Supaul,4.0,4.61,41.7,59.7,19.0,69.4,75.0,0.1,Good,Forest,227,Yes,January,Low
Bihar,Darbhanga,34.6,4.66,47.0,56.7,17.9,61.9,57.2,0.56,Moderate,Agricultural,1111,No,January,Low
Bihar,Katihar,24.2,4.82,34.9,33.7,18.7,51.1,85.0,1.82,Poor,Urban,6025,Yes,January,Low
Bihar,Katihar,31.7,5.32,50.6,46.0,17.0,54.5,63.4,2.13,Moderate,Agricultural,1204,No,January,Low
Bihar,Katihar,30.5,4.06,46.4,76.4,15.6,75.7,64.4,0.43,Moderate,Wetland,277,Yes,January,Medium
Bihar,Darbhanga,62.0,5.43,44.4,36.4,16.4,51.6,83.5,0.91,Poor,Urban,13255,Yes,January,Medium
Bihar,Supaul,50.0,4.77,30.8,88.1,18.9,72.2,40.8,0.9,Poor,Wetland,143,No,January,Medium
Bihar,Muzaffarpur,58.2,5.13,23.3,52.3,17.4,58.6,62.2,3.12,Good,Agricultural,937,Yes,January,Low
Bihar,Supaul,42.6,4.7,28.6,59.5,20.0,65.6,48.8,1.61,Good,Agricultural,567,Yes,January,Low
Bihar,Supaul,2.4,4.43,58.4,45.4,19.3,58.3,88.1,2.18,Poor,Agricultural,159,Yes,January,Low
Bihar,Supaul,38.1,4.93,28.3,36.6,17.7,61.1,42.9,1.62,Moderate,Urban,8401,Yes,January,Low
Bihar,Purnia,19.1,4.75,42.9,45.7,17.3,52.9,55.8,2.3,Moderate,Agricultural,714,Yes,January,Low
Bihar,Darbhanga,25.4,4.87,27.0,52.1,19.3,57.1,70.2,0.1,Moderate,Agricultural,1280,Yes,January,Low
Bihar,Purnia,38.5,4.28,39.0,83.7,16.7,64.2,77.5,1.03,Poor,Wetland,459,Yes,January,Medium
Bihar,Purnia,25.9,5.09,47.0,73.4,17.2,70.9,62.9,1.21,Moderate,Wetland,438,Yes,January,Medium
Bihar,Muzaffarpur,24.1,4.53,41.9,49.9,20.8,56.6,46.9,3.02,Good,Agricultural,1363,Yes,February,Low
Bihar,Muzaffarpur,62.0,4.93,47.0,87.7,21.6,66.4,50.5,2.71,Poor,Wetland,337,Yes,February,Medium
Bihar,Darbhanga,27.4,4.59,37.5,48.9,18.7,47.9,50.9,0.87,Good,Agricultural,641,Yes,February,Low
Bihar,Katihar,0.1,4.17,50.0,46.9,19.7,49.5,83.3,1.33,Moderate,Agricultural,790,Yes,February,Low
Bihar,Darbhanga,44.5,4.78,28.4,56.2,20.8,61.3,69.0,1.82,Moderate,Agricultural,110,Yes,February,Medium
Bihar,Darbhanga,8.1,5.17,25.6,48.2,19.2,58.3,71.1,1.2,Moderate,Agricultural,1307,Yes,February,Low
Bihar,Purnia,69.4,4.49,46.0,54.2,19.0,58.0,54.6,2.49,Moderate,Agricultural,50,No,February,Low
Bihar,Supaul,19.5,4.94,58.1,50.2,18.2,54.1,85.0,0.52,Moderate,Agricultural,50,No,February,Low
Bihar,Darbhanga,17.0,4.39,55.8,36.1,22.4,62.2,88.8,1.85,Good,Urban,6385,Yes,February,Low
Bihar,Darbhanga,25.9,4.74,38.7,45.2,22.1,54.1,66.3,0.1,Good,Agricultural,374,Yes,February,Low
Bihar,Supaul,42.0,4.69,46.0,31.1,19.4,56.0,62.5,2.5,Good,Urban,10588,Yes,February,Low
Bihar,Supaul,3.4,4.75,31.5,62.6,21.0,67.7,71.6,2.32,Good,Agricultural,941,Yes,February,Low
Bihar,Supaul,37.5,4.71,46.0,30.2,18.3,59.6,57.5,2.69,Poor,Urban,14548,Yes,February,Medium
Bihar,Darbhanga,11.9,4.88,49.2,60.6,22.5,68.9,70.9,2.48,Good,Forest,41,Yes,February,Low
Bihar,Purnia,47.6,4.82,38.0,82.4,21.6,62.8,64.2,1.95,Poor,Wetland,636,No,February,Low
Bihar,Supaul,60.5,5.21,44.6,59.4,17.7,55.9,52.6,1.88,Moderate,Agricultural,780,Yes,February,Medium
Bihar,Purnia,19.5,4.69,39.7,81.8,20.3,61.0,65.7,3.19,Moderate,Wetland,693,Yes,February,Medium
Bihar,Purnia,30.2,4.44,38.7,51.2,18.7,54.9,65.5,0.41,Poor,Agricultural,542,Yes,February,Medium
Bihar,Darbhanga,13.2,4.88,43.2,31.8,19.1,65.2,59.1,0.1,Good,Urban,7207,Yes,February,Low
Bihar,Purnia,33.9,4.46,34.1,30.9,17.9,60.2,44.8,1.66,Moderate,Urban,14193,Yes,February,Low
Bihar,Supaul,23.1,4.66,53.1,49.0,20.7,56.3,57.1,0.31,Poor,Agricultural,598,Yes,February,Medium
Bihar,Supaul,37.7,5.43,40.4,85.0,18.6,69.0,43.5,0.1,Poor,Wetland,394,Yes,February,Medium
Bihar,Darbhanga,15.5,4.92,42.0,76.7,25.1,63.1,62.5,2.4,Poor,Wetland,699,Yes,March,Medium
Bihar,Muzaffarpur,37.8,5.25,16.6,50.9,29.1,59.6,76.6,0.93,Moderate,Agricultural,824,Yes,March,Low
Bihar,Darbhanga,65.1,5.38,45.4,53.1,27.1,59.8,42.8,0.1,Good,Agricultural,580,Yes,March,Medium
Bihar,Supaul,64.3,5.39,39.8,56.3,27.3,51.3,84.9,1.35,Moderate,Agricultural,929,Yes,March,Medium
Bihar,Katihar,49.4,4.98,38.6,62.4,24.6,61.4,89.2,0.58,Poor,Agricultural,323,Yes,March,Medium
Bihar,Supaul,49.6,4.68,37.1,66.6,28.4,62.7,50.6,0.55,Good,Forest,169,Yes,March,Medium
Bihar,Darbhanga,54.0,5.23,43.1,33.5,24.5,61.6,42.2,2.79,Moderate,Urban,7123,Yes,March,Low
Bihar,Katihar,46.8,5.07,39.2,81.9,25.8,69.0,50.9,1.54,Poor,Wetland,526,Yes,March,Medium
Bihar,Supaul,35.5,4.99,28.0,78.1,24.2,71.5,42.5,2.36,Poor,Wetland,523,Yes,March,Medium
Bihar,Muzaffarpur,48.3,4.7,49.7,30.1,26.6,60.5,71.3,0.88,Moderate,Urban,200,Yes,March,Low
Bihar,Katihar,23.3,4.98,43.7,52.3,27.4,56.3,40.8,1.79,Poor,Agricultural,618,Yes,March,Medium
Bihar,Darbhanga,19.9,4.79,55.2,54.1,25.2,55.7,77.9,0.53,Moderate,Agricultural,706,Yes,March,Low
Bihar,Supaul,23.6,5.07,45.8,73.7,27.5,77.7,76.3,1.88,Good,Wetland,497,Yes,March,Medium
Bihar,Purnia,44.9,4.96,43.6,50.0,23.4,49.5,88.3,0.79,Moderate,Agricultural,221,Yes,March,Low
Bihar,Supaul,33.7,4.38,55.0,28.0,28.5,55.3,69.2,0.53,Good,Urban,10682,Yes,March,Low
Bihar,Katihar,17.8,4.89,43.0,56.5,28.3,59.9,89.5,0.31,Moderate,Agricultural,886,Yes,March,Low
Bihar,Muzaffarpur,62.0,4.97,36.9,55.5,26.9,60.0,60.5,1.34,Poor,Agricultural,456,Yes,March,Medium
Bihar,Darbhanga,42.9,4.93,41.3,56.7,27.3,76.5,76.2,1.56,Moderate,Forest,149,Yes,March,Medium
Bihar,Supaul,6.8,4.5,64.3,54.9,25.1,53.2,54.0,1.68,Moderate,Agricultural,1065,Yes,March,Low
Bihar,Katihar,116.1,5.52,42.6,59.6,26.4,59.1,90.0,2.47,Poor,Agricultural,469,Yes,March,Medium
Bihar,Katihar,34.9,4.68,42.5,48.1,25.9,51.1,80.2,0.47,Good,Agricultural,893,Yes,March,Low
Bihar,Supaul,11.9,4.47,58.3,69.6,26.9,67.5,58.9,2.5,Good,Wetland,470,Yes,March,Medium
Bihar,Muzaffarpur,12.2,4.74,51.5,55.4,33.3,44.5,48.7,3.03,Moderate,Agricultural,562,No,April,Low
Bihar,Muzaffarpur,59.6,5.35,42.1,32.1,34.5,64.0,81.8,3.1,Moderate,Urban,9416,Yes,April,Low
Bihar,Katihar,41.5,4.53,43.0,66.8,32.5,65.7,47.1,2.3,Good,Forest,168,Yes,April,Medium
Bihar,Muzaffarpur,26.8,4.47,49.1,82.7,31.9,74.7,84.4,1.38,Moderate,Wetland,505,Yes,April,Medium
Bihar,Supaul,36.7,4.79,75.1,56.2,31.5,59.1,49.7,0.84,Poor,Agricultural,913,Yes,April,Medium
Bihar,Katihar,18.0,4.78,52.0,57.3,32.2,54.4,81.3,2.53,Moderate,Agricultural,974,Yes,April,Low
Bihar,Purnia,48.3,5.0,40.3,55.0,35.0,50.4,63.5,0.47,Moderate,Agricultural,1086,No,April,Low
Bihar,Muzaffarpur,60.1,5.68,47.1,82.7,30.2,68.6,72.3,2.02,Good,Wetland,598,Yes,April,Medium
Bihar,Purnia,51.2,5.46,43.2,73.7,31.4,70.8,62.2,2.91,Good,Wetland,468,Yes,April,Medium
Bihar,Supaul,77.1,5.63,36.6,55.1,31.3,58.9,55.6,1.88,Moderate,Agricultural,896,Yes,April,Medium
Bihar,Darbhanga,26.3,4.29,37.3,81.6,31.5,71.1,87.1,1.83,Moderate,Wetland,477,Yes,April,Medium
Bihar,Muzaffarpur,13.6,4.31,50.7,45.6,34.6,52.7,54.4,1.63,Good,Agricultural,694,Yes,April,Low
Bihar,Katihar,9.5,4.35,48.1,51.4,30.6,55.7,42.8,2.53,Good,Agricultural,774,Yes,April,Low
Bihar,Katihar,39.0,4.99,35.0,56.5,31.6,64.7,59.2,0.91,Moderate,Agricultural,945,No,April,Low
Bihar,Supaul,30.9,5.1,45.8,54.8,29.5,70.8,89.2,0.1,Good,Forest,178,Yes,April,Low
Bihar,Muzaffarpur,29.5,4.34,45.5,29.0,30.5,53.9,79.6,2.56,Moderate,Urban,9575,No,April,Low
Bihar,Darbhanga,10.6,4.74,44.6,42.1,31.3,49.7,65.1,1.77,Moderate,Agricultural,672,Yes,April,Low
Bihar,Supaul,54.5,5.27,41.4,87.9,30.3,66.4,49.5,1.57,Moderate,Wetland,515,Yes,April,Medium
Bihar,Katihar,39.2,4.94,51.7,52.3,31.5,61.7,85.6,0.1,Moderate,Agricultural,406,Yes,April,Low
Bihar,Muzaffarpur,9.3,4.91,41.6,74.1,30.7,70.3,86.0,3.94,Poor,Wetland,471,Yes,April,Medium
Bihar,Muzaffarpur,22.3,4.91,47.0,48.0,33.0,64.4,66.5,0.16,Moderate,Agricultural,773,Yes,April,Low
Bihar,Katihar,47.8,4.9,43.2,60.5,31.2,56.2,67.5,0.74,Good,Agricultural,894,Yes,April,Medium
Bihar,Muzaffarpur,54.4,5.08,39.0,26.7,32.9,60.9,74.3,0.95,Good,Urban,6975,Yes,May,Low
Bihar,Darbhanga,27.0,5.13,39.8,50.0,33.1,62.4,86.6,1.03,Good,Agricultural,301,Yes,May,Low
Bihar,Supaul,42.2,4.47,66.1,55.4,31.4,50.1,55.5,0.72,Good,Agricultural,508,Yes,May,Medium
Bihar,Darbhanga,47.0,4.64,58.6,41.8,34.3,54.6,58.9,0.1,Poor,Urban,15041,Yes,May,Medium
Bihar,Muzaffarpur,14.8,4.9,69.3,27.1,33.6,53.1,77.3,2.63,Good,Urban,9471,Yes,May,Low
Bihar,Supaul,31.5,5.03,45.9,53.5,32.0,57.0,83.1,1.49,Moderate,Agricultural,765,Yes,May,Low
Bihar,Katihar,59.5,5.08,34.9,50.1,33.1,60.8,54.3,0.45,Poor,Agricultural,189,No,May,Low
Bihar,Darbhanga,68.5,5.16,34.2,77.3,31.2,57.3,78.9,2.93,Moderate,Wetland,514,Yes,May,Medium
Bihar,Katihar,34.1,4.9,45.6,48.2,30.0,49.7,51.0,2.14,Poor,Agricultural,148,Yes,May,Medium
Bihar,Purnia,20.6,5.04,50.7,55.4,33.6,58.4,69.9,2.05,Poor,Agricultural,931,Yes,May,Medium
Bihar,Purnia,48.7,4.97,45.2,29.6,35.7,49.1,47.8,0.17,Good,Urban,2466,Yes,May,Low
Bihar,Supaul,38.0,4.48,53.0,23.7,34.1,57.8,59.6,0.25,Moderate,Urban,9012,Yes,May,Low
Bihar,Muzaffarpur,8.3,4.5,50.9,47.3,33.1,45.4,50.3,0.93,Good,Agricultural,710,No,May,Low
Bihar,Darbhanga,33.2,4.55,44.6,44.1,37.7,57.9,74.0,2.48,Good,Agricultural,928,Yes,May,Low
Bihar,Purnia,0.0,4.34,38.0,45.2,31.4,63.8,85.5,1.82,Moderate,Agricultural,567,Yes,May,Low
Bihar,Darbhanga,12.8,4.45,42.2,50.9,34.6,55.4,55.9,3.09,Poor,Agricultural,525,Yes,May,Low
Bihar,Purnia,24.4,4.88,49.1,50.6,33.3,55.7,63.7,1.02,Good,Agricultural,1288,Yes,May,Low
Bihar,Purnia,35.7,4.82,55.3,76.6,35.4,66.9,45.6,0.74,Good,Wetland,283,Yes,May,Medium
Bihar,Katihar,38.3,4.49,40.2,57.4,32.5,52.4,47.9,3.3,Moderate,Agricultural,624,Yes,May,Low
Bihar,Purnia,37.2,5.33,35.0,47.4,34.9,58.1,40.8,0.36,Moderate,Agricultural,445,Yes,May,Low
Bihar,Supaul,38.5,4.81,52.6,46.5,32.8,59.5,85.8,1.67,Good,Agricultural,769,Yes,May,Low
Bihar,Muzaffarpur,47.3,5.03,55.5,28.7,33.4,58.6,80.1,1.25,Poor,Urban,15054,Yes,May,Medium
Bihar,Muzaffarpur,112.5,6.12,60.4,63.4,31.4,80.8,88.6,1.69,Poor,Agricultural,401,Yes,June,Medium
Bihar,Darbhanga,385.2,9.28,65.0,87.9,31.2,94.9,42.2,1.22,Moderate,Agricultural,838,Yes,June,Extreme
Bihar,Darbhanga,244.6,7.72,51.1,73.8,29.7,93.3,47.9,0.84,Moderate,Agricultural,686,Yes,June,High
Bihar,Purnia,307.1,8.33,56.7,74.0,27.9,90.0,73.6,0.25,Good,Agricultural,819,Yes,June,Extreme
Bihar,Muzaffarpur,183.2,7.69,54.2,90.7,29.2,96.2,84.6,2.55,Moderate,Wetland,261,Yes,June,High
Bihar,Katihar,296.8,8.57,51.0,60.3,30.5,85.1,70.6,1.82,Good,Agricultural,980,Yes,June,High
Bihar,Darbhanga,217.3,7.51,37.5,63.3,30.5,77.3,46.7,0.1,Good,Agricultural,612,Yes,June,High
Bihar,Darbhanga,196.2,6.8,60.2,48.1,29.7,85.8,86.6,2.01,Moderate,Urban,9170,Yes,June,Medium
Bihar,Katihar,195.2,7.61,54.6,62.5,33.1,89.1,70.6,1.1,Poor,Agricultural,669,Yes,June,High
Bihar,Purnia,194.8,7.09,68.5,68.7,29.4,94.6,88.4,2.33,Moderate,Agricultural,234,Yes,June,High
Bihar,Muzaffarpur,241.5,7.6,65.6,60.6,28.1,86.2,76.0,2.07,Poor,Agricultural,604,No,June,High
Bihar,Darbhanga,132.5,6.58,54.4,61.4,32.0,84.8,81.2,2.12,Good,Agricultural,670,Yes,June,Medium
Bihar,Darbhanga,51.1,5.58,51.0,56.0,29.7,86.0,84.4,1.53,Moderate,Agricultural,406,Yes,June,Medium
Bihar,Purnia,187.7,7.16,43.8,69.1,29.4,79.2,49.5,1.86,Good,Agricultural,782,Yes,June,High
Bihar,Katihar,321.9,8.28,88.2,64.9,31.0,91.4,63.5,1.22,Moderate,Agricultural,1629,No,June,High
Bihar,Supaul,164.5,7.15,70.4,58.0,33.1,81.9,49.7,1.98,Moderate,Agricultural,1049,Yes,June,High
Bihar,Muzaffarpur,90.3,5.87,52.8,55.0,30.5,93.0,74.2,2.05,Moderate,Agricultural,1257,Yes,June,Medium
Bihar,Supaul,188.2,7.21,47.6,89.4,31.1,90.7,40.9,2.57,Moderate,Wetland,544,Yes,June,High
Bihar,Muzaffarpur,235.1,7.25,45.1,59.0,27.8,89.9,64.3,0.61,Good,Agricultural,428,Yes,June,High
Bihar,Purnia,37.7,5.6,66.5,59.6,30.1,86.9,82.1,1.56,Poor,Agricultural,748,No,June,Low
Bihar,Muzaffarpur,242.9,7.88,63.5,68.5,30.5,98.3,62.9,1.22,Good,Agricultural,804,Yes,June,High
Bihar,Muzaffarpur,221.7,6.99,70.8,48.7,32.2,97.8,59.9,1.46,Poor,Urban,3031,Yes,June,High
Bihar,Supaul,155.1,7.29,69.0,45.3,28.8,75.8,59.9,2.15,Poor,Urban,5703,Yes,July,High
Bihar,Darbhanga,215.7,7.01,70.6,57.4,27.3,91.2,67.5,2.2,Moderate,Agricultural,418,No,July,Medium
Bihar,Supaul,305.0,8.89,88.9,79.0,27.7,82.4,46.0,1.99,Poor,Agricultural,520,Yes,July,Extreme
Bihar,Darbhanga,105.4,6.09,82.4,75.9,27.1,89.2,87.1,1.73,Good,Wetland,470,Yes,July,Medium
Bihar,Purnia,212.4,6.95,81.7,93.3,27.7,100.0,45.7,1.39,Moderate,Wetland,478,Yes,July,High
Bihar,Muzaffarpur,125.9,6.75,80.1,61.0,26.0,92.1,73.8,0.93,Poor,Agricultural,712,Yes,July,High
Bihar,Darbhanga,176.7,7.34,75.6,60.4,28.3,84.6,79.3,1.73,Poor,Agricultural,826,Yes,July,High
Bihar,Purnia,297.9,8.25,80.3,71.7,27.9,96.5,76.5,0.39,Moderate,Agricultural,592,Yes,July,Extreme
Bihar,Supaul,95.5,6.41,66.9,81.5,24.8,90.2,41.2,0.1,Poor,Wetland,272,Yes,July,Medium
Bihar,Darbhanga,214.9,7.44,77.5,47.4,27.4,88.2,76.1,1.3,Moderate,Urban,11231,Yes,July,High
Bihar,Muzaffarpur,306.4,8.67,64.4,59.8,30.1,100.0,84.1,3.04,Moderate,Urban,10442,Yes,July,Extreme
Bihar,Muzaffarpur,207.3,7.43,56.9,89.1,28.1,91.8,84.1,1.72,Moderate,Wetland,393,Yes,July,High
Bihar,Supaul,261.7,8.28,63.6,71.1,29.3,89.4,78.1,1.4,Moderate,Agricultural,607,Yes,July,High
Bihar,Muzaffarpur,207.2,7.53,69.2,65.6,30.2,79.1,80.3,0.36,Moderate,Agricultural,1010,Yes,July,High
Bihar,Katihar,245.7,7.5,64.6,86.1,29.1,91.9,77.1,1.98,Poor,Wetland,244,Yes,July,High
Bihar,Supaul,151.4,7.08,88.8,66.0,27.6,85.2,83.3,1.87,Poor,Agricultural,831,Yes,July,High
Bihar,Purnia,241.9,7.62,75.5,91.1,27.9,100.0,61.9,2.4,Moderate,Wetland,242,Yes,July,High
Bihar,Supaul,188.6,7.51,90.1,72.2,29.0,82.4,40.0,0.63,Moderate,Agricultural,835,Yes,July,High
Bihar,Supaul,335.5,9.05,62.3,98.0,28.3,100.0,67.0,1.24,Good,Wetland,115,Yes,July,Extreme
Bihar,Supaul,193.6,7.12,55.9,96.0,27.1,92.8,68.4,1.4,Moderate,Wetland,675,Yes,July,High
Bihar,Supaul,278.7,8.27,67.6,63.8,27.2,87.5,51.6,0.95,Moderate,Agricultural,1388,Yes,July,High
Bihar,Katihar,320.7,8.98,62.8,75.4,31.8,93.5,76.6,1.35,Moderate,Agricultural,494,Yes,July,Extreme
Bihar,Supaul,294.0,8.23,75.1,83.9,26.5,85.4,68.9,1.04,Good,Agricultural,1013,Yes,August,Extreme
Bihar,Purnia,44.2,5.98,81.5,49.7,28.0,75.8,61.8,0.37,Moderate,Agricultural,782,Yes,August,Medium
Bihar,Katihar,245.4,8.14,63.7,66.2,27.0,77.2,69.3,2.89,Moderate,Agricultural,399,No,August,High
Bihar,Supaul,264.1,7.61,71.2,74.9,28.2,92.8,85.7,0.73,Moderate,Agricultural,868,No,August,High
Bihar,Supaul,125.4,6.45,77.1,86.4,28.7,89.1,50.0,1.18,Moderate,Wetland,583,Yes,August,High
Bihar,Purnia,194.0,7.34,78.6,91.7,28.3,100.0,53.0,0.46,Moderate,Wetland,408,Yes,August,High
Bihar,Katihar,270.3,7.66,96.7,68.6,31.0,86.4,78.6,2.46,Moderate,Agricultural,1070,Yes,August,Extreme
Bihar,Darbhanga,301.4,8.16,82.2,81.7,25.6,90.9,52.3,1.26,Good,Agricultural,553,No,August,High
Bihar,Purnia,257.9,7.83,83.7,74.6,26.0,87.8,75.5,2.01,Moderate,Agricultural,1058,Yes,August,High
Bihar,Katihar,175.5,6.37,63.2,42.1,28.5,87.8,52.0,0.82,Poor,Urban,8391,Yes,August,Medium
Bihar,Darbhanga,192.8,6.47,67.8,63.9,28.1,87.1,74.2,3.6,Poor,Agricultural,709,Yes,August,Medium
Bihar,Muzaffarpur,116.4,6.52,83.0,53.0,27.1,80.1,71.3,1.88,Good,Agricultural,637,Yes,August,Medium
Bihar,Purnia,207.3,7.28,73.0,44.8,30.2,96.6,66.0,2.96,Poor,Urban,8627,Yes,August,High
Bihar,Darbhanga,275.2,7.51,60.7,69.7,28.2,86.2,55.3,2.74,Moderate,Agricultural,355,Yes,August,High
Bihar,Muzaffarpur,250.1,7.51,61.8,42.5,26.8,75.2,46.3,0.1,Good,Urban,4982,Yes,August,High
Bihar,Darbhanga,190.3,6.94,68.8,88.8,28.8,93.0,40.1,0.34,Good,Wetland,328,Yes,August,High
Bihar,Katihar,238.7,7.42,72.9,67.7,28.5,97.0,69.1,2.91,Good,Agricultural,890,Yes,August,High
Bihar,Supaul,203.6,7.36,81.0,68.5,27.7,84.3,80.2,0.83,Poor,Agricultural,557,Yes,August,High
Bihar,Muzaffarpur,109.7,6.31,90.1,83.0,29.0,97.0,67.4,0.47,Poor,Wetland,686,Yes,August,High
Bihar,Supaul,184.9,7.49,64.3,68.4,28.4,82.9,75.8,0.74,Moderate,Agricultural,641,Yes,August,High
Bihar,Muzaffarpur,124.4,6.85,91.5,64.8,28.6,96.8,43.5,1.57,Poor,Agricultural,143,Yes,August,High
Bihar,Katihar,88.2,6.13,82.7,44.5,27.2,89.2,44.7,1.58,Poor,Urban,6072,Yes,August,Medium
Bihar,Supaul,173.8,6.65,86.8,51.1,24.4,93.6,41.5,2.24,Moderate,Agricultural,885,Yes,September,High
Bihar,Purnia,209.0,7.11,83.0,55.7,26.2,85.5,71.0,2.85,Poor,Urban,8420,Yes,September,High
Bihar,Purnia,126.7,6.53,89.2,40.2,25.8,89.3,78.1,1.43,Poor,Urban,11932,No,September,Medium
Bihar,Purnia,302.7,8.06,86.7,82.6,25.6,84.4,69.0,1.11,Moderate,Agricultural,264,Yes,September,Extreme
Bihar,Muzaffarpur,342.3,8.96,73.5,83.7,23.7,96.5,78.3,2.34,Good,Agricultural,268,Yes,September,Extreme
Bihar,Supaul,222.4,7.49,67.8,63.1,26.5,89.3,42.4,2.96,Moderate,Agricultural,832,Yes,September,High
Bihar,Muzaffarpur,160.5,7.07,83.8,54.7,28.0,91.4,56.7,1.61,Poor,Agricultural,719,Yes,September,High
Bihar,Purnia,102.2,6.39,94.8,61.8,26.6,77.1,47.1,3.04,Moderate,Agricultural,790,No,September,Medium
Bihar,Supaul,270.5,7.17,76.8,67.9,25.7,90.3,83.7,2.82,Poor,Agricultural,743,Yes,September,High
Bihar,Supaul,231.6,7.45,91.0,70.1,28.1,88.8,70.4,2.05,Moderate,Agricultural,903,No,September,High
Bihar,Purnia,246.4,7.4,94.0,76.2,26.3,92.2,87.8,1.34,Moderate,Agricultural,352,Yes,September,High
Bihar,Purnia,42.5,4.85,90.5,77.4,25.4,85.7,60.3,1.75,Good,Wetland,658,Yes,September,Medium
Bihar,Muzaffarpur,90.7,6.36,89.1,40.2,26.3,84.9,88.5,1.52,Poor,Urban,9474,Yes,September,Medium
Bihar,Purnia,125.3,6.68,87.3,51.9,26.0,76.6,59.7,0.7,Moderate,Agricultural,573,Yes,September,Medium
Bihar,Supaul,142.6,6.41,79.2,57.5,27.0,82.3,80.2,1.68,Poor,Agricultural,454,Yes,September,Medium
Bihar,Supaul,314.8,8.97,100.0,71.5,29.2,90.3,75.7,1.53,Moderate,Agricultural,350,Yes,September,Extreme
Bihar,Katihar,107.7,5.91,100.0,29.9,26.5,91.7,89.1,0.73,Poor,Urban,9835,Yes,September,Medium
Bihar,Darbhanga,244.2,8.0,72.7,94.9,26.0,100.0,54.5,2.05,Poor,Wetland,684,Yes,September,Extreme
Bihar,Supaul,357.5,9.46,64.5,59.6,28.4,95.3,60.4,1.5,Moderate,Urban,10716,Yes,September,Extreme
Bihar,Darbhanga,206.5,7.25,94.0,82.1,26.4,82.5,67.9,2.06,Poor,Agricultural,521,Yes,September,High
Bihar,Darbhanga,133.8,6.61,92.3,68.1,28.9,89.9,84.1,3.31,Good,Forest,115,Yes,September,Medium
Bihar,Darbhanga,211.5,7.36,80.9,88.7,30.2,91.4,68.7,0.75,Good,Wetland,454,Yes,September,High
Bihar,Supaul,22.6,5.01,36.7,41.1,26.6,57.5,66.3,0.1,Moderate,Urban,8863,Yes,October,Low
Bihar,Purnia,29.0,4.48,51.4,79.3,25.0,52.1,65.5,0.47,Moderate,Wetland,290,Yes,October,Medium
Bihar,Darbhanga,62.3,5.35,52.6,80.0,26.6,69.5,49.8,0.29,Moderate,Wetland,312,Yes,October,Medium
Bihar,Katihar,24.1,4.5,36.7,81.5,25.6,63.0,82.3,1.49,Poor,Wetland,297,Yes,October,Medium
Bihar,Katihar,56.9,4.95,35.8,52.3,25.6,56.2,40.8,1.18,Moderate,Agricultural,703,Yes,October,Medium
Bihar,Darbhanga,61.0,4.04,45.8,44.5,25.5,65.0,47.3,1.83,Good,Agricultural,486,Yes,October,Low
Bihar,Muzaffarpur,37.1,4.77,40.0,31.8,26.5,49.6,63.0,0.75,Poor,Urban,10254,Yes,October,Medium
Bihar,Muzaffarpur,37.4,5.38,38.5,53.1,24.7,61.8,69.2,1.73,Good,Agricultural,597,Yes,October,Low
Bihar,Supaul,35.8,4.67,33.3,32.9,28.2,49.4,89.7,1.39,Poor,Urban,6151,Yes,October,Medium
Bihar,Supaul,45.2,5.45,25.5,77.4,24.6,68.6,58.7,0.12,Poor,Wetland,649,Yes,October,Medium
Bihar,Katihar,0.0,4.09,41.0,43.9,25.8,67.7,54.9,0.1,Good,Agricultural,565,Yes,October,Low
Bihar,Supaul,32.9,5.11,65.9,62.9,26.2,65.9,50.8,0.65,Good,Forest,20,Yes,October,Medium
Bihar,Muzaffarpur,57.7,5.24,48.1,74.2,25.6,68.2,46.2,0.89,Poor,Wetland,770,No,October,Low
Bihar,Purnia,39.9,4.81,25.7,52.3,26.1,58.6,83.2,0.1,Good,Agricultural,533,Yes,October,Low
Bihar,Katihar,36.1,4.76,38.7,27.3,26.1,56.9,71.9,2.16,Poor,Urban,10797,Yes,October,Medium
Bihar,Purnia,0.0,4.05,38.3,56.8,27.2,59.4,58.6,0.7,Moderate,Agricultural,1155,Yes,October,Low
Bihar,Muzaffarpur,4.8,4.71,39.0,44.9,25.7,59.5,65.7,1.02,Moderate,Agricultural,262,Yes,October,Low
Bihar,Purnia,0.7,4.24,30.9,49.0,25.5,48.7,45.2,2.38,Poor,Agricultural,1026,Yes,October,Low
Bihar,Katihar,25.0,5.12,35.4,73.0,27.6,56.5,66.0,2.44,Poor,Wetland,107,Yes,October,Medium
Bihar,Supaul,16.9,4.85,45.9,48.6,25.7,58.5,55.8,1.6,Good,Agricultural,855,No,October,Low
Bihar,Supaul,46.9,5.23,37.4,36.7,26.9,54.7,86.5,1.61,Poor,Urban,3785,Yes,October,Medium
Bihar,Purnia,50.8,4.86,34.0,50.3,27.4,58.1,46.9,1.44,Moderate,Agricultural,298,Yes,October,Medium
Bihar,Supaul,27.2,5.0,56.9,22.8,20.9,52.3,75.8,1.81,Poor,Urban,7923,Yes,November,Medium
Bihar,Muzaffarpur,48.7,5.06,40.6,82.7,24.7,59.9,52.5,0.1,Moderate,Wetland,792,No,November,Low
Bihar,Purnia,51.3,4.79,27.6,35.1,21.2,46.6,73.0,0.12,Moderate,Urban,14100,Yes,November,Low
Bihar,Supaul,13.3,4.78,50.5,53.5,23.3,49.7,55.5,2.11,Moderate,Agricultural,468,No,November,Low
Bihar,Purnia,29.9,4.9,35.7,47.5,21.4,54.2,41.6,0.88,Good,Agricultural,788,Yes,November,Low
Bihar,Darbhanga,33.5,5.21,55.4,80.0,22.3,69.7,44.7,3.32,Moderate,Wetland,333,No,November,Low
Bihar,Supaul,45.0,4.73,43.1,57.0,19.0,60.9,79.8,0.1,Moderate,Agricultural,869,Yes,November,Medium
Bihar,Katihar,49.2,5.3,42.7,48.8,21.3,65.1,86.4,1.17,Good,Agricultural,693,Yes,November,Low
Bihar,Darbhanga,56.8,5.43,44.3,44.2,20.7,52.0,62.5,1.62,Poor,Urban,7743,Yes,November,Medium
Bihar,Muzaffarpur,57.4,5.36,37.5,57.5,20.5,59.7,79.3,1.58,Moderate,Agricultural,493,Yes,November,Medium
Bihar,Supaul,8.3,4.85,58.1,31.0,23.3,63.3,82.0,3.74,Good,Urban,7263,Yes,November,Low
Bihar,Muzaffarpur,22.3,4.73,27.6,28.9,22.3,52.0,52.6,2.01,Moderate,Urban,5117,Yes,November,Low
Bihar,Katihar,31.6,5.59,32.2,73.9,20.2,65.7,89.5,0.33,Moderate,Wetland,630,Yes,November,Medium
Bihar,Katihar,15.8,5.26,40.6,53.2,22.8,54.0,82.8,0.7,Good,Agricultural,794,No,November,Low
Bihar,Purnia,32.3,4.81,63.0,54.7,20.6,59.7,80.1,0.47,Poor,Agricultural,986,Yes,November,Medium
Bihar,Muzaffarpur,28.8,4.69,52.0,43.0,23.3,54.6,66.7,0.1,Moderate,Agricultural,721,Yes,November,Low
Bihar,Muzaffarpur,13.5,4.68,21.0,54.2,21.3,52.6,40.6,1.63,Good,Agricultural,776,Yes,November,Low
Bihar,Darbhanga,28.8,4.87,27.8,63.4,23.6,59.8,60.1,1.02,Good,Agricultural,624,Yes,November,Low
Bihar,Muzaffarpur,69.7,5.44,42.5,54.6,21.6,56.5,75.7,0.42,Moderate,Agricultural,818,Yes,November,Medium
Bihar,Katihar,47.0,5.07,39.7,30.8,24.6,48.2,62.3,1.21,Poor,Urban,11982,Yes,November,Medium
Bihar,Supaul,49.1,5.13,41.4,57.2,23.5,58.9,54.6,1.75,Poor,Agricultural,621,Yes,November,Medium
Bihar,Katihar,35.0,4.72,66.2,61.5,21.7,55.2,67.8,2.15,Moderate,Agricultural,677,Yes,November,Medium
Bihar,Muzaffarpur,19.0,4.72,54.2,59.0,13.9,59.0,76.0,2.49,Moderate,Agricultural,753,No,December,Low
Bihar,Katihar,19.2,4.57,34.4,74.4,16.8,65.9,51.3,1.23,Good,Wetland,314,Yes,December,Medium
Bihar,Darbhanga,32.7,4.7,32.0,21.7,15.6,50.7,75.2,0.16,Poor,Urban,11550,Yes,December,Medium
Bihar,Muzaffarpur,44.9,5.33,29.7,31.9,19.5,48.8,45.1,0.37,Poor,Urban,11917,Yes,December,Medium
Bihar,Supaul,29.8,4.48,45.2,48.6,15.3,54.5,73.0,2.44,Good,Agricultural,1144,Yes,December,Low
Bihar,Darbhanga,3.8,4.55,44.7,52.6,17.4,49.9,82.5,2.52,Moderate,Agricultural,528,Yes,December,Low
Bihar,Muzaffarpur,28.6,5.21,33.7,37.6,17.8,59.7,80.0,2.08,Poor,Urban,10797,Yes,December,Low
Bihar,Muzaffarpur,16.8,5.41,53.3,48.9,16.7,69.2,51.2,2.34,Moderate,Agricultural,848,Yes,December,Low
Bihar,Purnia,16.2,4.75,43.8,73.2,20.5,66.3,68.9,0.56,Poor,Wetland,405,Yes,December,Medium
Bihar,Supaul,42.9,5.02,58.0,49.2,15.2,56.1,81.8,1.98,Moderate,Agricultural,600,Yes,December,Medium
Bihar,Katihar,30.2,4.54,39.0,49.6,18.2,56.0,85.6,0.35,Moderate,Agricultural,887,Yes,December,Low
Bihar,Supaul,30.1,4.73,46.6,77.8,15.8,62.4,79.0,1.0,Moderate,Wetland,241,Yes,December,Medium
Bihar,Muzaffarpur,31.0,5.33,52.0,81.6,19.3,59.0,40.9,1.94,Moderate,Wetland,227,Yes,December,Medium
Bihar,Katihar,54.9,4.86,42.0,50.9,16.3,60.6,52.1,1.63,Good,Agricultural,331,Yes,December,Low
Bihar,Purnia,46.3,4.7,57.8,68.7,17.5,53.8,60.5,2.74,Poor,Agricultural,726,Yes,December,Medium
Bihar,Katihar,36.8,5.12,46.3,76.3,17.1,73.3,73.8,1.79,Moderate,Wetland,454,Yes,December,Medium
Bihar,Darbhanga,51.2,4.83,45.5,79.9,19.6,59.7,58.2,2.31,Moderate,Wetland,166,Yes,December,Medium
Bihar,Purnia,64.2,4.89,62.4,39.5,16.1,62.3,80.6,0.48,Poor,Urban,8317,Yes,December,Medium
Bihar,Darbhanga,69.3,5.3,44.5,61.3,19.0,47.2,60.0,2.34,Poor,Agricultural,637,Yes,December,Medium
Bihar,Purnia,19.7,4.46,38.2,75.8,16.7,55.1,76.0,2.99,Poor,Wetland,594,Yes,December,Medium
Bihar,Supaul,47.6,5.24,30.7,35.8,13.9,52.9,60.7,1.3,Moderate,Urban,10680,Yes,December,Low
Bihar,Muzaffarpur,34.5,4.51,44.0,56.6,17.3,54.2,55.2,1.53,Good,Agricultural,807,Yes,December,Low
Uttar Pradesh,Gorakhpur,22.0,4.64,65.0,30.3,15.2,60.6,145.1,0.69,Moderate,Urban,5452,Yes,January,Low
Uttar Pradesh,Varanasi,0.0,4.85,39.3,54.3,18.1,57.6,133.3,1.9,Moderate,Agricultural,1150,Yes,January,Low
Uttar Pradesh,Ballia,33.2,4.65,44.4,26.0,19.0,47.8,120.7,2.08,Good,Urban,8196,Yes,January,Low
Uttar Pradesh,Ballia,14.7,4.7,37.3,33.5,16.2,59.6,104.8,0.4,Poor,Urban,6763,No,January,Low
Uttar Pradesh,Ballia,36.7,4.81,52.7,37.0,17.1,45.8,144.2,1.13,Moderate,Urban,8279,Yes,January,Low
Uttar Pradesh,Gorakhpur,50.4,5.17,45.0,84.5,16.0,67.8,139.3,1.51,Good,Wetland,390,Yes,January,Medium
Uttar Pradesh,Varanasi,53.2,5.04,51.9,42.0,14.2,58.2,132.0,0.1,Moderate,Agricultural,823,Yes,January,Low
Uttar Pradesh,Varanasi,51.1,4.79,41.3,46.4,17.8,61.4,142.7,2.27,Moderate,Agricultural,686,Yes,January,Low
Uttar Pradesh,Bahraich,23.8,4.62,55.3,30.1,15.8,59.8,117.1,1.68,Poor,Urban,9134,Yes,January,Medium
Uttar Pradesh,Varanasi,18.1,4.51,66.8,76.8,17.0,71.5,90.2,2.31,Poor,Wetland,490,Yes,January,Medium
Uttar Pradesh,Gorakhpur,47.2,4.61,39.4,53.7,19.7,67.0,121.9,1.47,Poor,Agricultural,648,Yes,January,Medium
Uttar Pradesh,Varanasi,46.4,5.04,46.5,49.8,12.2,48.2,109.2,1.77,Poor,Agricultural,108,Yes,January,Medium
Uttar Pradesh,Ballia,0.0,4.33,26.9,45.2,17.3,49.3,111.5,0.8,Moderate,Agricultural,1278,Yes,January,Low
Uttar Pradesh,Bahraich,58.2,5.26,42.1,48.4,17.1,67.0,71.7,1.72,Poor,Agricultural,444,Yes,January,Medium
Uttar Pradesh,Varanasi,24.4,4.49,35.9,49.7,17.6,54.4,83.4,1.68,Good,Agricultural,732,Yes,January,Low
Uttar Pradesh,Ballia,54.9,4.78,35.1,56.2,18.7,61.9,107.8,3.11,Good,Agricultural,319,Yes,January,Low
Uttar Pradesh,Varanasi,42.2,5.35,38.0,39.2,17.1,49.0,113.7,0.36,Poor,Urban,6328,Yes,January,Medium
Uttar Pradesh,Varanasi,31.5,4.63,36.3,54.6,17.8,55.3,77.1,1.0,Moderate,Agricultural,1061,Yes,January,Low
Uttar Pradesh,Bahraich,81.5,5.26,40.5,62.1,16.0,56.9,100.0,0.49,Moderate,Agricultural,630,Yes,January,Medium
Uttar Pradesh,Varanasi,11.4,4.69,59.8,54.9,18.3,52.0,92.3,1.29,Moderate,Agricultural,1246,Yes,January,Low
Uttar Pradesh,Gorakhpur,40.6,5.48,29.7,77.8,16.5,58.9,114.2,1.45,Poor,Wetland,586,Yes,January,Medium
Uttar Pradesh,Varanasi,38.2,4.69,29.2,84.5,16.8,64.6,148.0,1.95,Good,Wetland,166,Yes,January,Medium
Uttar Pradesh,Ballia,29.9,5.2,36.9,76.2,19.4,71.6,141.0,3.1,Good,Wetland,399,No,February,Low
Uttar Pradesh,Varanasi,40.9,4.78,46.5,49.4,23.2,54.2,97.7,0.69,Good,Agricultural,826,Yes,February,Low
Uttar Pradesh,Bahraich,79.1,5.37,15.0,62.8,19.8,54.1,82.7,3.23,Moderate,Agricultural,821,Yes,February,Medium
Uttar Pradesh,Bahraich,49.8,5.1,31.4,56.9,23.6,65.0,92.0,1.36,Poor,Agricultural,419,Yes,February,Medium
Uttar Pradesh,Bahraich,29.9,4.89,47.3,49.1,20.4,46.8,99.1,0.1,Good,Agricultural,1017,Yes,February,Low
Uttar Pradesh,Bahraich,15.3,4.85,41.4,47.9,19.6,54.1,116.5,0.29,Moderate,Agricultural,690,Yes,February,Low
Uttar Pradesh,Bahraich,0.0,4.19,46.1,82.1,20.7,61.5,134.5,0.1,Good,Wetland,320,Yes,February,Medium
Uttar Pradesh,Gorakhpur,20.0,4.48,43.4,78.6,20.9,67.9,112.7,2.8,Poor,Wetland,785,Yes,February,Medium
Uttar Pradesh,Varanasi,55.5,4.9,29.8,43.6,20.6,51.7,91.9,0.87,Good,Agricultural,673,Yes,February,Low
Uttar Pradesh,Ballia,78.8,5.38,51.2,65.1,19.9,76.4,139.2,1.05,Moderate,Forest,84,Yes,February,Medium
Uttar Pradesh,Gorakhpur,22.2,4.66,36.0,65.3,20.6,56.7,129.0,2.05,Moderate,Agricultural,577,Yes,February,Medium
Uttar Pradesh,Ballia,11.2,4.72,36.3,41.6,21.7,56.1,70.7,1.51,Moderate,Agricultural,1147,Yes,February,Low
Uttar Pradesh,Ballia,25.5,5.02,52.2,30.8,20.3,55.0,142.1,1.59,Good,Urban,8952,Yes,February,Low
Uttar Pradesh,Ballia,41.6,5.07,41.9,62.1,22.0,59.2,109.6,0.52,Moderate,Agricultural,503,No,February,Low
Uttar Pradesh,Varanasi,52.6,5.17,50.7,56.3,18.7,48.8,81.2,2.28,Good,Agricultural,561,No,February,Low
Uttar Pradesh,Varanasi,4.8,4.07,36.6,88.8,19.7,56.9,119.4,0.7,Poor,Wetland,535,Yes,February,Medium
Uttar Pradesh,Bahraich,44.9,4.49,44.4,38.6,20.9,62.3,75.9,2.13,Poor,Urban,8492,Yes,February,Medium
Uttar Pradesh,Ballia,0.9,4.54,62.6,68.7,21.7,59.8,75.6,0.1,Moderate,Wetland,370,Yes,February,Medium
Uttar Pradesh,Bahraich,23.0,4.48,51.1,51.8,19.7,46.6,105.2,2.31,Good,Agricultural,764,Yes,February,Low
Uttar Pradesh,Ballia,31.6,4.78,44.0,58.6,19.1,49.6,77.5,2.62,Good,Agricultural,820,Yes,February,Low
Uttar Pradesh,Gorakhpur,50.6,4.7,45.5,26.3,19.2,45.9,101.6,1.96,Moderate,Urban,5686,Yes,February,Low
Uttar Pradesh,Varanasi,63.0,5.62,44.1,63.1,18.3,55.9,73.6,1.64,Moderate,Agricultural,816,Yes,February,Medium
Uttar Pradesh,Ballia,74.7,5.52,49.2,51.3,26.2,57.7,97.1,3.13,Good,Agricultural,905,Yes,March,Low
Uttar Pradesh,Ballia,70.7,5.72,44.8,60.3,24.3,56.3,134.5,0.28,Good,Agricultural,681,Yes,March,Medium
Uttar Pradesh,Ballia,58.0,4.93,55.3,52.2,23.8,51.7,97.3,1.18,Poor,Agricultural,1003,Yes,March,Medium
Uttar Pradesh,Ballia,6.1,4.35,55.9,45.4,26.8,59.8,127.8,2.73,Moderate,Agricultural,390,Yes,March,Low
Uttar Pradesh,Gorakhpur,36.6,5.24,40.6,51.5,26.4,58.6,110.5,1.81,Moderate,Agricultural,1050,Yes,March,Low
Uttar Pradesh,Ballia,33.3,5.21,56.9,66.6,26.5,57.3,78.4,1.08,Good,Forest,194,Yes,March,Medium
Uttar Pradesh,Bahraich,19.9,4.62,36.3,59.7,22.8,67.8,130.3,1.67,Poor,Forest,129,Yes,March,Medium
Uttar Pradesh,Bahraich,46.1,5.13,44.0,43.2,28.3,63.9,86.8,2.03,Moderate,Agricultural,904,Yes,March,Low
Uttar Pradesh,Ballia,26.3,5.09,34.3,53.9,26.7,46.0,80.2,2.85,Moderate,Agricultural,1037,Yes,March,Low
Uttar Pradesh,Gorakhpur,0.0,4.4,41.4,44.9,24.9,51.5,119.6,1.56,Good,Agricultural,501,Yes,March,Low
Uttar Pradesh,Varanasi,45.9,4.85,62.1,25.0,27.3,53.1,99.7,0.17,Good,Urban,8134,Yes,March,Low
Uttar Pradesh,Varanasi,11.6,4.48,55.5,24.6,25.1,53.8,113.8,0.35,Good,Urban,10452,No,March,Low
Uttar Pradesh,Varanasi,39.9,4.59,34.1,56.1,28.2,60.5,89.7,2.21,Good,Agricultural,610,Yes,March,Low
Uttar Pradesh,Bahraich,47.8,4.77,28.9,80.0,24.8,62.0,90.3,2.04,Good,Wetland,612,Yes,March,Medium
Uttar Pradesh,Varanasi,60.5,5.89,47.6,49.8,27.4,58.7,145.9,0.38,Poor,Agricultural,1311,Yes,March,Medium
Uttar Pradesh,Varanasi,39.0,4.75,47.1,77.6,28.3,65.8,77.5,3.38,Poor,Wetland,399,Yes,March,Medium
Uttar Pradesh,Bahraich,69.9,5.44,47.0,57.9,24.4,48.8,73.2,1.87,Good,Agricultural,1027,Yes,March,Medium
Uttar Pradesh,Ballia,51.4,4.69,51.4,55.7,24.1,63.7,98.6,1.23,Moderate,Agricultural,611,Yes,March,Medium
Uttar Pradesh,Varanasi,13.6,4.18,59.7,55.1,29.3,52.0,114.8,1.4,Good,Agricultural,114,Yes,March,Low
Uttar Pradesh,Varanasi,45.8,4.95,40.9,70.6,24.8,66.8,71.9,2.45,Good,Forest,196,Yes,March,Medium
Uttar Pradesh,Bahraich,36.0,5.12,41.2,85.8,27.5,68.8,99.7,0.38,Poor,Wetland,556,Yes,March,Medium
Uttar Pradesh,Ballia,11.2,4.33,23.8,57.0,25.6,54.3,79.7,1.22,Moderate,Agricultural,481,Yes,March,Low
Uttar Pradesh,Varanasi,3.2,4.93,56.9,48.8,33.3,61.0,84.4,0.68,Good,Agricultural,849,Yes,April,Low
Uttar Pradesh,Gorakhpur,0.0,4.55,39.0,46.9,29.6,46.3,114.9,2.76,Moderate,Agricultural,416,Yes,April,Low
Uttar Pradesh,Bahraich,42.6,5.36,47.7,50.3,30.6,54.0,118.6,0.56,Moderate,Agricultural,920,No,April,Low
Uttar Pradesh,Bahraich,0.0,4.85,49.4,29.9,31.1,52.4,90.5,2.33,Good,Urban,11155,Yes,April,Low
Uttar Pradesh,Varanasi,31.7,5.08,62.1,29.4,32.0,62.4,105.2,1.78,Poor,Urban,6458,Yes,April,Medium
Uttar Pradesh,Varanasi,36.6,4.89,41.0,72.4,32.4,65.7,95.4,1.81,Poor,Wetland,481,Yes,April,Medium
Uttar Pradesh,Varanasi,29.0,4.97,35.6,72.0,31.6,69.5,128.1,0.82,Moderate,Wetland,279,Yes,April,Medium
Uttar Pradesh,Varanasi,15.4,4.8,36.8,28.8,31.4,56.8,119.0,1.33,Moderate,Urban,4410,Yes,April,Low
Uttar Pradesh,Gorakhpur,42.6,4.7,41.7,46.4,30.9,57.3,79.3,1.52,Moderate,Agricultural,888,Yes,April,Low
Uttar Pradesh,Gorakhpur,79.8,5.5,48.8,51.7,31.7,62.0,131.3,0.39,Moderate,Agricultural,876,Yes,April,Medium
Uttar Pradesh,Ballia,29.4,5.13,33.4,50.7,30.9,54.5,99.1,1.2,Good,Agricultural,1088,Yes,April,Low
Uttar Pradesh,Varanasi,39.6,5.1,37.6,25.3,32.0,58.3,81.1,0.1,Poor,Urban,8679,Yes,April,Medium
Uttar Pradesh,Varanasi,4.2,4.49,41.7,23.6,31.0,46.1,125.1,1.48,Moderate,Urban,9305,Yes,April,Low
Uttar Pradesh,Varanasi,51.0,4.93,28.1,40.2,31.1,58.6,74.3,2.52,Good,Urban,11988,Yes,April,Low
Uttar Pradesh,Ballia,1.0,4.29,43.1,33.4,33.1,55.6,126.3,0.72,Moderate,Urban,8209,Yes,April,Low
Uttar Pradesh,Gorakhpur,35.9,5.14,47.9,51.2,30.0,60.4,146.8,3.57,Moderate,Agricultural,1203,Yes,April,Low
Uttar Pradesh,Ballia,29.6,4.84,46.7,52.3,31.1,55.4,94.6,0.1,Moderate,Agricultural,669,Yes,April,Low
Uttar Pradesh,Bahraich,19.2,5.06,41.5,44.1,31.7,50.8,102.6,1.69,Good,Agricultural,537,No,April,Low
Uttar Pradesh,Ballia,13.7,4.14,43.9,39.2,31.7,62.7,103.3,0.85,Poor,Urban,9206,Yes,April,Low
Uttar Pradesh,Ballia,49.9,4.79,42.0,46.1,31.6,55.7,70.3,2.1,Poor,Urban,5472,Yes,April,Medium
Uttar Pradesh,Gorakhpur,43.8,5.22,46.2,30.0,33.9,59.2,137.1,2.56,Poor,Urban,8029,Yes,April,Medium
Uttar Pradesh,Bahraich,49.6,4.47,41.4,87.7,31.9,74.6,137.4,1.28,Poor,Wetland,425,Yes,April,Medium
Uttar Pradesh,Gorakhpur,4.5,4.39,43.1,35.6,32.1,55.1,70.3,0.68,Poor,Urban,11809,Yes,May,Low
Uttar Pradesh,Gorakhpur,20.8,4.75,51.2,49.5,33.4,56.1,98.4,3.21,Moderate,Agricultural,345,Yes,May,Low
Uttar Pradesh,Gorakhpur,29.2,5.02,52.0,30.5,34.4,50.2,80.5,2.6,Moderate,Urban,7867,Yes,May,Low
Uttar Pradesh,Gorakhpur,25.8,4.83,46.9,26.0,32.2,51.6,144.3,0.1,Moderate,Urban,5787,Yes,May,Low
Uttar Pradesh,Ballia,33.2,5.34,35.6,23.7,32.7,59.8,127.3,2.96,Good,Urban,4428,Yes,May,Low
Uttar Pradesh,Bahraich,34.3,4.85,42.2,47.9,32.1,59.3,100.5,1.5,Moderate,Agricultural,1153,Yes,May,Low
Uttar Pradesh,Varanasi,47.5,5.2,54.7,24.5,32.2,54.5,71.7,1.79,Moderate,Urban,8434,Yes,May,Low
Uttar Pradesh,Ballia,38.6,5.1,37.3,54.8,32.8,64.6,77.8,1.12,Good,Agricultural,451,No,May,Low
Uttar Pradesh,Gorakhpur,34.7,4.54,42.0,49.1,34.6,57.6,146.0,1.85,Moderate,Agricultural,301,Yes,May,Low
Uttar Pradesh,Gorakhpur,31.7,4.66,49.9,33.9,35.3,56.0,91.2,0.4,Moderate,Urban,13936,Yes,May,Low
Uttar Pradesh,Gorakhpur,14.8,4.3,26.9,56.3,32.8,64.0,83.2,2.64,Good,Forest,166,Yes,May,Low
Uttar Pradesh,Varanasi,0.0,4.26,45.3,26.1,36.3,58.0,123.0,1.82,Good,Urban,9057,Yes,May,Low
Uttar Pradesh,Gorakhpur,43.4,5.22,50.3,69.8,30.7,75.8,123.3,2.6,Moderate,Wetland,183,Yes,May,Medium
Uttar Pradesh,Ballia,44.0,4.66,35.4,83.1,37.3,71.4,82.8,2.56,Good,Wetland,711,Yes,May,Medium
Uttar Pradesh,Gorakhpur,49.3,4.79,50.0,78.0,32.3,71.0,133.2,2.01,Moderate,Wetland,408,Yes,May,Medium
Uttar Pradesh,Ballia,35.4,4.98,54.2,34.1,32.1,60.8,104.8,0.1,Poor,Urban,12999,No,May,Low
Uttar Pradesh,Bahraich,14.9,4.71,23.4,33.7,33.1,54.6,142.8,0.1,Moderate,Urban,5994,No,May,Low
Uttar Pradesh,Ballia,14.2,4.34,44.2,30.8,34.0,47.1,121.6,2.62,Good,Urban,6858,Yes,May,Low
Uttar Pradesh,Bahraich,41.3,5.13,61.9,30.0,33.0,56.2,108.2,1.67,Moderate,Urban,11105,Yes,May,Medium
Uttar Pradesh,Bahraich,47.8,5.1,40.2,55.4,34.9,60.4,111.4,2.08,Moderate,Agricultural,1253,Yes,May,Medium
Uttar Pradesh,Gorakhpur,34.3,4.59,50.6,30.8,33.9,47.6,96.7,2.38,Moderate,Urban,10550,No,May,Low
Uttar Pradesh,Varanasi,47.4,4.98,44.3,80.1,35.5,61.6,103.8,3.59,Good,Wetland,387,Yes,May,Medium
Uttar Pradesh,Gorakhpur,198.7,7.55,59.4,70.8,29.1,87.0,70.3,2.93,Poor,Agricultural,460,No,June,High
Uttar Pradesh,Gorakhpur,261.8,8.18,61.0,98.0,30.7,100.0,79.2,1.18,Moderate,Wetland,532,No,June,High
Uttar Pradesh,Ballia,310.4,7.85,53.2,98.0,30.3,90.5,105.8,2.7,Moderate,Wetland,474,No,June,High
Uttar Pradesh,Bahraich,228.3,7.35,54.2,98.0,31.1,92.1,149.5,2.24,Moderate,Wetland,639,Yes,June,High
Uttar Pradesh,Ballia,306.4,8.38,49.7,98.0,32.9,100.0,133.4,1.38,Good,Wetland,616,Yes,June,Extreme
Uttar Pradesh,Varanasi,138.6,6.83,59.5,96.1,29.5,100.0,72.6,3.64,Moderate,Wetland,429,Yes,June,High
Uttar Pradesh,Gorakhpur,145.4,6.41,48.1,64.3,28.6,93.5,129.4,0.86,Good,Agricultural,836,Yes,June,Medium
Uttar Pradesh,Bahraich,89.3,6.23,63.1,55.2,32.4,81.1,137.0,2.2,Moderate,Agricultural,796,Yes,June,Medium
Uttar Pradesh,Varanasi,369.6,8.82,50.6,76.1,31.2,99.3,97.8,1.97,Poor,Agricultural,404,Yes,June,Extreme
Uttar Pradesh,Gorakhpur,183.4,7.27,68.5,87.3,31.3,100.0,95.9,1.6,Moderate,Wetland,567,Yes,June,High
Uttar Pradesh,Ballia,290.5,7.73,64.1,98.0,30.1,100.0,99.2,1.15,Poor,Wetland,340,Yes,June,Extreme
Uttar Pradesh,Gorakhpur,278.0,8.39,64.8,70.2,29.4,93.3,74.3,1.46,Good,Agricultural,851,No,June,High
Uttar Pradesh,Gorakhpur,82.2,6.28,65.9,50.1,28.7,92.9,148.7,3.5,Good,Agricultural,611,Yes,June,Medium
Uttar Pradesh,Varanasi,111.5,5.65,38.0,53.1,29.5,81.3,84.1,1.3,Good,Agricultural,578,Yes,June,Medium
Uttar Pradesh,Bahraich,288.6,8.38,61.9,61.6,32.4,100.0,95.2,2.95,Moderate,Urban,7529,Yes,June,Extreme
Uttar Pradesh,Ballia,202.1,7.53,79.1,69.0,31.8,80.8,145.6,2.11,Good,Agricultural,1096,Yes,June,High
Uttar Pradesh,Ballia,207.7,7.25,61.6,67.2,33.9,85.8,141.3,1.27,Moderate,Agricultural,737,No,June,Medium
Uttar Pradesh,Ballia,105.8,6.13,67.4,55.4,27.2,79.0,71.0,0.1,Moderate,Agricultural,617,Yes,June,Medium
Uttar Pradesh,Gorakhpur,217.2,7.42,52.5,66.6,30.8,82.6,133.5,0.35,Moderate,Agricultural,574,Yes,June,High
Uttar Pradesh,Gorakhpur,235.5,7.57,62.1,57.2,30.2,87.3,108.7,2.97,Good,Agricultural,1129,Yes,June,High
Uttar Pradesh,Bahraich,229.7,7.46,46.6,44.7,28.2,83.4,101.7,1.7,Poor,Urban,9976,Yes,June,High
Uttar Pradesh,Ballia,214.4,7.32,56.0,94.7,31.4,94.2,113.3,1.88,Moderate,Wetland,504,Yes,June,High
Uttar Pradesh,Varanasi,100.5,5.99,76.2,60.1,29.6,85.2,81.4,1.67,Good,Agricultural,356,Yes,July,Medium
Uttar Pradesh,Gorakhpur,183.7,7.32,95.9,43.9,27.3,79.2,95.5,0.1,Moderate,Urban,7167,Yes,July,High
Uttar Pradesh,Gorakhpur,210.2,7.28,75.3,45.7,25.9,84.7,135.3,1.32,Poor,Urban,4398,No,July,Medium
Uttar Pradesh,Ballia,164.3,6.75,82.4,94.4,26.1,92.4,106.3,0.9,Poor,Wetland,50,Yes,July,High
Uttar Pradesh,Ballia,179.8,6.95,70.7,66.2,26.4,79.5,129.1,2.09,Poor,Agricultural,515,Yes,July,High
Uttar Pradesh,Varanasi,227.3,7.19,57.1,85.7,27.2,89.1,76.4,0.19,Moderate,Wetland,515,No,July,High
Uttar Pradesh,Gorakhpur,240.1,7.96,65.7,94.8,25.7,100.0,70.1,2.04,Poor,Wetland,383,Yes,July,Extreme
Uttar Pradesh,Varanasi,131.7,6.6,75.5,82.5,24.6,92.9,133.9,0.1,Moderate,Wetland,644,Yes,July,High
Uttar Pradesh,Gorakhpur,225.3,7.79,60.8,97.8,28.4,100.0,100.9,1.62,Good,Wetland,459,Yes,July,High
Uttar Pradesh,Gorakhpur,142.2,6.66,59.1,60.8,26.0,91.9,137.4,2.54,Poor,Agricultural,823,Yes,July,Medium
Uttar Pradesh,Varanasi,156.9,6.73,85.5,77.8,23.8,92.2,108.1,1.3,Poor,Wetland,495,No,July,Medium
Uttar Pradesh,Gorakhpur,142.7,7.01,68.9,91.2,29.3,91.8,115.2,3.13,Good,Wetland,407,Yes,July,High
Uttar Pradesh,Bahraich,214.4,7.17,58.9,96.4,26.5,100.0,103.0,2.61,Good,Wetland,388,No,July,High
Uttar Pradesh,Bahraich,141.0,6.66,69.9,38.9,25.0,83.8,127.5,2.52,Moderate,Urban,11264,Yes,July,Medium
Uttar Pradesh,Ballia,222.2,7.21,66.5,46.5,25.9,91.5,131.1,2.42,Poor,Urban,11554,Yes,July,High
Uttar Pradesh,Ballia,212.9,7.14,74.9,92.9,27.6,95.4,125.7,0.99,Poor,Wetland,648,Yes,July,High
Uttar Pradesh,Ballia,267.6,8.24,73.0,69.6,28.2,84.0,82.7,0.47,Moderate,Agricultural,960,Yes,July,Extreme
Uttar Pradesh,Bahraich,163.0,7.36,68.5,58.1,26.3,94.7,101.3,2.1,Moderate,Agricultural,846,Yes,July,High
Uttar Pradesh,Ballia,185.8,7.02,60.9,68.2,29.0,88.5,81.0,2.42,Poor,Agricultural,503,Yes,July,High
Uttar Pradesh,Gorakhpur,137.2,6.06,63.0,65.1,26.4,100.0,135.8,2.86,Moderate,Forest,106,Yes,July,Medium
Uttar Pradesh,Ballia,202.0,7.73,74.7,68.4,27.2,88.4,113.4,0.12,Moderate,Agricultural,847,No,July,High
Uttar Pradesh,Gorakhpur,247.9,7.51,53.4,65.7,23.3,85.2,129.5,1.97,Moderate,Agricultural,762,Yes,July,High
Uttar Pradesh,Gorakhpur,95.4,6.34,77.2,65.1,27.5,87.4,111.0,1.82,Good,Forest,66,Yes,August,Medium
Uttar Pradesh,Varanasi,176.7,7.45,55.3,64.5,28.1,87.9,111.8,1.23,Moderate,Agricultural,716,Yes,August,High
Uttar Pradesh,Ballia,178.0,6.58,76.8,70.1,26.3,97.2,134.0,0.84,Moderate,Agricultural,708,Yes,August,High
Uttar Pradesh,Gorakhpur,37.2,5.57,93.4,33.6,26.4,81.4,83.7,2.03,Poor,Urban,11637,Yes,August,Medium
Uttar Pradesh,Bahraich,226.7,7.93,65.8,68.7,27.7,98.1,94.9,0.66,Moderate,Agricultural,1023,Yes,August,High
Uttar Pradesh,Bahraich,249.6,7.68,80.9,59.7,28.7,79.8,96.1,2.11,Moderate,Urban,13258,Yes,August,High
Uttar Pradesh,Varanasi,210.7,7.14,72.9,69.6,26.1,77.0,104.3,3.77,Good,Agricultural,634,Yes,August,High
Uttar Pradesh,Bahraich,303.2,8.07,62.0,98.0,27.3,100.0,126.4,2.53,Poor,Wetland,555,Yes,August,Extreme
Uttar Pradesh,Bahraich,202.1,7.0,79.5,72.1,26.5,89.3,126.5,3.12,Moderate,Agricultural,300,Yes,August,High
Uttar Pradesh,Bahraich,210.4,7.76,84.4,67.0,26.7,92.8,143.7,1.31,Moderate,Agricultural,510,Yes,August,High
Uttar Pradesh,Ballia,251.4,7.73,83.6,73.0,27.4,82.0,147.9,2.84,Poor,Agricultural,1001,No,August,High
Uttar Pradesh,Ballia,286.5,8.33,83.5,96.9,25.1,93.8,90.4,2.36,Moderate,Wetland,218,Yes,August,Extreme
Uttar Pradesh,Gorakhpur,353.6,8.62,73.3,98.0,29.9,97.0,137.2,1.74,Good,Wetland,527,No,August,Extreme
Uttar Pradesh,Ballia,260.0,7.77,66.2,98.0,25.0,97.3,103.4,1.23,Poor,Wetland,407,Yes,August,Extreme
Uttar Pradesh,Gorakhpur,282.6,8.03,77.8,75.0,28.6,100.0,135.4,1.46,Good,Forest,70,Yes,August,High
Uttar Pradesh,Varanasi,261.8,7.96,72.3,98.0,28.0,94.9,80.2,2.19,Poor,Wetland,556,Yes,August,Extreme
Uttar Pradesh,Gorakhpur,118.2,6.83,70.9,56.8,28.4,96.8,104.9,2.0,Poor,Agricultural,592,Yes,August,Medium
Uttar Pradesh,Varanasi,158.8,6.85,74.4,61.4,28.8,90.3,115.9,2.68,Good,Agricultural,541,Yes,August,Medium
Uttar Pradesh,Ballia,155.8,6.69,79.3,40.2,26.0,89.6,127.3,0.26,Moderate,Urban,6845,Yes,August,Medium
Uttar Pradesh,Gorakhpur,369.6,9.09,89.9,67.9,30.2,94.9,122.8,2.27,Poor,Urban,6968,Yes,August,Extreme
Uttar Pradesh,Gorakhpur,147.0,6.65,76.2,35.4,26.4,90.1,144.8,1.62,Poor,Urban,6750,Yes,August,Medium
Uttar Pradesh,Gorakhpur,222.5,7.79,57.7,60.7,27.3,90.6,113.3,0.31,Moderate,Agricultural,571,Yes,August,High
Uttar Pradesh,Varanasi,287.5,7.79,79.8,79.1,25.9,94.2,132.7,1.02,Good,Agricultural,523,Yes,September,High
Uttar Pradesh,Ballia,192.0,7.73,75.2,66.7,26.4,78.1,112.3,0.45,Moderate,Agricultural,413,Yes,September,High
Uttar Pradesh,Bahraich,74.0,5.68,74.5,52.8,25.1,88.3,97.7,2.72,Poor,Agricultural,857,Yes,September,Medium
Uttar Pradesh,Bahraich,143.3,6.96,81.4,39.6,24.8,91.9,100.0,1.24,Moderate,Urban,10905,Yes,September,Medium
Uttar Pradesh,Ballia,139.4,6.61,73.1,66.2,26.4,90.1,98.0,1.69,Good,Forest,203,No,September,Medium
Uttar Pradesh,Varanasi,361.0,9.29,92.2,79.3,25.1,100.0,80.1,1.05,Moderate,Agricultural,987,Yes,September,Extreme
Uttar Pradesh,Ballia,209.3,7.14,73.8,69.4,28.1,97.1,94.9,3.04,Moderate,Forest,20,Yes,September,High
Uttar Pradesh,Ballia,125.1,5.9,88.8,57.3,29.0,86.1,144.7,0.69,Moderate,Agricultural,504,Yes,September,Medium
Uttar Pradesh,Gorakhpur,119.2,5.93,94.1,52.4,27.9,83.6,135.0,0.72,Good,Agricultural,972,Yes,September,Medium
Uttar Pradesh,Bahraich,230.3,8.18,87.9,73.7,25.6,92.7,140.1,2.8,Moderate,Agricultural,1109,No,September,High
Uttar Pradesh,Bahraich,223.6,7.1,77.8,68.5,25.5,76.4,122.7,0.66,Good,Agricultural,948,Yes,September,High
Uttar Pradesh,Ballia,184.1,7.27,93.8,65.8,28.8,76.4,126.2,1.26,Poor,Agricultural,422,Yes,September,High
Uttar Pradesh,Ballia,293.2,8.03,75.4,68.5,22.8,92.1,93.3,1.4,Good,Agricultural,851,Yes,September,High
Uttar Pradesh,Varanasi,135.7,6.74,97.4,44.1,28.3,84.3,70.3,0.1,Poor,Urban,7128,Yes,September,High
Uttar Pradesh,Gorakhpur,176.0,6.64,91.6,95.8,25.6,88.2,137.5,1.81,Moderate,Wetland,212,Yes,September,High
Uttar Pradesh,Bahraich,208.0,6.92,87.1,42.6,26.7,82.2,87.2,0.7,Poor,Urban,11057,Yes,September,High
Uttar Pradesh,Varanasi,150.5,7.14,98.3,58.1,26.6,88.8,83.1,0.89,Moderate,Agricultural,658,No,September,Medium
Uttar Pradesh,Ballia,380.0,9.2,88.3,98.0,25.7,100.0,147.5,2.5,Poor,Wetland,605,Yes,September,Extreme
Uttar Pradesh,Bahraich,288.3,8.22,81.1,70.3,25.8,96.0,87.3,2.09,Good,Agricultural,710,Yes,September,Extreme
Uttar Pradesh,Ballia,171.2,7.33,83.3,80.0,25.1,100.0,119.0,0.2,Moderate,Forest,53,No,September,Medium
Uttar Pradesh,Ballia,254.7,7.6,79.6,43.8,28.3,77.9,106.6,1.37,Good,Urban,4769,Yes,September,High
Uttar Pradesh,Ballia,138.2,6.78,80.6,68.0,26.2,77.8,149.2,0.81,Good,Agricultural,1027,Yes,September,Medium
Uttar Pradesh,Bahraich,60.1,5.52,49.6,58.2,20.7,64.9,125.1,2.29,Moderate,Agricultural,1071,Yes,October,Medium
Uttar Pradesh,Ballia,62.0,5.05,51.7,88.7,26.0,71.4,100.5,1.06,Moderate,Wetland,1015,Yes,October,Medium
Uttar Pradesh,Gorakhpur,29.8,4.67,45.5,54.7,25.9,55.2,106.3,1.7,Good,Agricultural,1143,No,October,Low
Uttar Pradesh,Varanasi,9.8,4.94,44.6,50.8,25.4,62.3,107.8,1.48,Moderate,Agricultural,221,No,October,Low
Uttar Pradesh,Varanasi,0.0,4.48,46.5,45.2,23.5,53.6,133.7,1.13,Good,Agricultural,534,Yes,October,Low
Uttar Pradesh,Ballia,40.7,4.85,55.3,46.4,24.5,52.4,127.7,1.76,Moderate,Agricultural,932,Yes,October,Low
Uttar Pradesh,Ballia,27.4,4.73,57.7,58.8,26.8,60.4,149.4,0.56,Moderate,Agricultural,493,Yes,October,Medium
Uttar Pradesh,Bahraich,50.8,5.44,44.8,32.5,23.9,56.5,92.6,2.64,Good,Urban,10957,Yes,October,Low
Uttar Pradesh,Varanasi,32.2,5.04,59.0,79.3,23.5,61.6,71.1,0.65,Good,Wetland,499,Yes,October,Medium
Uttar Pradesh,Bahraich,56.6,5.19,35.5,60.2,26.0,57.4,70.7,1.04,Moderate,Agricultural,625,Yes,October,Medium
Uttar Pradesh,Bahraich,16.5,4.52,29.9,54.1,25.1,55.2,122.2,3.05,Moderate,Agricultural,682,Yes,October,Low
Uttar Pradesh,Bahraich,20.3,5.29,51.6,53.0,24.8,55.4,87.7,1.68,Poor,Agricultural,626,Yes,October,Medium
Uttar Pradesh,Gorakhpur,36.4,5.21,28.3,49.0,26.5,62.3,140.8,0.86,Moderate,Agricultural,473,Yes,October,Low
Uttar Pradesh,Ballia,55.5,4.63,46.6,50.1,23.9,57.0,103.0,0.36,Good,Agricultural,893,Yes,October,Low
Uttar Pradesh,Gorakhpur,47.7,4.7,51.1,56.3,26.5,64.7,114.2,1.15,Good,Agricultural,834,Yes,October,Low
Uttar Pradesh,Ballia,60.0,5.72,46.7,48.4,26.1,57.3,73.9,0.52,Good,Agricultural,1053,Yes,October,Low
Uttar Pradesh,Ballia,38.7,4.58,27.5,38.9,23.3,58.5,148.4,2.61,Poor,Urban,11266,Yes,October,Medium
Uttar Pradesh,Gorakhpur,20.3,5.1,52.9,46.3,24.3,53.1,138.1,1.75,Good,Agricultural,512,Yes,October,Low
Uttar Pradesh,Bahraich,46.1,4.5,52.6,66.5,23.0,67.0,131.0,3.05,Good,Forest,183,Yes,October,Low
Uttar Pradesh,Varanasi,9.7,4.5,47.3,51.7,27.0,59.8,125.3,1.98,Poor,Agricultural,441,Yes,October,Low
Uttar Pradesh,Varanasi,53.8,4.97,53.1,53.7,24.9,67.6,130.0,2.94,Moderate,Agricultural,816,Yes,October,Medium
Uttar Pradesh,Gorakhpur,20.1,5.25,62.3,63.1,28.1,70.7,84.1,3.82,Good,Forest,50,Yes,October,Low
Uttar Pradesh,Ballia,60.4,5.05,42.0,82.3,22.4,54.5,93.1,1.88,Moderate,Wetland,405,Yes,November,Medium
Uttar Pradesh,Varanasi,14.1,4.66,41.4,52.1,21.2,54.8,81.7,2.47,Moderate,Agricultural,735,Yes,November,Low
Uttar Pradesh,Gorakhpur,39.6,4.49,40.0,28.0,19.8,57.5,120.6,2.18,Poor,Urban,3375,Yes,November,Medium
Uttar Pradesh,Bahraich,8.2,4.02,50.3,60.1,21.4,45.3,147.6,0.12,Moderate,Agricultural,569,Yes,November,Low
Uttar Pradesh,Varanasi,3.5,4.66,48.6,56.1,19.7,48.4,92.6,1.56,Moderate,Agricultural,1137,Yes,November,Low
Uttar Pradesh,Ballia,12.2,4.19,42.9,41.9,21.7,53.1,89.9,1.82,Good,Agricultural,586,No,November,Low
Uttar Pradesh,Bahraich,41.7,5.5,56.4,63.0,21.2,65.8,93.1,2.39,Moderate,Wetland,385,No,November,Low
Uttar Pradesh,Varanasi,45.2,5.35,57.3,86.6,19.6,68.6,141.8,1.34,Moderate,Wetland,708,Yes,November,Medium
Uttar Pradesh,Varanasi,29.4,4.63,41.5,81.7,19.6,75.3,106.7,1.48,Moderate,Wetland,635,No,November,Low
Uttar Pradesh,Ballia,85.0,5.02,37.3,51.5,21.4,62.8,115.2,1.85,Moderate,Agricultural,1074,Yes,November,Medium
Uttar Pradesh,Ballia,16.1,4.87,45.8,42.5,20.8,61.2,141.1,1.15,Good,Agricultural,1089,Yes,November,Low
Uttar Pradesh,Gorakhpur,33.1,4.88,54.2,79.4,20.9,63.8,98.7,1.46,Poor,Wetland,561,Yes,November,Medium
Uttar Pradesh,Ballia,34.0,4.45,48.2,39.7,20.3,65.9,125.1,1.05,Moderate,Urban,9600,Yes,November,Low
Uttar Pradesh,Varanasi,19.9,4.37,40.4,61.1,21.6,55.2,131.9,0.95,Moderate,Agricultural,397,No,November,Low
Uttar Pradesh,Varanasi,24.5,4.59,37.4,48.4,22.4,60.4,105.0,2.68,Moderate,Agricultural,169,Yes,November,Low
Uttar Pradesh,Gorakhpur,25.6,4.65,61.3,31.1,23.7,60.6,73.0,1.48,Moderate,Urban,10835,Yes,November,Low
Uttar Pradesh,Bahraich,25.2,4.43,43.7,46.7,21.9,55.6,77.5,2.29,Moderate,Agricultural,886,Yes,November,Low
Uttar Pradesh,Bahraich,34.6,5.04,43.8,34.9,20.7,56.7,96.8,1.33,Poor,Urban,7473,Yes,November,Medium
Uttar Pradesh,Gorakhpur,40.3,4.84,48.9,80.5,21.7,62.7,94.3,4.88,Poor,Wetland,347,Yes,November,Medium
Uttar Pradesh,Gorakhpur,35.6,4.95,39.6,54.2,20.0,56.5,105.5,0.82,Good,Agricultural,1315,Yes,November,Low
Uttar Pradesh,Ballia,61.6,4.98,36.4,63.6,23.5,62.6,71.7,3.47,Good,Forest,61,Yes,November,Low
Uttar Pradesh,Gorakhpur,30.3,4.75,42.8,53.7,21.0,64.6,112.6,0.1,Moderate,Agricultural,737,No,November,Low
Uttar Pradesh,Ballia,41.1,4.87,41.9,58.5,15.8,52.9,147.9,1.62,Good,Agricultural,689,Yes,December,Low
Uttar Pradesh,Gorakhpur,20.7,4.64,41.1,47.9,16.0,61.5,119.3,0.32,Moderate,Agricultural,845,Yes,December,Low
Uttar Pradesh,Gorakhpur,35.7,4.69,44.7,30.4,18.0,57.1,144.6,1.1,Poor,Urban,9774,Yes,December,Medium
Uttar Pradesh,Gorakhpur,9.2,4.32,56.1,53.5,13.2,64.6,116.6,1.18,Moderate,Agricultural,1215,Yes,December,Low
Uttar Pradesh,Varanasi,41.8,4.63,50.3,51.6,16.4,52.1,117.9,0.1,Moderate,Agricultural,1432,Yes,December,Low
Uttar Pradesh,Gorakhpur,51.6,5.07,47.1,71.4,14.4,61.9,79.3,0.1,Good,Forest,239,Yes,December,Medium
Uttar Pradesh,Ballia,25.7,5.2,56.7,52.7,15.3,56.2,148.8,1.4,Moderate,Agricultural,686,Yes,December,Low
Uttar Pradesh,Bahraich,26.8,5.11,42.7,55.7,17.3,61.6,140.1,2.79,Good,Agricultural,625,Yes,December,Low
Uttar Pradesh,Gorakhpur,27.9,4.73,54.0,28.5,20.0,56.6,120.5,2.6,Moderate,Urban,7945,Yes,December,Low
Uttar Pradesh,Bahraich,36.9,5.13,28.0,68.5,16.6,59.6,74.5,2.59,Poor,Wetland,94,Yes,December,Medium
Uttar Pradesh,Gorakhpur,22.4,4.27,54.7,58.8,19.1,58.4,130.6,2.29,Good,Agricultural,1048,Yes,December,Low
Uttar Pradesh,Ballia,39.9,5.15,42.2,78.4,16.6,57.3,108.7,0.98,Poor,Wetland,358,No,December,Low
Uttar Pradesh,Varanasi,34.3,4.13,39.6,55.2,18.6,54.9,131.2,1.08,Poor,Agricultural,523,Yes,December,Medium
Uttar Pradesh,Bahraich,44.4,5.3,51.6,67.2,16.6,59.4,134.5,2.26,Moderate,Forest,278,Yes,December,Medium
Uttar Pradesh,Ballia,35.3,5.14,28.6,65.6,17.4,53.0,102.7,1.83,Poor,Agricultural,1043,Yes,December,Medium
Uttar Pradesh,Gorakhpur,20.3,5.0,34.3,63.8,19.8,56.1,78.5,1.99,Poor,Agricultural,446,Yes,December,Medium
Uttar Pradesh,Ballia,51.1,4.96,57.8,56.2,20.6,47.6,104.7,0.76,Poor,Agricultural,1452,Yes,December,Medium
Uttar Pradesh,Bahraich,28.4,4.8,61.1,52.8,16.6,56.0,101.9,1.92,Moderate,Agricultural,830,Yes,December,Medium
Uttar Pradesh,Gorakhpur,65.2,4.31,50.1,59.0,15.1,67.7,108.4,2.24,Poor,Agricultural,441,Yes,December,Medium
Uttar Pradesh,Varanasi,50.6,4.67,41.1,53.8,17.5,53.4,142.8,0.93,Moderate,Agricultural,864,Yes,December,Medium
Uttar Pradesh,Varanasi,45.2,5.27,48.3,35.0,14.2,52.5,105.5,1.52,Moderate,Agricultural,369,Yes,December,Low
Uttar Pradesh,Ballia,29.3,4.71,51.3,26.4,18.7,56.5,102.8,3.36,Poor,Urban,9375,Yes,December,Low
West Bengal,Cooch Behar,43.6,4.53,51.0,56.8,19.5,54.7,37.7,2.42,Good,Agricultural,656,Yes,January,Low
West Bengal,Malda,57.7,5.01,49.4,52.5,16.7,57.7,17.8,1.78,Moderate,Agricultural,471,Yes,January,Medium
West Bengal,Cooch Behar,52.1,5.28,42.1,34.7,17.2,59.4,6.9,0.47,Moderate,Urban,16337,No,January,Low
West Bengal,Howrah,32.7,5.0,28.0,47.7,15.3,55.2,37.2,2.24,Moderate,Agricultural,530,Yes,January,Low
West Bengal,Murshidabad,43.4,4.05,48.0,70.3,18.2,64.6,26.6,2.85,Moderate,Wetland,469,Yes,January,Medium
West Bengal,Murshidabad,96.4,5.28,37.5,62.2,18.1,59.3,26.2,2.09,Moderate,Agricultural,1112,No,January,Low
West Bengal,Cooch Behar,17.1,4.57,27.7,40.8,16.9,61.1,13.2,3.1,Moderate,Agricultural,235,No,January,Low
West Bengal,Cooch Behar,35.4,4.55,48.5,57.6,18.6,57.7,18.8,1.95,Good,Agricultural,1085,No,January,Low
West Bengal,Malda,56.5,5.36,36.9,56.5,19.8,65.7,46.8,2.21,Good,Forest,264,Yes,January,Low
West Bengal,Howrah,23.8,4.43,41.7,31.4,18.9,47.6,45.9,1.82,Poor,Urban,9845,No,January,Low
West Bengal,Murshidabad,57.0,5.08,45.4,85.7,18.9,64.3,42.9,1.57,Poor,Wetland,188,Yes,January,Medium
West Bengal,Malda,30.7,5.18,54.1,76.6,17.8,71.4,8.1,0.4,Good,Wetland,863,Yes,January,Medium
West Bengal,Murshidabad,41.7,5.08,61.8,52.5,17.4,56.2,18.0,1.14,Moderate,Agricultural,399,Yes,January,Medium
West Bengal,Howrah,8.4,4.37,35.8,56.0,18.1,50.1,31.1,1.65,Good,Agricultural,223,Yes,January,Low
West Bengal,Murshidabad,66.0,4.7,25.7,80.1,16.9,66.9,6.5,1.75,Moderate,Wetland,306,Yes,January,Medium
West Bengal,Murshidabad,40.2,4.05,30.7,58.6,17.6,51.6,11.0,0.97,Good,Agricultural,635,Yes,January,Low
West Bengal,Cooch Behar,25.2,5.42,41.0,56.6,16.2,51.2,55.1,2.07,Good,Agricultural,1210,No,January,Low
West Bengal,Malda,22.1,5.15,37.8,44.6,14.7,49.9,58.2,2.64,Moderate,Agricultural,1060,Yes,January,Low
West Bengal,Howrah,42.1,4.56,39.5,55.9,17.9,56.6,21.8,0.3,Good,Agricultural,452,Yes,January,Low
West Bengal,Murshidabad,65.9,5.43,54.4,46.1,18.6,58.6,50.3,1.71,Moderate,Agricultural,950,Yes,January,Medium
West Bengal,Murshidabad,8.4,4.5,19.8,29.2,19.6,55.8,12.4,1.54,Moderate,Urban,6909,Yes,January,Low
West Bengal,Malda,28.0,4.45,62.3,49.0,19.8,55.3,33.9,2.53,Good,Forest,284,Yes,January,Low
West Bengal,Malda,51.1,4.85,30.9,34.7,19.7,59.3,55.8,2.05,Moderate,Urban,12473,Yes,February,Low
West Bengal,Cooch Behar,84.0,5.64,51.6,60.7,19.7,55.7,39.2,0.51,Moderate,Agricultural,437,Yes,February,Medium
West Bengal,Malda,68.4,5.31,51.6,82.3,21.6,71.6,24.2,0.41,Good,Wetland,480,Yes,February,Medium
West Bengal,Malda,9.6,4.92,30.6,59.7,19.0,55.9,24.2,0.75,Good,Forest,40,Yes,February,Low
West Bengal,Cooch Behar,50.2,4.8,58.9,81.3,21.1,59.2,54.1,0.46,Poor,Wetland,538,Yes,February,Medium
West Bengal,Murshidabad,49.5,4.45,35.9,54.5,21.2,57.8,29.8,0.92,Moderate,Agricultural,445,Yes,February,Medium
West Bengal,Howrah,2.3,4.25,43.5,55.8,23.1,60.3,15.3,0.92,Moderate,Agricultural,991,Yes,February,Low
West Bengal,Malda,45.7,5.12,47.2,86.0,18.7,62.3,33.7,1.07,Moderate,Wetland,344,Yes,February,Medium
West Bengal,Howrah,55.0,5.54,47.1,53.5,19.5,61.8,18.8,0.34,Good,Agricultural,810,Yes,February,Low
West Bengal,Howrah,49.0,4.91,43.8,59.9,19.8,52.3,39.5,1.38,Poor,Agricultural,816,No,February,Low
West Bengal,Murshidabad,39.7,4.94,60.6,56.6,20.8,50.2,48.9,0.5,Poor,Agricultural,574,Yes,February,Medium
West Bengal,Cooch Behar,0.0,4.5,47.2,73.8,21.4,65.0,15.4,1.5,Poor,Wetland,602,Yes,February,Medium
West Bengal,Malda,50.6,5.12,58.7,37.9,19.7,57.6,47.7,0.65,Poor,Urban,9052,Yes,February,Medium
West Bengal,Malda,44.6,4.81,34.9,62.9,21.4,59.8,24.7,2.88,Good,Agricultural,646,Yes,February,Medium
West Bengal,Howrah,36.0,4.92,50.6,77.1,20.1,54.5,47.1,0.91,Good,Wetland,494,Yes,February,Medium
West Bengal,Cooch Behar,70.1,5.51,39.1,58.7,22.3,57.7,8.4,1.61,Good,Agricultural,291,Yes,February,Medium
West Bengal,Cooch Behar,29.3,4.97,49.7,87.9,22.1,71.9,21.5,0.23,Moderate,Wetland,432,No,February,Low
West Bengal,Cooch Behar,24.0,5.0,51.5,45.2,20.6,50.9,56.1,1.73,Moderate,Agricultural,971,No,February,Low
West Bengal,Cooch Behar,76.1,5.17,51.6,40.2,19.4,58.2,16.4,0.57,Poor,Urban,6989,Yes,February,Medium
West Bengal,Malda,30.7,4.52,42.9,50.1,23.8,56.3,49.2,0.9,Moderate,Agricultural,819,No,February,Low
West Bengal,Howrah,16.9,4.96,53.8,49.7,22.5,54.3,43.6,2.12,Moderate,Agricultural,106,No,February,Low
West Bengal,Cooch Behar,40.5,5.19,42.0,55.2,20.4,51.0,18.9,1.92,Moderate,Agricultural,638,Yes,February,Medium
West Bengal,Howrah,44.8,5.12,41.2,52.1,27.9,52.0,47.6,0.89,Moderate,Agricultural,256,Yes,March,Medium
West Bengal,Cooch Behar,15.1,4.68,55.8,54.9,26.7,64.0,26.6,0.4,Moderate,Agricultural,847,Yes,March,Low
West Bengal,Cooch Behar,50.7,5.27,42.0,32.1,25.5,57.0,42.5,1.67,Poor,Urban,3523,Yes,March,Medium
West Bengal,Murshidabad,82.5,5.59,44.3,56.4,25.2,59.9,56.6,2.82,Good,Agricultural,705,No,March,Low
West Bengal,Howrah,21.1,4.68,62.8,50.9,26.9,43.9,46.8,0.17,Moderate,Agricultural,468,Yes,March,Medium
West Bengal,Cooch Behar,6.4,4.88,56.8,74.2,28.7,64.4,17.2,0.69,Poor,Wetland,647,Yes,March,Medium
West Bengal,Malda,43.9,4.43,49.7,73.0,25.7,65.2,18.8,1.81,Moderate,Wetland,585,Yes,March,Medium
West Bengal,Malda,22.1,5.19,37.7,45.7,25.4,46.9,53.4,1.9,Good,Agricultural,824,No,March,Low
West Bengal,Murshidabad,0.0,4.49,29.6,60.9,26.3,53.6,12.8,1.64,Poor,Agricultural,446,No,March,Low
West Bengal,Howrah,54.7,4.82,38.4,57.0,27.5,53.4,37.3,2.06,Moderate,Agricultural,645,Yes,March,Medium
West Bengal,Howrah,52.9,5.11,52.1,34.4,25.0,49.6,56.4,1.61,Moderate,Urban,7372,Yes,March,Low
West Bengal,Murshidabad,11.8,4.17,39.5,49.2,25.6,57.7,59.7,1.32,Poor,Agricultural,83,Yes,March,Low
West Bengal,Howrah,31.9,4.82,49.9,63.2,23.9,56.2,14.2,2.06,Good,Agricultural,892,No,March,Low
West Bengal,Howrah,0.0,5.11,58.6,47.6,29.3,43.5,11.8,2.09,Good,Agricultural,265,Yes,March,Low
West Bengal,Cooch Behar,27.9,4.67,52.6,55.7,27.6,48.0,27.5,2.02,Good,Agricultural,570,Yes,March,Low
West Bengal,Howrah,34.8,4.86,44.3,50.9,25.7,61.6,58.5,0.1,Poor,Agricultural,961,Yes,March,Medium
West Bengal,Murshidabad,41.4,4.44,52.6,47.9,26.1,52.5,57.2,0.63,Good,Agricultural,877,Yes,March,Low
West Bengal,Murshidabad,10.9,4.44,61.7,58.5,26.4,59.7,19.6,0.1,Moderate,Agricultural,259,Yes,March,Medium
West Bengal,Murshidabad,32.9,5.2,41.3,54.7,27.1,60.1,52.9,0.1,Moderate,Agricultural,766,No,March,Low
West Bengal,Murshidabad,66.1,5.51,64.6,39.2,25.4,54.1,34.2,0.92,Moderate,Urban,11575,Yes,March,Medium
West Bengal,Murshidabad,39.4,4.49,64.3,52.8,29.5,56.6,49.5,0.65,Moderate,Agricultural,666,Yes,March,Medium
West Bengal,Cooch Behar,28.4,4.99,50.3,61.4,25.2,70.3,13.7,0.43,Good,Forest,127,Yes,March,Low
West Bengal,Malda,21.1,5.1,44.4,50.8,32.1,54.1,20.5,2.0,Poor,Agricultural,666,Yes,April,Medium
West Bengal,Murshidabad,31.6,4.57,41.7,52.3,30.0,58.7,44.0,1.63,Good,Agricultural,764,Yes,April,Low
West Bengal,Malda,0.0,4.46,56.7,74.5,31.3,54.9,34.8,1.17,Poor,Wetland,217,Yes,April,Medium
West Bengal,Cooch Behar,14.9,4.61,47.4,85.2,32.3,67.7,16.4,0.51,Moderate,Wetland,222,Yes,April,Medium
West Bengal,Malda,32.5,4.55,45.2,60.6,33.0,71.1,10.7,2.31,Good,Forest,10,Yes,April,Low
West Bengal,Howrah,46.4,4.82,43.6,64.0,33.0,58.9,23.0,2.6,Good,Agricultural,266,Yes,April,Medium
West Bengal,Cooch Behar,6.3,5.22,33.2,31.6,30.7,53.0,29.7,0.35,Good,Urban,12366,Yes,April,Low
West Bengal,Malda,74.8,5.35,47.8,61.2,29.0,54.5,52.9,1.14,Poor,Agricultural,770,Yes,April,Medium
West Bengal,Murshidabad,38.8,4.89,44.9,48.5,32.3,52.9,40.5,1.13,Moderate,Agricultural,759,Yes,April,Low
West Bengal,Cooch Behar,54.5,5.24,36.7,80.4,31.0,66.7,48.2,1.62,Good,Wetland,628,Yes,April,Medium
West Bengal,Malda,30.8,4.73,41.1,53.7,30.0,58.0,29.2,3.26,Good,Agricultural,363,Yes,April,Low
West Bengal,Murshidabad,38.0,4.81,46.9,63.9,33.1,61.2,54.9,2.59,Good,Agricultural,1050,Yes,April,Medium
West Bengal,Murshidabad,45.6,4.83,40.2,57.2,34.9,56.7,55.0,3.31,Moderate,Agricultural,228,Yes,April,Low
West Bengal,Cooch Behar,70.1,5.07,63.6,33.5,33.1,50.7,32.8,2.63,Good,Urban,8983,Yes,April,Medium
West Bengal,Cooch Behar,31.2,4.92,48.3,53.4,32.0,59.0,46.1,1.44,Moderate,Agricultural,878,Yes,April,Low
West Bengal,Murshidabad,51.7,5.04,48.3,79.1,31.4,71.7,41.6,1.52,Poor,Wetland,415,Yes,April,Medium
West Bengal,Howrah,26.8,5.09,51.4,50.1,30.0,59.8,26.5,0.85,Poor,Agricultural,1144,Yes,April,Medium
West Bengal,Murshidabad,0.0,4.46,47.3,44.5,31.6,56.9,33.8,3.17,Poor,Agricultural,320,Yes,April,Low
West Bengal,Murshidabad,12.3,4.75,39.8,38.1,32.1,58.3,7.5,1.18,Good,Agricultural,1009,Yes,April,Low
West Bengal,Cooch Behar,42.7,4.62,47.9,45.6,33.8,58.3,32.8,1.63,Moderate,Agricultural,1128,Yes,April,Low
West Bengal,Cooch Behar,12.2,4.9,33.0,86.6,30.8,69.4,44.3,2.53,Poor,Wetland,659,Yes,April,Medium
West Bengal,Cooch Behar,67.0,5.54,45.0,55.1,30.8,62.5,14.0,0.99,Poor,Agricultural,235,Yes,April,Medium
West Bengal,Malda,57.9,5.35,52.9,49.1,32.4,60.6,14.3,1.47,Good,Agricultural,859,Yes,May,Low
West Bengal,Murshidabad,11.0,4.43,50.0,55.6,34.1,54.3,31.7,2.11,Good,Agricultural,1021,Yes,May,Low
West Bengal,Cooch Behar,27.9,4.46,38.7,50.9,34.9,54.2,11.7,2.58,Moderate,Agricultural,324,Yes,May,Low
West Bengal,Murshidabad,8.8,4.38,46.2,75.0,31.6,58.3,30.3,2.21,Moderate,Wetland,244,Yes,May,Medium
West Bengal,Malda,38.3,5.28,65.7,57.5,31.8,61.5,11.0,1.19,Moderate,Agricultural,1057,Yes,May,Medium
West Bengal,Murshidabad,4.5,4.09,40.6,52.7,30.3,45.1,51.7,1.81,Good,Agricultural,719,No,May,Low
West Bengal,Howrah,58.8,4.71,58.4,80.6,33.8,75.4,47.0,3.9,Poor,Wetland,340,Yes,May,Medium
West Bengal,Murshidabad,44.1,5.29,35.5,57.5,33.2,59.0,5.4,0.15,Moderate,Agricultural,425,Yes,May,Medium
West Bengal,Malda,59.2,4.99,37.0,89.6,36.1,73.5,14.9,1.01,Poor,Wetland,678,No,May,Medium
West Bengal,Howrah,57.0,5.41,44.3,46.9,34.6,58.7,24.4,0.1,Moderate,Agricultural,1061,Yes,May,Medium
West Bengal,Howrah,34.2,5.14,42.0,91.6,34.3,60.9,19.9,0.58,Moderate,Wetland,50,Yes,May,Medium
West Bengal,Howrah,25.1,4.74,32.3,75.3,34.6,68.2,14.7,1.2,Moderate,Wetland,949,Yes,May,Medium
West Bengal,Howrah,32.7,4.85,39.0,34.9,34.5,50.8,17.6,1.79,Moderate,Urban,10590,Yes,May,Low
West Bengal,Murshidabad,63.2,5.29,41.2,78.1,34.2,73.3,26.7,1.56,Good,Wetland,635,Yes,May,Medium
West Bengal,Cooch Behar,45.2,4.81,57.6,59.4,34.3,50.9,9.4,1.21,Moderate,Agricultural,570,Yes,May,Medium
West Bengal,Cooch Behar,58.6,5.28,42.8,63.2,32.5,50.7,51.5,0.83,Moderate,Agricultural,762,Yes,May,Medium
West Bengal,Cooch Behar,38.3,5.35,38.9,53.7,33.7,60.5,52.3,2.75,Moderate,Agricultural,1088,No,May,Low
West Bengal,Howrah,37.0,4.83,57.2,54.2,34.3,63.1,18.7,0.79,Good,Agricultural,689,Yes,May,Low
West Bengal,Murshidabad,63.0,5.21,46.4,47.8,35.7,61.4,36.0,0.1,Good,Agricultural,912,Yes,May,Low
West Bengal,Howrah,19.5,4.44,50.6,46.0,34.3,55.9,35.2,2.66,Moderate,Agricultural,766,Yes,May,Low
West Bengal,Howrah,30.6,4.76,63.6,34.4,33.6,58.4,53.5,1.71,Moderate,Urban,7539,Yes,May,Low
West Bengal,Malda,0.0,4.73,77.4,75.7,33.4,64.5,42.7,2.1,Moderate,Wetland,491,No,May,Low
West Bengal,Malda,227.8,7.23,57.9,49.4,31.5,91.2,51.8,2.94,Good,Urban,12227,No,June,Medium
West Bengal,Malda,104.8,6.78,55.6,33.9,32.9,88.1,10.6,1.23,Poor,Urban,8838,Yes,June,Medium
West Bengal,Howrah,255.2,7.49,66.8,72.7,29.6,89.6,33.7,0.1,Good,Agricultural,708,Yes,June,High
West Bengal,Howrah,263.2,7.62,50.1,96.6,30.9,100.0,48.8,2.52,Good,Wetland,808,Yes,June,High
West Bengal,Malda,180.5,7.24,58.2,59.1,29.8,85.1,58.2,1.63,Moderate,Agricultural,696,No,June,Medium
West Bengal,Murshidabad,169.7,7.28,65.1,44.2,32.2,83.3,42.9,0.5,Poor,Urban,7458,Yes,June,High
West Bengal,Malda,152.1,6.46,60.4,93.0,28.8,94.6,25.1,1.86,Poor,Wetland,316,Yes,June,High
West Bengal,Murshidabad,202.6,7.26,51.7,84.4,30.4,91.8,22.0,2.23,Moderate,Wetland,453,Yes,June,High
West Bengal,Cooch Behar,122.5,6.63,71.3,63.3,29.1,79.2,51.8,1.45,Good,Agricultural,434,Yes,June,Medium
West Bengal,Howrah,139.4,6.25,53.6,77.9,32.5,95.0,5.3,1.28,Moderate,Wetland,633,Yes,June,Medium
West Bengal,Malda,146.2,6.74,53.8,85.8,30.4,85.5,20.7,2.35,Moderate,Wetland,667,Yes,June,High
West Bengal,Malda,67.5,5.96,65.5,64.5,31.2,75.8,53.4,3.02,Moderate,Agricultural,492,Yes,June,Medium
West Bengal,Malda,213.8,7.64,62.2,62.4,29.7,87.3,6.7,2.25,Moderate,Agricultural,583,No,June,Medium
West Bengal,Cooch Behar,132.5,6.66,60.9,63.6,32.0,85.2,24.4,2.81,Moderate,Agricultural,161,Yes,June,Medium
West Bengal,Cooch Behar,163.7,7.09,65.7,63.8,31.8,83.3,57.9,1.54,Moderate,Agricultural,486,Yes,June,High
West Bengal,Cooch Behar,280.5,7.84,82.1,72.1,29.9,78.1,5.3,1.4,Poor,Agricultural,830,Yes,June,Extreme
West Bengal,Howrah,146.9,6.45,47.2,42.8,30.1,80.5,36.6,2.78,Poor,Urban,7882,No,June,Low
West Bengal,Malda,253.8,7.73,61.1,70.4,29.2,86.2,56.3,0.74,Poor,Agricultural,895,Yes,June,High
West Bengal,Malda,237.3,7.97,49.2,75.0,30.8,88.1,37.4,0.98,Moderate,Agricultural,531,Yes,June,High
West Bengal,Murshidabad,155.9,6.94,49.8,62.1,31.5,80.8,15.8,0.3,Poor,Agricultural,686,Yes,June,Medium
West Bengal,Howrah,148.6,6.62,50.8,42.8,27.9,78.6,44.8,1.56,Moderate,Urban,6210,Yes,June,Medium
West Bengal,Howrah,246.5,7.48,67.8,62.8,30.4,84.6,19.5,0.89,Good,Agricultural,799,No,June,Medium
West Bengal,Howrah,147.7,6.69,86.2,94.0,26.0,98.2,47.4,2.88,Moderate,Wetland,523,Yes,July,High
West Bengal,Howrah,101.7,6.16,87.2,34.0,27.7,92.1,23.4,1.55,Poor,Urban,7211,Yes,July,Medium
West Bengal,Howrah,309.1,8.21,76.3,74.6,26.6,81.4,35.3,2.66,Moderate,Agricultural,50,Yes,July,Extreme
West Bengal,Howrah,106.1,6.11,83.8,58.4,25.2,82.7,30.4,0.1,Moderate,Agricultural,882,Yes,July,Medium
West Bengal,Malda,221.9,7.53,82.4,71.4,28.9,79.3,8.4,2.88,Moderate,Agricultural,1690,Yes,July,High
West Bengal,Howrah,335.0,8.44,72.4,79.4,27.0,92.0,52.6,1.93,Moderate,Agricultural,620,Yes,July,Extreme
West Bengal,Malda,153.0,6.54,77.9,66.0,30.4,82.4,41.3,0.65,Moderate,Agricultural,915,Yes,July,Medium
West Bengal,Cooch Behar,240.4,7.69,69.2,85.0,27.7,93.5,12.7,2.34,Moderate,Wetland,171,Yes,July,High
West Bengal,Malda,276.3,8.29,68.1,65.4,30.0,88.6,39.2,2.27,Good,Agricultural,567,Yes,July,High
West Bengal,Cooch Behar,221.2,7.6,54.3,78.5,30.7,96.3,32.4,2.45,Good,Forest,26,Yes,July,High
West Bengal,Cooch Behar,214.2,7.63,75.9,81.2,27.6,96.9,14.8,1.08,Good,Wetland,282,Yes,July,High
West Bengal,Cooch Behar,105.9,6.84,66.4,28.8,27.4,81.1,47.9,3.39,Poor,Urban,6799,Yes,July,Medium
West Bengal,Murshidabad,231.0,6.97,66.6,72.1,28.8,81.0,13.0,1.44,Moderate,Agricultural,301,Yes,July,High
West Bengal,Murshidabad,168.1,6.91,78.1,68.0,25.3,88.9,23.3,2.91,Moderate,Agricultural,1024,Yes,July,High
West Bengal,Malda,15.9,5.89,63.2,43.5,30.2,85.3,20.1,3.44,Poor,Urban,9166,Yes,July,Low
West Bengal,Malda,137.1,6.79,53.0,69.3,26.7,90.8,7.6,0.44,Moderate,Agricultural,865,Yes,July,Medium
West Bengal,Cooch Behar,273.1,7.99,66.5,75.2,27.7,90.1,35.9,2.42,Good,Agricultural,1048,Yes,July,High
West Bengal,Murshidabad,292.3,7.95,46.5,82.9,31.5,83.9,43.8,1.65,Good,Agricultural,1001,Yes,July,High
West Bengal,Murshidabad,210.6,7.87,59.8,91.2,29.0,100.0,19.6,2.88,Poor,Wetland,317,Yes,July,High
West Bengal,Cooch Behar,177.7,6.97,65.3,43.4,28.1,87.9,43.8,1.02,Moderate,Urban,11458,Yes,July,Medium
West Bengal,Howrah,200.8,7.11,61.2,98.0,28.7,97.1,28.3,2.05,Poor,Wetland,507,Yes,July,High
West Bengal,Cooch Behar,176.8,6.61,65.9,65.4,24.8,81.5,12.2,1.4,Moderate,Agricultural,290,Yes,July,Medium
West Bengal,Murshidabad,146.9,7.06,79.9,34.6,23.3,82.3,44.0,0.63,Poor,Urban,10047,Yes,August,High
West Bengal,Malda,249.8,7.92,87.0,55.9,28.3,91.2,16.8,1.48,Poor,Urban,4012,No,August,High
West Bengal,Cooch Behar,222.5,7.42,86.0,72.2,26.8,86.5,54.8,0.53,Moderate,Agricultural,868,Yes,August,High
West Bengal,Murshidabad,237.4,7.81,74.6,78.8,30.1,91.1,15.7,1.01,Poor,Agricultural,352,No,August,High
West Bengal,Cooch Behar,268.3,8.03,66.6,49.5,27.3,87.9,56.2,3.74,Moderate,Urban,11428,Yes,August,High
West Bengal,Howrah,116.8,6.91,76.8,90.9,28.6,98.6,43.3,2.45,Good,Wetland,232,Yes,August,High
West Bengal,Howrah,261.8,8.34,87.2,74.3,27.1,95.7,14.4,2.08,Moderate,Agricultural,539,Yes,August,Extreme
West Bengal,Murshidabad,246.4,7.84,55.2,95.6,27.8,100.0,50.3,1.95,Poor,Wetland,686,Yes,August,Extreme
West Bengal,Cooch Behar,242.2,7.76,75.5,93.1,26.4,94.3,47.5,1.45,Poor,Wetland,261,No,August,High
West Bengal,Cooch Behar,145.8,6.14,66.7,67.5,28.6,95.4,19.7,1.68,Moderate,Agricultural,817,No,August,Medium
West Bengal,Howrah,306.1,7.98,69.3,72.7,29.9,88.5,28.6,2.22,Moderate,Agricultural,643,Yes,August,Extreme
West Bengal,Malda,116.0,6.28,60.6,40.8,25.6,79.4,13.7,1.49,Good,Urban,9498,No,August,Low
West Bengal,Malda,219.4,6.87,70.7,75.7,28.7,100.0,20.4,0.71,Good,Forest,222,Yes,August,High
West Bengal,Malda,167.2,7.07,73.5,45.0,26.7,89.0,19.1,1.55,Poor,Urban,11297,No,August,Medium
West Bengal,Howrah,199.3,7.06,83.6,66.4,25.9,85.9,36.8,1.55,Moderate,Agricultural,534,No,August,Medium
West Bengal,Cooch Behar,267.2,7.73,84.6,69.6,28.1,90.0,31.9,1.25,Moderate,Agricultural,50,Yes,August,High
West Bengal,Murshidabad,232.8,7.84,89.9,86.8,30.1,88.4,21.9,0.1,Poor,Wetland,768,No,August,High
West Bengal,Malda,167.4,7.04,73.8,48.0,26.7,83.9,9.3,0.83,Moderate,Agricultural,1128,Yes,August,High
West Bengal,Howrah,306.2,8.28,64.3,98.0,23.6,94.0,45.6,1.96,Poor,Wetland,518,Yes,August,Extreme
West Bengal,Howrah,254.1,8.25,92.8,74.8,28.0,88.0,23.4,1.78,Poor,Agricultural,389,Yes,August,Extreme
West Bengal,Malda,154.3,6.95,76.7,48.2,25.3,84.2,8.4,2.19,Poor,Urban,10019,Yes,August,High
West Bengal,Cooch Behar,265.5,7.75,60.6,98.0,27.7,91.9,32.1,1.74,Poor,Wetland,534,Yes,August,Extreme
West Bengal,Howrah,233.4,7.48,89.6,73.8,23.9,79.8,53.9,0.68,Moderate,Agricultural,471,No,September,High
West Bengal,Malda,303.4,8.12,100.0,98.0,25.7,100.0,55.6,2.17,Good,Wetland,600,Yes,September,Extreme
West Bengal,Howrah,58.1,5.43,77.5,48.2,26.2,77.5,36.6,3.19,Good,Agricultural,743,Yes,September,Medium
West Bengal,Cooch Behar,108.7,6.04,90.1,58.7,28.0,88.4,49.4,1.13,Good,Agricultural,1023,Yes,September,Medium
West Bengal,Malda,333.4,8.58,55.8,76.8,27.7,92.9,25.2,1.21,Moderate,Agricultural,611,Yes,September,Extreme
West Bengal,Malda,144.8,6.86,100.0,91.4,26.7,96.7,21.8,2.19,Poor,Wetland,673,No,September,High
West Bengal,Malda,114.2,6.41,94.3,34.0,25.8,76.6,9.5,0.23,Poor,Urban,12588,Yes,September,Medium
West Bengal,Cooch Behar,131.4,6.49,88.6,96.2,26.1,96.9,24.5,1.02,Moderate,Wetland,205,Yes,September,High
West Bengal,Cooch Behar,217.2,7.23,72.9,98.0,25.5,100.0,10.5,2.46,Poor,Wetland,507,Yes,September,High
West Bengal,Howrah,202.9,6.91,77.5,45.9,26.8,85.1,5.8,2.34,Good,Urban,8955,No,September,Medium
West Bengal,Murshidabad,160.3,6.89,73.9,64.2,26.3,95.4,8.7,1.06,Poor,Agricultural,471,Yes,September,High
West Bengal,Malda,156.6,6.3,82.3,86.5,26.3,91.7,33.2,2.19,Poor,Wetland,236,Yes,September,High
West Bengal,Murshidabad,206.4,7.04,85.6,72.9,23.5,82.8,50.6,2.75,Good,Agricultural,557,Yes,September,High
West Bengal,Howrah,303.0,7.96,76.8,75.4,28.2,87.8,45.7,0.1,Moderate,Agricultural,603,Yes,September,Extreme
West Bengal,Murshidabad,176.6,6.8,94.3,68.2,25.1,87.6,21.9,1.81,Moderate,Agricultural,702,Yes,September,High
West Bengal,Howrah,73.4,5.81,82.2,33.4,28.2,87.2,56.2,0.86,Moderate,Urban,6926,Yes,September,Medium
West Bengal,Cooch Behar,210.9,7.0,76.1,66.2,24.9,80.8,56.8,1.94,Poor,Agricultural,971,Yes,September,High
West Bengal,Cooch Behar,277.1,7.77,84.4,94.4,28.1,100.0,32.5,1.27,Moderate,Wetland,277,Yes,September,Extreme
West Bengal,Murshidabad,228.3,7.55,77.9,69.6,28.4,79.9,51.3,2.02,Good,Agricultural,870,Yes,September,High
West Bengal,Cooch Behar,219.8,7.56,81.7,49.6,26.1,84.8,23.5,1.94,Poor,Urban,10906,Yes,September,High
West Bengal,Malda,314.5,8.38,72.5,83.0,26.1,96.1,44.5,0.16,Moderate,Forest,305,Yes,September,Extreme
West Bengal,Murshidabad,258.8,7.93,85.0,69.9,28.1,84.2,58.1,0.37,Moderate,Agricultural,575,Yes,September,High
West Bengal,Howrah,68.2,5.8,51.6,73.3,26.1,69.8,59.5,0.1,Poor,Wetland,263,No,October,Low
West Bengal,Cooch Behar,65.2,4.83,53.5,54.7,24.7,56.8,41.6,1.96,Moderate,Agricultural,548,Yes,October,Medium
West Bengal,Malda,71.6,5.93,43.2,51.9,27.8,53.2,54.5,0.11,Moderate,Agricultural,531,No,October,Low
West Bengal,Malda,0.0,4.66,55.6,33.4,25.7,56.7,15.7,1.87,Moderate,Urban,10894,Yes,October,Low
West Bengal,Cooch Behar,26.9,5.38,56.2,51.3,20.8,66.5,51.9,1.71,Good,Agricultural,836,Yes,October,Low
West Bengal,Malda,59.2,5.54,45.3,39.5,25.4,58.6,33.9,2.45,Poor,Urban,7759,Yes,October,Medium
West Bengal,Malda,26.9,4.55,56.7,47.0,26.6,51.7,46.9,2.68,Good,Agricultural,576,Yes,October,Low
West Bengal,Howrah,9.2,4.41,42.4,47.2,25.2,63.7,23.2,2.19,Good,Agricultural,50,Yes,October,Low
West Bengal,Malda,51.2,5.06,49.7,47.8,27.1,56.6,38.3,0.22,Good,Agricultural,1177,No,October,Low
West Bengal,Howrah,0.0,4.63,49.9,46.8,23.0,60.4,22.8,0.66,Moderate,Agricultural,1201,Yes,October,Low
West Bengal,Murshidabad,0.0,4.43,44.6,56.4,24.3,61.3,12.8,2.18,Moderate,Agricultural,1022,No,October,Low
West Bengal,Cooch Behar,63.7,5.21,57.2,47.2,27.3,59.5,36.5,0.93,Poor,Agricultural,318,Yes,October,Medium
West Bengal,Howrah,37.8,5.01,39.7,80.6,24.9,68.4,10.0,0.1,Moderate,Wetland,538,Yes,October,Medium
West Bengal,Malda,74.7,4.83,48.2,85.6,26.4,73.3,34.5,0.79,Moderate,Wetland,534,No,October,Low
West Bengal,Cooch Behar,28.0,4.81,47.5,31.6,25.4,55.0,59.0,2.71,Moderate,Urban,9037,No,October,Low
West Bengal,Howrah,50.8,5.1,39.1,34.9,25.8,59.6,45.9,0.1,Poor,Urban,8682,Yes,October,Medium
West Bengal,Cooch Behar,0.0,4.64,48.6,47.6,28.5,59.8,20.1,0.1,Moderate,Agricultural,773,Yes,October,Low
West Bengal,Howrah,58.2,5.45,38.9,33.9,27.5,54.6,52.6,0.55,Good,Urban,12911,Yes,October,Low
West Bengal,Cooch Behar,62.7,5.31,47.0,75.4,25.7,69.2,53.1,1.23,Good,Wetland,352,No,October,Low
West Bengal,Howrah,58.4,4.59,27.6,54.9,26.6,59.5,30.1,0.49,Moderate,Agricultural,497,Yes,October,Medium
West Bengal,Cooch Behar,0.0,4.58,46.1,35.1,26.1,60.0,26.9,2.39,Poor,Urban,10060,Yes,October,Low
West Bengal,Howrah,12.7,4.48,45.4,46.5,27.4,53.8,36.6,1.57,Good,Agricultural,312,Yes,October,Low
West Bengal,Howrah,25.0,4.69,30.4,37.7,22.0,56.1,24.3,1.22,Moderate,Urban,7256,Yes,November,Low
West Bengal,Cooch Behar,42.8,5.41,41.0,41.1,21.7,53.6,32.2,2.22,Moderate,Urban,14695,Yes,November,Low
West Bengal,Howrah,0.0,4.46,44.8,64.8,21.5,65.6,8.7,0.75,Good,Forest,157,Yes,November,Low
West Bengal,Cooch Behar,28.4,4.07,49.6,53.5,22.2,55.4,51.6,0.5,Good,Agricultural,687,Yes,November,Low
West Bengal,Murshidabad,41.2,5.13,49.4,52.1,22.4,61.3,26.4,1.89,Good,Agricultural,590,Yes,November,Low
West Bengal,Howrah,5.7,4.51,46.1,71.4,20.4,75.6,55.4,1.5,Poor,Wetland,182,Yes,November,Medium
West Bengal,Cooch Behar,53.3,5.18,42.9,49.0,22.1,61.5,5.8,0.75,Moderate,Agricultural,1071,Yes,November,Medium
West Bengal,Malda,25.3,4.73,46.2,29.4,21.3,58.1,53.7,0.39,Poor,Urban,4970,Yes,November,Low
West Bengal,Howrah,48.7,5.06,58.1,48.4,23.1,57.1,12.1,0.26,Moderate,Agricultural,1178,Yes,November,Medium
West Bengal,Murshidabad,37.4,5.11,39.9,73.7,23.1,74.4,43.8,1.96,Good,Wetland,464,Yes,November,Medium
West Bengal,Cooch Behar,27.7,4.42,25.3,49.0,24.1,56.1,40.4,2.06,Moderate,Agricultural,762,Yes,November,Low
West Bengal,Howrah,50.5,5.01,46.1,59.5,19.8,52.0,57.5,0.1,Moderate,Agricultural,1144,Yes,November,Medium
West Bengal,Murshidabad,30.5,4.8,45.4,53.2,19.5,49.5,34.7,0.1,Moderate,Agricultural,769,Yes,November,Low
West Bengal,Murshidabad,39.4,5.19,49.8,76.6,20.2,71.6,30.5,0.55,Good,Wetland,455,Yes,November,Medium
West Bengal,Malda,54.4,5.43,34.6,55.4,24.4,57.8,54.0,1.18,Moderate,Agricultural,420,Yes,November,Medium
West Bengal,Murshidabad,25.2,4.36,49.7,55.7,20.9,59.2,40.1,2.47,Poor,Agricultural,422,Yes,November,Medium
West Bengal,Malda,42.2,5.48,39.6,37.4,22.6,59.2,55.6,0.19,Good,Urban,9933,Yes,November,Low
West Bengal,Murshidabad,41.4,4.34,55.1,65.3,19.6,59.5,46.3,2.18,Good,Agricultural,575,Yes,November,Medium
West Bengal,Murshidabad,50.1,5.42,45.5,45.9,20.3,58.6,24.7,0.66,Good,Agricultural,50,Yes,November,Low
West Bengal,Murshidabad,19.7,4.62,54.6,28.5,22.7,56.4,40.7,1.89,Moderate,Urban,14337,Yes,November,Low
West Bengal,Murshidabad,27.0,4.2,41.1,27.4,21.5,51.0,13.3,2.26,Poor,Urban,12698,Yes,November,Low
West Bengal,Malda,7.1,3.95,30.8,52.0,19.9,61.8,23.9,1.16,Moderate,Agricultural,736,Yes,November,Low
West Bengal,Howrah,34.8,4.51,27.1,37.1,18.3,64.5,44.6,0.62,Moderate,Urban,7538,Yes,December,Low
West Bengal,Howrah,60.7,5.27,59.0,56.1,19.6,53.3,12.1,1.29,Good,Agricultural,962,Yes,December,Medium
West Bengal,Malda,52.1,5.11,67.6,80.1,19.4,69.5,51.5,0.89,Moderate,Wetland,563,No,December,Low
West Bengal,Howrah,51.5,5.22,38.3,57.6,15.1,55.6,53.2,0.53,Moderate,Agricultural,863,Yes,December,Medium
West Bengal,Malda,54.3,5.39,60.1,80.5,17.4,67.0,45.4,1.6,Poor,Wetland,50,No,December,Medium
West Bengal,Malda,0.0,4.52,45.8,24.4,20.3,58.4,36.2,0.28,Moderate,Urban,8269,No,December,Low
West Bengal,Howrah,0.0,4.53,38.7,50.5,15.3,52.0,34.4,2.02,Moderate,Agricultural,1015,Yes,December,Low
West Bengal,Malda,13.6,4.49,52.8,46.0,18.3,60.0,19.2,1.17,Moderate,Agricultural,526,Yes,December,Low
West Bengal,Murshidabad,20.9,4.5,52.4,51.1,20.1,48.6,19.6,0.1,Poor,Agricultural,238,Yes,December,Medium
West Bengal,Murshidabad,30.6,5.12,60.4,55.6,18.4,62.1,20.5,0.1,Good,Agricultural,805,Yes,December,Low
West Bengal,Malda,49.4,4.9,36.8,77.4,18.0,60.0,17.8,0.64,Good,Wetland,393,Yes,December,Medium
West Bengal,Cooch Behar,51.1,4.68,59.7,53.9,19.5,51.7,24.4,2.64,Good,Agricultural,484,Yes,December,Medium
West Bengal,Malda,52.6,5.2,52.3,80.9,19.2,71.1,24.9,0.1,Moderate,Wetland,606,Yes,December,Medium
West Bengal,Malda,47.9,5.41,54.0,52.7,16.2,66.7,11.1,0.1,Poor,Agricultural,656,Yes,December,Medium
West Bengal,Howrah,33.1,4.86,43.5,37.8,17.9,55.3,43.2,0.27,Poor,Urban,4993,Yes,December,Medium
West Bengal,Murshidabad,51.5,5.25,36.1,48.2,19.2,55.9,17.9,1.23,Moderate,Agricultural,927,Yes,December,Low
West Bengal,Howrah,51.3,5.29,42.2,52.9,19.2,62.2,31.0,3.34,Moderate,Agricultural,625,Yes,December,Low
West Bengal,Malda,67.8,5.41,46.0,59.9,17.8,54.4,28.0,1.03,Moderate,Agricultural,640,Yes,December,Medium
West Bengal,Howrah,46.0,4.69,55.8,60.4,13.8,57.6,55.1,0.22,Poor,Agricultural,622,No,December,Low
West Bengal,Malda,19.3,4.61,54.0,83.0,17.2,62.6,28.7,3.25,Good,Wetland,271,Yes,December,Medium
West Bengal,Malda,62.9,4.68,40.9,66.6,18.2,61.2,51.9,2.5,Poor,Agricultural,601,Yes,December,Medium
West Bengal,Malda,72.7,5.42,54.1,55.8,17.4,58.0,50.3,1.53,Good,Agricultural,694,Yes,December,Medium
Odisha,Puri,36.2,3.47,56.2,53.3,16.7,65.9,22.6,0.1,Good,Forest,165,Yes,January,Low
Odisha,Puri,9.0,2.91,42.4,48.1,16.8,58.6,25.9,3.26,Good,Agricultural,503,Yes,January,Low
Odisha,Cuttack,72.7,3.58,32.3,27.1,18.3,60.7,25.4,2.45,Moderate,Urban,10721,No,January,Low
Odisha,Puri,29.8,2.23,44.4,23.2,16.5,51.1,35.4,0.1,Poor,Urban,3925,No,January,Low
Odisha,Cuttack,49.5,3.58,49.0,42.1,15.8,60.5,9.2,2.06,Moderate,Agricultural,192,Yes,January,Low
Odisha,Cuttack,51.6,3.79,51.3,38.7,15.7,57.0,13.5,4.52,Moderate,Urban,9996,Yes,January,Low
Odisha,Cuttack,9.8,2.59,48.6,41.7,19.4,52.7,46.9,0.1,Good,Agricultural,705,Yes,January,Low
Odisha,Cuttack,35.5,2.92,31.4,57.3,18.7,52.4,47.4,0.1,Good,Agricultural,854,No,January,Low
Odisha,Ganjam,42.2,2.96,31.0,50.6,19.4,61.0,17.3,0.75,Moderate,Agricultural,1313,Yes,January,Low
Odisha,Cuttack,66.8,2.87,49.4,54.9,20.5,54.4,47.7,2.46,Poor,Agricultural,325,No,January,Low
Odisha,Puri,56.9,3.57,43.2,55.6,18.4,54.3,9.4,3.18,Moderate,Agricultural,627,Yes,January,Low
Odisha,Cuttack,39.8,2.43,34.4,52.1,17.3,54.0,8.9,1.61,Poor,Agricultural,816,Yes,January,Medium
Odisha,Cuttack,84.8,3.57,46.4,61.8,16.5,71.7,45.9,3.22,Moderate,Forest,109,Yes,January,Medium
Odisha,Puri,73.0,2.95,38.7,50.9,18.9,56.5,39.6,0.37,Moderate,Agricultural,824,Yes,January,Medium
Odisha,Cuttack,39.4,3.22,80.1,55.0,16.4,61.0,45.6,4.22,Moderate,Agricultural,997,No,January,Low
Odisha,Balasore,48.6,2.97,42.3,49.9,19.3,62.7,39.1,3.34,Moderate,Agricultural,883,No,January,Low
Odisha,Cuttack,44.6,2.71,44.1,32.7,17.0,51.1,37.8,1.65,Poor,Urban,15293,Yes,January,Medium
Odisha,Puri,9.0,2.65,46.4,51.9,17.9,51.4,43.9,1.52,Poor,Agricultural,700,No,January,Low
Odisha,Puri,53.3,2.9,38.2,78.5,18.9,63.0,15.6,0.46,Moderate,Wetland,329,Yes,January,Medium
Odisha,Ganjam,45.9,3.16,56.0,81.9,16.6,62.9,8.4,1.48,Good,Wetland,563,Yes,January,Medium
Odisha,Balasore,16.6,2.6,64.2,74.8,20.0,63.5,12.4,4.52,Moderate,Wetland,459,Yes,January,Medium
Odisha,Balasore,48.1,3.31,25.1,62.9,17.0,62.4,6.9,2.48,Good,Forest,225,No,January,Low
Odisha,Cuttack,56.9,3.42,52.4,79.4,23.7,74.3,36.6,1.32,Moderate,Wetland,321,No,February,Low
Odisha,Puri,47.2,2.93,53.8,36.8,20.9,54.4,47.8,2.69,Moderate,Urban,8542,No,February,Low
Odisha,Cuttack,27.3,3.12,40.1,34.6,21.9,56.8,34.3,1.95,Moderate,Urban,4313,Yes,February,Low
Odisha,Puri,11.0,2.76,47.5,69.9,23.3,54.7,28.6,3.69,Poor,Wetland,731,Yes,February,Medium
Odisha,Balasore,36.4,2.57,51.3,62.3,20.0,63.0,15.5,2.2,Good,Forest,245,Yes,February,Low
Odisha,Puri,32.6,2.87,54.2,35.6,24.0,58.4,38.7,1.52,Good,Urban,16104,Yes,February,Low
Odisha,Puri,34.3,3.19,41.3,85.7,21.4,71.1,15.8,2.77,Good,Wetland,369,No,February,Low
Odisha,Ganjam,25.9,2.96,40.1,82.3,19.6,69.1,44.5,2.29,Poor,Wetland,556,Yes,February,Medium
Odisha,Cuttack,49.0,2.54,51.8,31.1,20.1,61.6,22.2,5.09,Moderate,Urban,5796,Yes,February,Low
Odisha,Balasore,46.5,3.27,48.0,29.6,21.0,60.1,15.4,3.77,Poor,Urban,8317,Yes,February,Low
Odisha,Ganjam,51.9,3.0,32.6,57.5,19.9,49.0,45.2,2.73,Good,Agricultural,724,Yes,February,Low
Odisha,Balasore,60.4,2.61,39.3,56.5,20.7,58.3,41.7,3.23,Poor,Agricultural,697,No,February,Low
Odisha,Puri,23.7,2.47,43.5,54.3,20.8,68.2,36.5,3.24,Good,Agricultural,455,Yes,February,Low
Odisha,Cuttack,32.8,3.14,43.5,77.3,20.9,63.9,20.3,3.8,Moderate,Wetland,540,Yes,February,Medium
Odisha,Puri,22.9,2.67,45.4,55.2,21.9,56.6,17.2,1.81,Moderate,Agricultural,613,No,February,Low
Odisha,Ganjam,15.3,2.39,32.7,45.3,22.3,52.6,5.3,0.1,Moderate,Agricultural,897,Yes,February,Low
Odisha,Ganjam,18.2,2.38,58.2,44.1,21.8,53.5,30.9,1.89,Good,Agricultural,637,No,February,Low
Odisha,Puri,71.9,3.08,50.9,43.0,19.0,51.3,19.9,3.12,Poor,Urban,6415,Yes,February,Medium
Odisha,Puri,36.9,3.11,57.7,31.1,22.5,71.0,46.7,0.75,Moderate,Urban,1729,No,February,Low
Odisha,Puri,65.8,3.24,69.0,58.8,21.8,52.8,14.6,0.81,Moderate,Agricultural,817,Yes,February,Medium
Odisha,Puri,72.4,2.47,41.6,51.5,21.7,55.9,10.3,0.32,Good,Agricultural,430,Yes,February,Medium
Odisha,Balasore,38.2,3.18,38.2,48.1,20.7,54.6,22.2,1.67,Good,Agricultural,601,Yes,February,Low
Odisha,Puri,36.2,2.86,29.4,36.8,22.9,53.6,7.9,3.38,Poor,Urban,13030,No,March,Low
Odisha,Ganjam,31.0,3.05,41.2,80.1,25.4,60.3,48.9,2.58,Good,Wetland,406,No,March,Low
Odisha,Balasore,3.9,2.53,28.0,59.0,26.5,52.4,34.9,1.17,Moderate,Agricultural,1120,Yes,March,Low
Odisha,Puri,113.8,3.47,36.9,55.1,29.0,50.6,11.7,3.1,Good,Agricultural,965,Yes,March,Medium
Odisha,Ganjam,24.9,2.92,45.3,59.2,26.7,76.1,40.2,3.23,Good,Forest,129,No,March,Low
Odisha,Puri,7.5,3.09,43.8,52.8,26.1,58.0,26.1,2.37,Good,Agricultural,553,Yes,March,Low
Odisha,Puri,22.5,3.22,47.5,30.5,27.2,59.6,27.5,0.58,Poor,Urban,8238,Yes,March,Low
Odisha,Ganjam,44.9,2.92,38.0,59.0,27.3,74.6,25.0,2.03,Good,Forest,10,No,March,Low
Odisha,Cuttack,15.0,2.26,49.5,49.2,28.4,63.0,5.5,0.1,Moderate,Agricultural,902,Yes,March,Low
Odisha,Cuttack,52.1,2.98,43.0,56.6,26.8,66.9,31.5,2.4,Poor,Agricultural,840,Yes,March,Medium
Odisha,Cuttack,38.8,2.62,39.6,20.9,23.8,56.8,28.5,2.26,Poor,Urban,12784,Yes,March,Medium
Odisha,Puri,82.5,3.31,49.4,51.8,27.3,57.4,24.6,1.28,Moderate,Agricultural,896,Yes,March,Medium
Odisha,Puri,39.5,2.65,43.5,85.3,27.2,69.0,48.1,2.96,Poor,Wetland,569,Yes,March,Medium
Odisha,Cuttack,29.8,2.26,47.0,57.1,28.3,65.3,34.4,2.85,Poor,Agricultural,728,Yes,March,Medium
Odisha,Balasore,0.2,2.88,44.4,70.7,25.5,66.8,15.6,0.66,Poor,Wetland,50,No,March,Low
Odisha,Balasore,48.7,2.62,40.7,34.1,26.1,52.9,39.8,1.2,Moderate,Urban,5366,Yes,March,Low
Odisha,Puri,67.3,3.7,54.9,55.9,26.3,68.1,29.2,1.69,Moderate,Agricultural,413,Yes,March,Medium
Odisha,Cuttack,93.8,3.14,54.5,61.5,26.0,62.0,25.9,1.28,Poor,Agricultural,1032,No,March,Low
Odisha,Puri,75.3,3.09,40.1,81.7,25.8,70.7,49.9,0.1,Poor,Wetland,160,Yes,March,Medium
Odisha,Cuttack,62.9,3.39,43.8,56.0,27.4,56.8,35.5,0.57,Good,Agricultural,833,Yes,March,Medium
Odisha,Puri,48.8,2.81,43.1,64.1,28.9,69.9,19.2,3.56,Moderate,Forest,243,No,March,Low
Odisha,Ganjam,36.4,2.79,43.8,78.7,28.2,71.0,47.6,0.98,Good,Wetland,761,Yes,March,Medium
Odisha,Balasore,44.9,2.87,60.4,83.4,32.1,68.1,15.1,0.87,Moderate,Wetland,430,Yes,April,Medium
Odisha,Puri,90.4,3.58,48.6,82.9,32.5,68.5,49.7,4.34,Poor,Wetland,494,Yes,April,Medium
Odisha,Balasore,58.3,3.49,49.9,80.0,33.2,64.8,19.2,3.2,Good,Wetland,261,Yes,April,Medium
Odisha,Ganjam,37.2,2.57,42.6,74.9,34.4,60.6,8.0,0.29,Moderate,Wetland,182,Yes,April,Medium
Odisha,Puri,43.8,2.82,48.0,52.0,31.7,64.2,24.3,2.34,Moderate,Agricultural,341,Yes,April,Low
Odisha,Puri,21.4,2.64,37.0,81.2,30.0,68.8,49.2,3.0,Poor,Wetland,897,No,April,Low
Odisha,Balasore,54.2,3.23,59.0,59.4,32.3,59.5,29.2,5.68,Poor,Forest,244,Yes,April,Medium
Odisha,Ganjam,49.4,2.8,61.1,66.5,34.1,72.4,5.5,3.02,Moderate,Forest,192,No,April,Low
Odisha,Ganjam,39.5,3.09,44.0,83.7,31.7,59.2,13.8,5.35,Moderate,Wetland,482,Yes,April,Medium
Odisha,Cuttack,3.0,3.17,28.0,34.7,33.3,48.8,14.6,2.48,Poor,Urban,11413,Yes,April,Low
Odisha,Puri,52.2,3.14,56.1,51.3,31.6,55.3,47.7,4.01,Good,Agricultural,368,No,April,Low
Odisha,Cuttack,79.2,3.31,45.5,34.4,32.1,64.2,6.6,1.54,Poor,Urban,7399,Yes,April,Medium
Odisha,Cuttack,53.2,2.77,40.2,44.6,32.0,59.9,31.4,1.96,Good,Agricultural,726,Yes,April,Low
Odisha,Balasore,25.8,3.15,45.7,47.7,34.7,57.8,49.2,2.76,Good,Agricultural,1139,Yes,April,Low
Odisha,Balasore,46.5,2.9,47.5,59.2,30.6,59.3,36.5,1.89,Poor,Agricultural,1202,Yes,April,Medium
Odisha,Cuttack,75.5,3.99,30.9,40.4,34.4,59.9,11.5,0.51,Poor,Urban,5658,Yes,April,Medium
Odisha,Cuttack,73.6,3.18,44.8,53.1,31.3,65.5,13.1,2.16,Good,Forest,42,Yes,April,Medium
Odisha,Ganjam,24.0,3.45,42.8,34.1,30.9,57.6,31.2,0.97,Moderate,Urban,10305,Yes,April,Low
Odisha,Cuttack,100.3,3.91,38.8,55.3,31.1,62.4,32.3,2.32,Good,Agricultural,454,Yes,April,Medium
Odisha,Ganjam,14.4,2.05,47.2,71.4,30.1,67.3,17.9,1.19,Moderate,Wetland,444,No,April,Low
Odisha,Cuttack,25.1,3.0,50.1,48.8,32.4,55.4,19.2,2.44,Poor,Agricultural,974,Yes,April,Medium
Odisha,Cuttack,32.5,2.48,46.7,56.0,30.9,53.0,19.9,0.1,Moderate,Agricultural,887,Yes,April,Low
Odisha,Puri,28.7,2.67,39.0,60.0,32.0,49.5,30.1,1.43,Good,Agricultural,876,Yes,May,Low
Odisha,Cuttack,72.7,3.1,29.1,80.7,35.1,63.9,34.1,1.28,Poor,Wetland,535,Yes,May,Medium
Odisha,Cuttack,45.2,2.93,52.1,49.7,33.3,57.9,42.7,2.71,Good,Agricultural,1220,Yes,May,Low
Odisha,Cuttack,22.3,2.9,45.7,71.5,32.6,68.8,30.7,3.08,Poor,Wetland,380,No,May,Low
Odisha,Cuttack,29.7,3.0,69.5,50.8,34.3,48.9,18.5,3.14,Good,Agricultural,686,Yes,May,Low
Odisha,Balasore,16.9,2.49,61.5,60.8,31.9,62.4,45.4,0.1,Good,Forest,10,Yes,May,Low
Odisha,Puri,57.7,3.39,59.2,85.7,34.4,74.3,34.7,2.57,Moderate,Wetland,445,Yes,May,Medium
Odisha,Cuttack,85.8,3.01,30.8,65.6,33.1,77.5,13.2,3.04,Good,Forest,214,Yes,May,Medium
Odisha,Puri,67.0,3.54,47.8,54.8,34.1,56.4,19.1,2.81,Good,Agricultural,1024,No,May,Low
Odisha,Balasore,40.8,2.71,47.8,65.4,37.1,72.7,14.4,4.32,Moderate,Forest,368,Yes,May,Low
Odisha,Cuttack,48.3,3.34,44.6,76.2,35.1,69.5,27.0,4.94,Moderate,Wetland,617,Yes,May,Medium
Odisha,Cuttack,56.3,3.21,42.6,51.1,32.2,61.2,47.6,0.23,Good,Agricultural,249,No,May,Low
Odisha,Puri,33.6,2.91,45.6,34.0,32.1,58.4,30.8,0.39,Poor,Urban,9549,Yes,May,Medium
Odisha,Ganjam,90.2,3.22,47.3,76.1,35.1,56.7,44.2,3.95,Moderate,Wetland,249,Yes,May,Medium
Odisha,Ganjam,44.0,3.34,39.3,38.5,32.7,61.6,46.2,1.37,Moderate,Urban,8596,Yes,May,Low
Odisha,Puri,73.8,3.44,54.5,58.0,35.7,66.5,24.1,3.91,Moderate,Agricultural,727,Yes,May,Medium
Odisha,Ganjam,47.0,3.12,44.8,45.9,33.1,57.7,43.1,3.75,Good,Agricultural,911,Yes,May,Low
Odisha,Cuttack,23.2,2.68,46.7,68.2,34.3,67.8,49.4,1.45,Poor,Wetland,592,No,May,Low
Odisha,Cuttack,83.1,3.33,46.5,80.3,33.2,62.6,5.6,0.1,Moderate,Wetland,493,Yes,May,Medium
Odisha,Puri,8.4,2.41,58.4,74.0,32.5,62.5,9.9,2.19,Poor,Wetland,433,Yes,May,Medium
Odisha,Balasore,32.2,3.25,38.5,55.8,38.0,62.4,25.2,0.51,Moderate,Agricultural,544,No,May,Low
Odisha,Cuttack,47.2,3.12,44.5,76.4,34.1,69.3,17.0,4.52,Poor,Wetland,381,Yes,May,Medium
Odisha,Puri,69.0,3.97,50.7,55.1,29.7,85.4,30.2,2.68,Poor,Agricultural,647,Yes,June,Medium
Odisha,Cuttack,275.1,6.05,79.5,46.4,32.9,92.1,32.0,0.15,Moderate,Urban,8873,Yes,June,High
Odisha,Cuttack,289.3,6.12,64.2,62.5,33.4,85.4,36.8,1.46,Moderate,Urban,7260,Yes,June,High
Odisha,Balasore,268.8,6.16,54.9,98.0,31.4,100.0,45.0,0.65,Poor,Wetland,227,Yes,June,Extreme
Odisha,Puri,178.4,5.35,58.4,63.1,29.5,90.0,34.7,0.23,Moderate,Agricultural,459,Yes,June,High
Odisha,Cuttack,10.2,3.41,69.5,74.3,30.1,90.2,16.7,3.12,Moderate,Wetland,404,Yes,June,Medium
Odisha,Ganjam,139.5,4.6,71.6,49.7,30.8,86.0,28.4,1.88,Good,Urban,5946,Yes,June,Medium
Odisha,Cuttack,402.1,7.59,72.8,98.0,30.5,100.0,6.8,1.86,Good,Forest,151,Yes,June,Extreme
Odisha,Balasore,266.3,6.21,57.2,73.0,28.7,90.1,8.9,1.75,Poor,Agricultural,1009,Yes,June,Extreme
Odisha,Cuttack,159.4,4.84,67.3,60.7,30.6,91.3,28.0,2.25,Moderate,Agricultural,900,No,June,Medium
Odisha,Balasore,165.4,5.06,51.1,88.7,31.8,98.7,9.9,3.98,Good,Wetland,629,No,June,Medium
Odisha,Puri,402.5,7.68,77.1,78.1,31.6,100.0,12.3,2.89,Moderate,Agricultural,851,No,June,Extreme
Odisha,Puri,130.7,4.73,63.7,69.3,29.8,90.6,44.9,1.5,Good,Forest,186,No,June,Medium
Odisha,Cuttack,209.9,5.55,43.0,71.7,32.3,95.1,15.9,2.59,Good,Forest,13,No,June,Medium
Odisha,Puri,360.4,6.91,55.5,71.3,31.7,100.0,30.5,1.84,Good,Urban,7808,Yes,June,Extreme
Odisha,Balasore,223.5,5.77,52.1,40.5,29.9,81.0,29.6,1.13,Moderate,Urban,8735,Yes,June,High
Odisha,Cuttack,246.9,6.28,56.3,45.1,29.9,96.7,33.6,0.96,Moderate,Urban,10323,Yes,June,High
Odisha,Balasore,292.9,6.41,51.4,48.9,31.2,78.8,45.4,1.14,Poor,Urban,8889,No,June,High
Odisha,Ganjam,300.3,6.18,56.2,59.1,31.8,88.5,43.2,2.81,Poor,Urban,15979,No,June,High
Odisha,Cuttack,419.4,7.82,59.5,92.6,31.1,100.0,23.6,2.55,Moderate,Forest,28,Yes,June,Extreme
Odisha,Balasore,192.5,5.22,54.1,45.2,31.9,85.5,12.7,4.05,Moderate,Urban,8219,Yes,June,Medium
Odisha,Ganjam,237.6,5.1,40.4,63.1,29.2,83.0,44.0,1.65,Poor,Agricultural,1194,Yes,June,High
Odisha,Balasore,298.8,5.81,65.6,62.4,29.9,86.3,48.2,1.25,Moderate,Urban,17167,Yes,July,High
Odisha,Cuttack,133.1,4.19,58.4,45.2,31.7,93.9,41.3,1.95,Good,Urban,5230,No,July,Low
Odisha,Puri,40.1,3.44,73.6,35.1,28.2,83.8,24.5,0.92,Poor,Urban,7264,Yes,July,Medium
Odisha,Ganjam,123.8,4.02,47.1,85.4,27.1,93.6,39.3,1.04,Moderate,Wetland,780,Yes,July,Medium
Odisha,Cuttack,267.1,5.76,76.5,67.9,28.6,90.8,20.8,2.63,Moderate,Agricultural,637,No,July,High
Odisha,Balasore,186.1,4.98,64.5,69.8,26.8,87.7,29.3,4.29,Good,Agricultural,622,Yes,July,Medium
Odisha,Cuttack,240.7,5.52,61.5,71.7,28.3,86.0,22.3,2.42,Good,Agricultural,837,Yes,July,High
Odisha,Ganjam,277.1,6.22,65.7,98.0,27.0,99.7,19.2,0.1,Moderate,Wetland,615,Yes,July,Extreme
Odisha,Puri,279.9,6.33,64.7,78.5,28.5,86.0,27.4,0.62,Good,Agricultural,558,No,July,High
Odisha,Ganjam,361.4,6.56,74.4,98.0,26.9,94.6,39.3,0.1,Poor,Wetland,345,Yes,July,Extreme
Odisha,Balasore,324.2,7.12,88.1,62.7,27.1,92.8,45.5,4.15,Poor,Urban,7623,Yes,July,Extreme
Odisha,Puri,182.4,4.95,64.8,94.0,25.8,91.6,8.1,0.1,Good,Wetland,563,Yes,July,High
Odisha,Balasore,195.0,5.78,59.9,92.3,27.9,100.0,6.8,2.78,Moderate,Wetland,637,No,July,High
Odisha,Balasore,209.0,5.27,75.6,64.5,28.3,86.8,40.9,0.1,Moderate,Agricultural,813,Yes,July,High
Odisha,Balasore,234.6,5.42,60.3,64.4,27.9,83.7,29.9,2.28,Moderate,Agricultural,886,Yes,July,High
Odisha,Cuttack,252.7,6.09,73.4,69.1,27.5,92.2,21.2,0.24,Good,Forest,10,No,July,High
Odisha,Cuttack,295.6,6.0,66.0,76.2,26.4,94.7,49.0,0.1,Moderate,Agricultural,826,No,July,High
Odisha,Balasore,286.4,6.21,57.1,67.6,29.5,82.5,7.0,2.66,Moderate,Agricultural,745,No,July,High
Odisha,Balasore,281.3,5.8,80.8,71.1,28.0,90.7,34.2,0.21,Moderate,Agricultural,814,No,July,High
Odisha,Cuttack,175.5,4.69,65.4,93.7,26.7,92.5,38.4,4.2,Poor,Wetland,545,Yes,July,High
Odisha,Ganjam,334.7,6.48,75.1,54.3,30.1,88.3,17.3,2.32,Poor,Urban,7291,Yes,July,Extreme
Odisha,Puri,279.2,6.15,68.2,62.7,26.2,90.5,26.6,2.18,Moderate,Urban,11810,No,July,High
Odisha,Ganjam,85.3,3.66,91.9,34.9,27.8,82.1,38.5,0.1,Moderate,Urban,2222,Yes,August,Medium
Odisha,Cuttack,286.1,6.14,88.0,56.1,29.7,84.1,36.3,0.1,Poor,Urban,9566,Yes,August,Extreme
Odisha,Cuttack,400.2,7.58,67.0,74.8,27.8,94.2,27.4,2.06,Good,Agricultural,873,No,August,Extreme
Odisha,Ganjam,396.2,7.05,60.8,62.1,27.3,96.9,29.9,3.61,Poor,Urban,3043,Yes,August,Extreme
Odisha,Ganjam,157.1,4.38,98.4,63.5,28.4,86.8,7.7,0.24,Moderate,Agricultural,523,Yes,August,High
Odisha,Balasore,198.1,5.27,57.4,50.1,30.2,82.7,27.9,0.1,Poor,Urban,7830,Yes,August,High
Odisha,Balasore,306.8,6.71,71.9,98.0,28.2,99.9,12.7,0.93,Good,Wetland,719,Yes,August,Extreme
Odisha,Balasore,216.2,5.69,57.1,50.1,28.8,96.2,20.5,1.08,Poor,Urban,10741,No,August,Medium
Odisha,Puri,261.7,6.05,74.4,83.2,26.9,100.0,37.2,0.1,Moderate,Forest,171,No,August,High
Odisha,Ganjam,95.9,4.14,61.0,54.6,29.3,92.0,31.5,2.35,Good,Agricultural,989,No,August,Low
Odisha,Cuttack,168.9,4.99,86.8,52.0,26.8,78.4,44.9,3.69,Poor,Urban,6867,No,August,Medium
Odisha,Puri,298.3,6.78,68.8,90.9,27.9,100.0,33.1,1.99,Moderate,Wetland,436,Yes,August,Extreme
Odisha,Puri,204.2,5.13,72.0,63.4,28.4,87.9,48.0,3.06,Moderate,Agricultural,177,No,August,Medium
Odisha,Puri,228.0,5.57,74.1,58.5,29.5,88.4,47.0,0.14,Good,Urban,8500,No,August,Medium
Odisha,Cuttack,418.7,7.42,64.5,64.4,29.2,100.0,12.2,1.04,Good,Urban,10363,No,August,Extreme
Odisha,Ganjam,286.6,5.74,84.8,66.9,27.7,89.4,12.3,0.1,Poor,Agricultural,636,Yes,August,Extreme
Odisha,Puri,196.8,4.81,93.4,68.8,29.6,83.4,32.4,0.17,Moderate,Agricultural,809,Yes,August,High
Odisha,Cuttack,213.1,5.4,72.9,82.8,26.1,98.9,30.7,3.57,Good,Forest,72,Yes,August,High
Odisha,Cuttack,328.5,6.94,87.1,85.6,28.1,99.1,32.6,3.45,Good,Forest,231,Yes,August,Extreme
Odisha,Ganjam,158.6,4.97,76.6,69.4,27.2,100.0,39.4,5.32,Good,Forest,213,Yes,August,Medium
Odisha,Puri,382.8,6.94,79.2,90.2,27.5,100.0,37.6,0.99,Good,Forest,147,No,August,Extreme
Odisha,Puri,420.4,7.51,86.4,70.8,26.4,91.2,16.2,3.19,Moderate,Urban,8228,No,August,Extreme
Odisha,Puri,313.6,6.31,91.2,44.7,24.6,89.8,18.2,1.58,Poor,Urban,8590,No,September,High
Odisha,Puri,273.6,6.25,78.3,73.6,25.7,88.1,17.1,2.61,Moderate,Agricultural,600,Yes,September,Extreme
Odisha,Puri,171.4,5.16,82.6,86.2,25.8,94.5,35.2,0.79,Poor,Wetland,470,No,September,High
Odisha,Ganjam,67.0,3.92,92.0,47.9,27.1,92.7,18.0,3.78,Good,Agricultural,495,Yes,September,Medium
Odisha,Ganjam,351.0,6.66,93.5,85.5,25.9,89.4,15.0,0.9,Poor,Agricultural,936,No,September,Extreme
Odisha,Balasore,243.7,5.43,86.9,76.0,26.5,85.2,42.1,0.65,Good,Agricultural,362,Yes,September,High
Odisha,Balasore,51.5,3.82,77.8,55.2,25.4,89.7,7.8,4.12,Moderate,Agricultural,1235,No,September,Low
Odisha,Balasore,243.0,5.32,94.6,54.5,24.8,91.2,14.8,2.33,Poor,Urban,7700,Yes,September,High
Odisha,Balasore,387.2,7.06,64.8,96.4,26.3,97.5,38.8,3.53,Poor,Wetland,628,Yes,September,Extreme
Odisha,Balasore,200.8,5.55,97.8,91.2,29.0,87.8,29.1,2.57,Poor,Wetland,422,No,September,High
Odisha,Cuttack,177.5,4.87,70.9,90.8,25.7,88.6,45.5,3.47,Poor,Wetland,659,No,September,Medium
Odisha,Cuttack,106.3,4.55,77.6,38.4,29.1,91.3,47.5,0.81,Poor,Urban,9985,Yes,September,Medium
Odisha,Ganjam,305.3,6.57,78.9,98.0,30.3,95.7,38.3,0.25,Poor,Wetland,521,Yes,September,Extreme
Odisha,Ganjam,203.0,4.64,88.0,64.6,26.7,88.0,9.7,0.29,Poor,Agricultural,851,Yes,September,High
Odisha,Ganjam,229.7,4.95,98.7,42.6,24.0,83.2,34.2,1.8,Poor,Urban,8407,Yes,September,High
Odisha,Cuttack,262.1,6.01,82.2,70.6,29.4,96.9,7.6,1.32,Good,Forest,122,No,September,High
Odisha,Cuttack,264.5,5.66,70.8,96.3,27.3,92.0,15.8,2.05,Poor,Wetland,317,Yes,September,Extreme
Odisha,Balasore,256.6,5.71,80.6,52.6,26.8,85.4,47.6,1.23,Poor,Urban,15124,Yes,September,High
Odisha,Ganjam,271.5,5.52,100.0,71.5,26.5,86.6,17.5,0.79,Moderate,Agricultural,1352,Yes,September,Extreme
Odisha,Cuttack,213.1,5.47,100.0,67.6,28.3,88.8,29.4,0.1,Moderate,Agricultural,488,Yes,September,High
Odisha,Cuttack,374.5,6.83,84.7,97.8,27.1,100.0,23.6,0.98,Good,Forest,204,Yes,September,Extreme
Odisha,Ganjam,289.3,5.98,82.3,49.1,27.5,78.9,17.1,1.75,Good,Urban,7689,No,September,High
Odisha,Balasore,7.1,2.69,42.4,58.9,26.0,59.2,37.0,2.12,Moderate,Forest,163,No,October,Low
Odisha,Puri,74.4,3.05,48.0,78.0,28.2,74.3,47.7,1.38,Good,Wetland,779,No,October,Low
Odisha,Puri,61.9,2.27,58.2,35.8,24.8,62.2,34.8,0.56,Poor,Urban,10186,No,October,Low
Odisha,Ganjam,65.8,3.51,55.7,56.7,25.5,64.8,42.8,2.92,Good,Forest,250,No,October,Low
Odisha,Balasore,41.8,2.74,36.8,55.4,26.1,61.9,34.3,0.1,Poor,Agricultural,562,No,October,Low
Odisha,Ganjam,74.9,3.76,35.8,53.1,25.2,55.5,29.0,2.24,Moderate,Agricultural,50,No,October,Low
Odisha,Puri,32.1,2.77,59.5,51.3,25.5,57.9,31.8,1.31,Moderate,Agricultural,1095,No,October,Low
Odisha,Ganjam,62.4,3.01,46.4,47.1,28.7,60.0,33.3,3.05,Poor,Urban,7816,Yes,October,Medium
Odisha,Puri,44.5,2.28,39.5,31.3,27.2,57.4,15.8,3.73,Moderate,Urban,8741,Yes,October,Low
Odisha,Cuttack,91.4,3.59,43.2,59.7,29.1,55.1,29.4,2.84,Moderate,Agricultural,800,Yes,October,Medium
Odisha,Balasore,56.6,3.13,44.6,81.4,25.2,64.3,21.7,2.22,Poor,Wetland,169,No,October,Low
Odisha,Balasore,71.1,3.35,58.8,59.9,23.1,55.7,47.2,0.1,Moderate,Agricultural,830,No,October,Low
Odisha,Cuttack,22.0,2.75,65.3,46.5,25.2,59.4,46.9,4.84,Moderate,Agricultural,545,Yes,October,Low
Odisha,Cuttack,48.4,2.56,44.4,52.7,28.2,51.1,22.5,3.35,Good,Agricultural,100,Yes,October,Low
Odisha,Balasore,78.9,3.29,50.4,39.9,27.6,62.8,20.7,1.92,Poor,Urban,10553,Yes,October,Medium
Odisha,Ganjam,15.5,2.77,48.6,60.3,26.1,63.5,31.5,2.45,Good,Forest,95,Yes,October,Low
Odisha,Ganjam,40.7,2.54,49.1,91.4,26.1,73.6,22.0,1.42,Poor,Wetland,518,Yes,October,Medium
Odisha,Balasore,47.5,3.42,38.2,58.1,27.9,62.0,12.0,4.88,Moderate,Agricultural,767,No,October,Low
Odisha,Cuttack,44.1,2.78,46.0,32.7,28.1,56.2,29.5,2.76,Poor,Urban,9920,Yes,October,Medium
Odisha,Balasore,41.3,3.02,45.9,33.7,25.6,50.7,32.8,1.65,Poor,Urban,7194,Yes,October,Medium
Odisha,Cuttack,36.8,3.11,25.1,59.5,25.4,59.7,23.4,3.92,Moderate,Agricultural,920,Yes,October,Low
Odisha,Puri,36.2,3.52,42.1,76.8,26.7,60.9,28.9,3.79,Poor,Wetland,255,Yes,October,Medium
Odisha,Ganjam,25.4,2.51,52.8,71.7,20.1,63.0,44.4,3.54,Poor,Wetland,228,Yes,November,Medium
Odisha,Cuttack,19.5,2.75,35.6,79.6,22.4,72.2,41.9,3.36,Poor,Wetland,208,Yes,November,Medium
Odisha,Cuttack,23.5,2.94,39.7,36.9,20.4,48.1,33.1,3.2,Moderate,Urban,4061,Yes,November,Low
Odisha,Balasore,51.2,3.78,51.2,87.0,22.6,64.7,39.3,1.72,Poor,Wetland,563,Yes,November,Medium
Odisha,Puri,62.4,3.5,37.8,34.6,19.3,61.0,18.2,3.42,Poor,Urban,10631,Yes,November,Low
Odisha,Balasore,68.7,3.34,32.0,34.9,20.9,57.8,13.4,0.1,Poor,Urban,7365,No,November,Low
Odisha,Balasore,66.4,3.61,50.0,52.7,21.5,55.2,24.0,3.51,Poor,Agricultural,617,Yes,November,Medium
Odisha,Puri,86.6,3.55,32.3,30.6,20.6,53.1,36.0,0.1,Poor,Urban,8549,Yes,November,Medium
Odisha,Balasore,32.6,2.46,61.3,38.3,21.5,54.1,36.1,2.12,Good,Urban,5633,Yes,November,Low
Odisha,Balasore,24.8,4.01,36.8,51.4,23.7,61.2,24.6,3.49,Moderate,Agricultural,854,Yes,November,Low
Odisha,Puri,61.9,2.63,29.0,51.8,21.2,56.5,48.8,4.19,Good,Agricultural,870,Yes,November,Low
Odisha,Puri,52.7,2.81,24.4,38.7,22.8,59.8,34.2,1.87,Moderate,Urban,7232,Yes,November,Low
Odisha,Ganjam,18.1,2.89,45.2,52.9,21.1,60.2,17.4,2.02,Moderate,Agricultural,1083,Yes,November,Low
Odisha,Ganjam,58.9,3.59,60.4,84.8,21.3,69.9,26.3,3.14,Poor,Wetland,622,No,November,Low
Odisha,Balasore,0.0,2.34,44.2,71.0,21.4,66.9,31.2,2.83,Poor,Wetland,328,No,November,Low
Odisha,Cuttack,5.2,2.24,57.0,25.5,24.4,53.3,11.0,0.82,Poor,Urban,6902,No,November,Low
Odisha,Cuttack,45.1,3.01,30.9,46.1,20.7,54.0,24.7,2.14,Moderate,Agricultural,719,Yes,November,Low
Odisha,Cuttack,35.2,2.9,40.8,77.6,19.1,65.0,37.3,2.01,Moderate,Wetland,718,Yes,November,Medium
Odisha,Balasore,66.7,2.96,47.7,54.3,22.2,55.2,22.8,3.69,Poor,Agricultural,644,No,November,Low
Odisha,Cuttack,3.0,2.59,51.9,40.6,23.8,62.4,20.6,0.48,Good,Urban,10850,Yes,November,Low
Odisha,Puri,24.1,3.01,50.2,51.8,22.8,56.2,14.5,0.1,Moderate,Agricultural,1099,Yes,November,Low
Odisha,Balasore,53.0,3.4,44.5,55.7,19.3,51.7,8.0,1.69,Good,Agricultural,993,Yes,November,Low
Odisha,Balasore,84.3,3.18,47.0,52.5,16.7,63.6,31.7,0.68,Poor,Agricultural,643,No,December,Low
Odisha,Cuttack,47.3,2.81,50.7,81.0,18.4,62.5,48.2,0.87,Moderate,Wetland,555,No,December,Low
Odisha,Ganjam,24.6,2.73,46.0,75.9,16.9,74.4,30.6,4.82,Moderate,Wetland,459,Yes,December,Medium
Odisha,Ganjam,87.7,3.47,49.8,81.4,17.9,66.4,21.0,1.1,Moderate,Wetland,188,No,December,Low
Odisha,Puri,44.1,3.31,49.8,73.9,17.3,60.1,6.2,1.35,Poor,Wetland,429,No,December,Low
Odisha,Balasore,72.6,3.65,72.3,80.4,18.9,61.3,17.9,0.1,Poor,Wetland,454,No,December,Medium
Odisha,Balasore,0.0,2.71,64.5,51.8,16.0,66.6,49.4,2.91,Good,Forest,133,No,December,Low
Odisha,Balasore,16.6,2.66,59.0,75.6,16.1,61.6,26.5,3.54,Moderate,Wetland,707,No,December,Low
Odisha,Cuttack,54.6,3.59,65.6,78.2,15.6,67.6,33.3,2.11,Good,Wetland,753,Yes,December,Medium
Odisha,Puri,96.8,3.36,52.8,91.3,18.1,63.9,30.7,2.31,Moderate,Wetland,568,No,December,Medium
Odisha,Balasore,84.6,3.72,41.8,29.3,19.2,54.0,40.6,4.86,Moderate,Urban,6991,Yes,December,Low
Odisha,Puri,20.4,2.66,55.4,52.8,15.5,59.1,44.1,2.95,Moderate,Agricultural,533,No,December,Low
Odisha,Ganjam,74.1,3.37,40.3,80.5,15.6,69.6,37.3,2.8,Good,Wetland,50,Yes,December,Medium
Odisha,Puri,62.8,3.04,35.8,56.1,19.5,55.5,6.2,0.1,Good,Agricultural,1491,Yes,December,Medium
Odisha,Balasore,7.6,2.42,37.0,80.8,17.8,56.3,40.7,2.99,Moderate,Wetland,431,No,December,Low
Odisha,Balasore,65.6,3.16,34.1,54.7,16.6,56.6,8.4,3.3,Poor,Agricultural,788,Yes,December,Medium
Odisha,Puri,38.4,2.82,42.3,60.0,17.1,62.2,18.4,1.52,Poor,Agricultural,561,Yes,December,Medium
Odisha,Puri,85.6,3.52,46.5,60.1,19.3,60.3,14.5,0.1,Moderate,Agricultural,587,Yes,December,Medium
Odisha,Puri,65.8,3.38,19.7,64.1,19.3,65.4,16.6,1.39,Moderate,Forest,124,No,December,Low
Odisha,Cuttack,35.9,2.72,56.1,46.9,16.6,68.8,36.0,1.67,Moderate,Agricultural,599,No,December,Low
Odisha,Puri,43.2,2.48,44.1,54.1,16.9,72.1,47.4,2.21,Good,Forest,315,Yes,December,Low
Odisha,Balasore,33.8,2.9,53.1,41.5,17.5,60.5,33.1,3.01,Poor,Urban,11800,Yes,December,Low
Kerala,Wayanad,11.4,2.91,39.1,50.9,17.0,52.4,751.5,1.43,Moderate,Agricultural,928,No,January,Low
Kerala,Ernakulam,16.0,2.34,46.0,82.2,15.3,63.3,548.7,0.2,Moderate,Wetland,351,Yes,January,Medium
Kerala,Wayanad,46.8,2.82,41.8,39.7,14.3,52.5,711.8,4.53,Good,Urban,9039,Yes,January,Low
Kerala,Idukki,114.6,3.11,40.2,58.7,15.3,57.5,194.9,0.1,Poor,Agricultural,459,No,January,Low
Kerala,Wayanad,24.2,2.2,51.6,50.8,15.1,55.1,436.7,1.72,Poor,Agricultural,617,Yes,January,Medium
Kerala,Wayanad,44.8,2.38,55.3,81.0,16.1,69.2,313.8,2.51,Poor,Wetland,646,No,January,Low
Kerala,Wayanad,23.2,2.7,47.2,55.0,9.4,57.0,854.4,4.89,Good,Forest,145,Yes,January,Low
Kerala,Ernakulam,33.7,2.94,47.5,25.7,15.6,55.9,402.7,2.2,Good,Urban,13905,Yes,January,Low
Kerala,Wayanad,30.4,2.73,36.7,79.7,13.8,63.7,730.2,3.16,Moderate,Wetland,341,No,January,Low
Kerala,Ernakulam,79.9,4.26,55.9,56.5,16.9,50.1,65.4,4.33,Moderate,Agricultural,722,No,January,Low
Kerala,Ernakulam,45.0,2.8,45.3,28.7,12.7,52.5,591.2,2.54,Good,Urban,7425,Yes,January,Low
Kerala,Idukki,47.5,3.38,34.7,57.9,11.9,63.8,783.5,0.61,Moderate,Forest,252,Yes,January,Medium
Kerala,Ernakulam,59.0,2.84,33.0,55.2,16.7,54.8,660.4,5.29,Moderate,Agricultural,1207,Yes,January,Low
Kerala,Alappuzha,24.2,2.72,58.1,55.3,14.5,47.1,410.4,1.58,Good,Agricultural,407,Yes,January,Low
Kerala,Idukki,50.7,3.49,37.2,72.7,12.5,58.9,534.4,0.1,Poor,Wetland,317,Yes,January,Medium
Kerala,Alappuzha,37.9,2.89,39.9,38.5,15.2,50.4,311.9,1.01,Moderate,Urban,7445,Yes,January,Low
Kerala,Wayanad,21.6,2.49,48.2,56.5,13.7,54.5,772.8,2.07,Moderate,Agricultural,116,Yes,January,Low
Kerala,Ernakulam,30.6,3.18,40.9,50.5,11.2,55.3,872.3,1.33,Good,Agricultural,891,Yes,January,Low
Kerala,Wayanad,48.0,3.0,46.5,49.3,16.3,52.4,181.5,1.47,Good,Agricultural,725,Yes,January,Low
Kerala,Alappuzha,77.6,3.39,53.0,63.3,13.0,44.0,548.7,0.37,Moderate,Agricultural,743,No,January,Low
Kerala,Wayanad,23.0,2.83,44.4,41.7,14.2,55.6,667.6,0.51,Good,Urban,8665,Yes,January,Low
Kerala,Wayanad,49.4,2.99,57.1,76.0,19.3,68.5,248.4,3.38,Moderate,Wetland,343,Yes,January,Medium
Kerala,Ernakulam,42.8,2.38,60.4,56.1,17.1,62.8,650.7,3.5,Good,Forest,90,Yes,February,Low
Kerala,Wayanad,23.8,2.81,56.1,28.0,19.3,58.0,250.8,2.97,Poor,Urban,6517,Yes,February,Medium
Kerala,Idukki,27.4,3.24,30.2,61.2,22.5,61.4,48.3,2.32,Moderate,Forest,150,Yes,February,Low
Kerala,Idukki,58.2,3.59,38.9,48.3,15.5,51.4,609.6,2.24,Poor,Agricultural,946,Yes,February,Medium
Kerala,Wayanad,59.7,2.8,27.3,32.6,15.2,54.3,819.9,4.81,Poor,Urban,10064,Yes,February,Low
Kerala,Ernakulam,80.0,3.33,51.1,50.9,18.5,55.2,654.1,1.53,Moderate,Agricultural,750,No,February,Low
Kerala,Alappuzha,40.8,3.05,35.1,53.6,17.3,48.1,668.8,0.87,Moderate,Agricultural,219,Yes,February,Low
Kerala,Idukki,31.3,2.64,33.5,52.7,15.7,57.8,784.3,0.12,Good,Agricultural,801,Yes,February,Low
Kerala,Wayanad,39.6,2.99,47.1,57.5,15.7,52.5,856.5,1.35,Moderate,Agricultural,1069,Yes,February,Medium
Kerala,Idukki,46.9,2.62,47.7,31.8,18.1,58.7,600.8,0.69,Good,Urban,9287,No,February,Low
Kerala,Alappuzha,66.9,3.12,47.8,31.0,20.1,54.1,8.0,2.06,Good,Urban,7372,No,February,Low
Kerala,Alappuzha,61.1,3.03,47.1,33.6,15.2,58.5,861.5,2.67,Moderate,Urban,10899,Yes,February,Low
Kerala,Alappuzha,41.5,3.36,52.5,35.9,19.0,44.6,437.0,3.77,Moderate,Urban,11738,No,February,Low
Kerala,Alappuzha,30.3,2.89,30.7,72.7,22.3,63.8,25.2,0.5,Moderate,Wetland,332,Yes,February,Medium
Kerala,Wayanad,76.5,3.53,43.8,54.2,19.8,73.9,280.2,1.97,Good,Forest,266,Yes,February,Medium
Kerala,Idukki,44.7,3.16,49.8,83.6,19.4,69.6,40.2,2.98,Moderate,Wetland,415,Yes,February,Medium
Kerala,Idukki,62.9,2.96,44.3,81.2,17.1,70.1,835.5,2.18,Poor,Wetland,499,No,February,Medium
Kerala,Idukki,5.6,2.74,47.9,55.0,14.5,66.7,784.3,3.23,Good,Forest,186,No,February,Low
Kerala,Alappuzha,0.4,2.44,55.1,53.8,21.9,51.5,38.4,0.1,Moderate,Agricultural,926,No,February,Low
Kerala,Alappuzha,17.5,3.03,47.1,47.4,18.4,48.3,168.5,3.33,Poor,Agricultural,944,No,February,Low
Kerala,Ernakulam,33.2,2.77,37.3,52.9,20.8,58.9,429.2,1.82,Moderate,Agricultural,50,Yes,February,Low
Kerala,Ernakulam,68.6,3.46,31.6,31.0,20.0,53.7,274.6,2.76,Moderate,Urban,12883,Yes,February,Medium
Kerala,Idukki,48.1,2.74,34.0,30.6,25.7,60.6,349.6,3.44,Moderate,Urban,4930,Yes,March,Low
Kerala,Alappuzha,79.1,3.18,58.7,73.2,27.7,72.3,45.0,1.6,Good,Forest,59,Yes,March,Medium
Kerala,Alappuzha,36.4,3.01,38.0,51.6,23.3,75.3,346.1,5.32,Good,Forest,75,Yes,March,Low
Kerala,Wayanad,79.4,3.29,43.3,57.4,20.5,58.3,675.0,1.88,Good,Agricultural,873,No,March,Low
Kerala,Idukki,75.4,2.85,41.5,35.9,21.2,54.0,682.4,0.71,Poor,Urban,5802,Yes,March,Medium
Kerala,Wayanad,7.7,2.36,31.5,62.0,16.2,64.6,628.1,2.67,Good,Forest,120,No,March,Low
Kerala,Idukki,62.3,3.41,42.0,29.0,22.3,52.7,754.7,3.12,Moderate,Urban,11041,Yes,March,Low
Kerala,Alappuzha,65.9,3.16,47.1,34.1,21.0,53.6,609.6,1.49,Moderate,Urban,5030,Yes,March,Medium
Kerala,Ernakulam,18.3,2.65,43.1,56.5,24.5,52.4,584.4,3.77,Moderate,Agricultural,850,Yes,March,Low
Kerala,Ernakulam,4.4,2.35,59.0,75.7,26.3,68.2,130.4,0.19,Poor,Wetland,129,Yes,March,Medium
Kerala,Idukki,26.4,2.58,55.3,50.7,22.2,51.4,804.4,2.73,Moderate,Agricultural,452,No,March,Low
Kerala,Idukki,64.6,3.22,39.7,34.8,23.4,55.9,251.8,3.47,Poor,Urban,6157,Yes,March,Low
Kerala,Ernakulam,0.0,2.33,51.9,82.2,23.4,58.9,290.1,0.1,Poor,Wetland,277,No,March,Low
Kerala,Alappuzha,82.3,2.9,61.5,66.6,28.0,67.5,209.5,1.75,Good,Forest,43,No,March,Low
Kerala,Alappuzha,70.5,3.28,33.4,80.0,27.1,62.6,53.0,0.1,Poor,Wetland,599,No,March,Medium
Kerala,Alappuzha,64.2,3.16,49.8,31.7,23.3,55.6,709.3,1.7,Poor,Urban,13084,Yes,March,Medium
Kerala,Idukki,61.8,3.45,45.5,28.2,23.2,48.8,490.6,2.02,Poor,Urban,15731,No,March,Low
Kerala,Ernakulam,17.3,3.62,52.2,53.5,22.6,51.0,233.2,5.18,Moderate,Agricultural,691,Yes,March,Low
Kerala,Wayanad,124.2,3.63,59.7,85.0,24.2,67.3,48.3,1.27,Poor,Wetland,88,Yes,March,High
Kerala,Ernakulam,66.9,3.34,45.3,81.0,23.9,71.3,469.3,4.13,Poor,Wetland,444,No,March,Low
Kerala,Idukki,27.5,2.72,42.1,30.8,23.2,52.1,189.4,1.13,Good,Urban,7178,Yes,March,Low
Kerala,Ernakulam,28.2,3.01,33.0,31.1,27.3,60.3,316.9,0.1,Poor,Urban,10812,No,March,Low
Kerala,Ernakulam,22.7,2.78,52.1,52.4,32.1,59.5,58.5,0.25,Good,Agricultural,819,No,April,Low
Kerala,Wayanad,0.0,2.42,56.1,73.8,26.6,69.2,511.7,2.84,Moderate,Wetland,67,No,April,Low
Kerala,Idukki,35.7,2.54,40.0,80.7,28.0,72.5,332.7,3.92,Moderate,Wetland,324,Yes,April,Medium
Kerala,Wayanad,58.4,2.89,37.8,38.3,26.9,55.5,627.6,5.0,Moderate,Urban,12246,No,April,Low
Kerala,Alappuzha,93.2,3.48,30.1,83.9,33.4,66.5,252.8,1.01,Poor,Wetland,764,No,April,Medium
Kerala,Idukki,74.5,3.45,45.3,84.2,27.7,63.3,748.7,0.87,Good,Wetland,386,Yes,April,Medium
Kerala,Alappuzha,29.5,2.68,49.9,29.9,31.3,55.9,212.2,2.82,Good,Urban,11341,Yes,April,Low
Kerala,Ernakulam,0.0,2.6,50.3,26.6,30.9,50.0,515.4,0.79,Poor,Urban,12005,Yes,April,Low
Kerala,Wayanad,39.2,3.17,40.7,49.0,30.5,58.0,15.0,2.78,Good,Agricultural,253,Yes,April,Low
Kerala,Idukki,55.0,2.58,48.4,29.2,27.1,56.4,755.5,2.08,Poor,Urban,7543,No,April,Low
Kerala,Alappuzha,52.2,2.76,43.6,63.2,28.3,50.8,487.5,2.48,Moderate,Agricultural,839,No,April,Low
Kerala,Ernakulam,58.2,3.06,34.4,27.0,29.0,55.9,571.3,3.19,Moderate,Urban,5023,Yes,April,Low
Kerala,Idukki,32.9,2.8,37.9,67.7,25.7,60.8,735.9,3.1,Good,Forest,10,Yes,April,Low
Kerala,Wayanad,16.5,2.77,55.3,29.6,27.2,56.0,686.9,2.8,Moderate,Urban,17564,No,April,Low
Kerala,Wayanad,0.0,2.45,58.8,47.8,31.8,51.7,5.1,1.73,Moderate,Agricultural,1269,No,April,Low
Kerala,Idukki,5.9,3.17,45.8,25.9,28.8,53.5,200.5,2.66,Poor,Urban,12494,Yes,April,Low
Kerala,Wayanad,6.1,2.3,41.0,72.6,31.8,73.8,571.1,2.21,Poor,Wetland,373,Yes,April,Medium
Kerala,Wayanad,52.3,2.92,63.0,54.7,28.8,59.0,333.7,1.02,Good,Agricultural,590,Yes,April,Medium
Kerala,Ernakulam,43.5,3.04,49.0,34.5,32.3,59.2,30.0,2.8,Poor,Urban,10575,No,April,Low
Kerala,Idukki,82.8,3.1,32.8,52.1,28.7,65.9,555.2,0.59,Moderate,Agricultural,158,No,April,Low
Kerala,Idukki,66.0,3.37,43.5,84.1,31.4,62.0,56.5,0.97,Poor,Wetland,723,Yes,April,Medium
Kerala,Idukki,79.3,3.39,52.8,63.1,30.1,66.8,303.1,1.39,Good,Forest,81,Yes,April,Medium
Kerala,Ernakulam,57.8,3.22,39.9,53.4,32.8,57.1,293.6,0.1,Poor,Agricultural,590,Yes,May,Medium
Kerala,Idukki,27.4,2.92,41.9,53.1,30.5,55.7,716.7,1.59,Moderate,Agricultural,780,Yes,May,Low
Kerala,Wayanad,63.5,3.58,59.9,58.4,30.1,59.2,249.0,1.89,Good,Agricultural,1052,Yes,May,Medium
Kerala,Idukki,57.7,3.07,33.3,76.2,32.6,63.0,317.4,2.18,Moderate,Wetland,241,Yes,May,Medium
Kerala,Wayanad,10.6,2.25,64.0,75.8,28.7,70.6,598.5,3.69,Poor,Wetland,494,Yes,May,Medium
Kerala,Ernakulam,63.4,2.85,44.8,62.8,31.6,66.6,43.7,1.91,Good,Forest,275,Yes,May,Medium
Kerala,Idukki,35.6,3.14,51.1,63.0,31.4,54.2,487.1,0.79,Moderate,Agricultural,50,No,May,Low
Kerala,Alappuzha,58.9,3.61,34.4,83.8,31.9,62.1,532.3,1.29,Poor,Wetland,290,Yes,May,Medium
Kerala,Ernakulam,36.0,3.49,56.0,52.1,32.1,57.9,113.7,2.29,Moderate,Agricultural,936,No,May,Low
Kerala,Ernakulam,14.9,2.98,34.7,53.5,33.5,57.4,197.8,4.83,Good,Agricultural,1086,Yes,May,Low
Kerala,Idukki,58.3,2.7,42.2,68.2,31.6,64.1,191.3,4.07,Good,Forest,36,Yes,May,Low
Kerala,Alappuzha,15.2,2.83,53.8,22.5,31.0,57.0,795.4,0.77,Poor,Urban,9362,No,May,Low
Kerala,Ernakulam,61.2,3.3,52.0,31.3,32.0,48.7,189.0,1.61,Poor,Urban,12490,Yes,May,Medium
Kerala,Ernakulam,16.8,2.84,46.7,29.9,29.3,57.8,550.9,1.85,Poor,Urban,13432,Yes,May,Low
Kerala,Alappuzha,29.0,3.06,36.4,28.2,31.8,55.6,409.8,1.95,Moderate,Urban,5911,No,May,Low
Kerala,Ernakulam,68.7,2.86,50.8,81.7,32.6,70.1,370.4,0.37,Moderate,Wetland,107,No,May,Low
Kerala,Alappuzha,64.3,3.61,42.5,52.1,29.3,53.2,432.0,1.17,Moderate,Agricultural,1000,No,May,Low
Kerala,Idukki,80.8,3.32,41.4,54.6,31.2,62.6,183.7,0.81,Good,Agricultural,674,No,May,Low
Kerala,Idukki,20.7,3.18,47.0,58.6,29.8,52.6,657.1,0.1,Good,Forest,156,Yes,May,Low
Kerala,Wayanad,35.6,2.77,55.8,70.8,34.0,64.4,251.2,2.11,Poor,Wetland,528,No,May,Low
Kerala,Ernakulam,44.0,2.79,52.7,37.0,33.4,52.3,346.3,2.61,Poor,Urban,9686,No,May,Low
Kerala,Idukki,43.5,2.6,52.3,64.5,28.0,57.9,792.1,2.28,Moderate,Agricultural,786,No,May,Low
Kerala,Ernakulam,281.3,6.29,60.3,85.2,24.7,100.0,802.3,1.62,Poor,Wetland,763,Yes,June,Extreme
Kerala,Idukki,273.2,6.26,42.3,60.5,30.8,98.8,282.5,1.07,Moderate,Urban,7794,Yes,June,High
Kerala,Alappuzha,209.8,5.54,59.3,79.1,26.4,92.5,747.3,1.34,Good,Forest,153,Yes,June,High
Kerala,Ernakulam,179.4,4.71,75.7,78.3,26.8,97.3,722.8,1.17,Moderate,Forest,146,Yes,June,High
Kerala,Alappuzha,262.4,5.6,64.6,80.7,31.2,87.6,10.1,5.77,Good,Forest,180,Yes,June,High
Kerala,Ernakulam,264.8,5.66,61.9,98.0,29.0,90.4,385.6,0.88,Poor,Wetland,813,Yes,June,Extreme
Kerala,Wayanad,159.4,4.04,63.0,47.3,31.0,84.7,11.6,0.81,Poor,Urban,8299,No,June,Medium
Kerala,Alappuzha,344.3,6.68,74.1,54.4,27.4,95.5,556.8,0.61,Poor,Urban,13334,Yes,June,Extreme
Kerala,Idukki,74.5,3.67,54.3,71.8,21.4,100.0,843.8,3.03,Moderate,Wetland,220,No,June,Low
Kerala,Idukki,148.3,4.28,76.6,61.7,25.0,88.9,611.4,2.18,Moderate,Agricultural,521,Yes,June,Medium
Kerala,Wayanad,380.6,7.09,75.2,61.7,29.0,88.4,267.1,0.1,Good,Urban,10722,No,June,Extreme
Kerala,Wayanad,105.7,4.87,68.9,58.2,26.2,82.2,862.0,1.8,Good,Agricultural,844,No,June,Medium
Kerala,Ernakulam,396.9,6.9,78.0,84.1,31.9,86.9,113.9,1.28,Moderate,Agricultural,995,Yes,June,Extreme
Kerala,Wayanad,154.2,4.72,41.4,65.8,29.4,87.3,349.7,2.07,Moderate,Agricultural,202,Yes,June,Medium
Kerala,Ernakulam,174.9,5.03,68.5,59.8,27.5,88.8,824.1,0.33,Moderate,Agricultural,1144,Yes,June,High
Kerala,Ernakulam,295.0,6.65,49.2,57.2,29.8,86.4,421.3,1.43,Moderate,Urban,14439,Yes,June,Extreme
Kerala,Alappuzha,279.6,6.35,61.5,94.5,31.6,100.0,182.2,2.18,Poor,Wetland,782,Yes,June,Extreme
Kerala,Idukki,359.8,6.79,59.2,98.0,24.6,100.0,275.2,2.85,Poor,Wetland,734,No,June,Extreme
Kerala,Ernakulam,192.0,4.68,68.9,57.2,26.3,91.8,777.3,3.18,Moderate,Agricultural,778,No,June,Medium
Kerala,Alappuzha,219.2,5.67,64.3,69.3,23.1,79.7,723.1,0.99,Poor,Agricultural,427,Yes,June,High
Kerala,Alappuzha,212.9,5.43,54.3,90.8,29.0,98.1,144.2,0.1,Poor,Wetland,334,Yes,June,High
Kerala,Idukki,231.6,5.27,55.9,92.2,27.9,88.7,566.4,3.37,Moderate,Wetland,633,Yes,June,High
Kerala,Idukki,305.0,6.25,69.4,73.3,24.8,94.6,583.7,0.88,Good,Agricultural,628,Yes,July,Extreme
Kerala,Ernakulam,281.9,6.55,69.3,59.5,26.5,85.7,64.5,1.29,Poor,Urban,11001,Yes,July,Extreme
Kerala,Alappuzha,209.0,5.65,58.8,72.6,24.7,81.8,874.4,1.96,Poor,Agricultural,265,Yes,July,High
Kerala,Wayanad,167.8,4.3,62.7,59.6,25.7,89.4,38.0,1.06,Poor,Agricultural,1027,Yes,July,Medium
Kerala,Ernakulam,299.8,5.66,57.9,48.2,25.8,91.3,652.1,1.31,Poor,Urban,278,Yes,July,High
Kerala,Alappuzha,103.6,4.24,75.7,62.4,25.1,81.7,668.8,1.72,Moderate,Agricultural,920,Yes,July,Medium
Kerala,Alappuzha,342.4,6.97,75.0,87.0,23.8,100.0,604.1,0.3,Good,Forest,140,Yes,July,Extreme
Kerala,Wayanad,88.3,3.83,63.9,57.4,29.3,79.1,96.7,0.14,Moderate,Agricultural,911,Yes,July,Medium
Kerala,Idukki,48.6,3.0,89.7,65.1,25.9,96.2,795.9,0.1,Good,Forest,125,No,July,Low
Kerala,Wayanad,134.4,4.88,80.1,86.3,26.2,87.9,153.7,1.48,Moderate,Wetland,50,Yes,July,High
Kerala,Alappuzha,171.3,4.96,50.5,73.9,21.4,88.0,809.1,0.1,Good,Forest,293,Yes,July,Medium
Kerala,Wayanad,179.3,5.06,64.6,68.6,24.4,88.2,468.6,1.15,Moderate,Agricultural,295,Yes,July,High
Kerala,Alappuzha,113.9,4.68,73.3,59.6,23.7,83.5,563.9,1.41,Moderate,Agricultural,884,Yes,July,Medium
Kerala,Idukki,4.7,3.14,80.4,43.8,22.9,90.8,399.9,1.86,Moderate,Agricultural,920,Yes,July,Medium
Kerala,Idukki,238.7,5.49,57.4,61.3,22.8,85.7,543.4,4.07,Good,Agricultural,901,Yes,July,High
Kerala,Wayanad,214.9,5.45,70.6,47.9,23.5,84.9,778.9,0.77,Good,Urban,6787,Yes,July,High
Kerala,Idukki,256.1,5.59,67.5,82.4,23.6,100.0,813.1,0.11,Good,Forest,252,Yes,July,High
Kerala,Alappuzha,137.2,4.51,59.0,67.5,24.7,92.5,897.7,3.83,Good,Agricultural,488,Yes,July,Medium
Kerala,Alappuzha,147.4,5.04,62.0,38.5,26.3,89.4,490.1,2.76,Poor,Urban,6972,Yes,July,Medium
Kerala,Wayanad,199.5,5.29,65.6,42.3,26.8,90.8,457.1,3.17,Moderate,Urban,9855,Yes,July,Medium
Kerala,Idukki,272.8,6.31,52.0,81.0,22.5,100.0,621.6,1.39,Moderate,Forest,133,No,July,High
Kerala,Idukki,225.6,5.68,71.9,44.2,28.3,84.3,39.6,0.1,Good,Urban,10507,No,July,Medium
Kerala,Alappuzha,364.7,7.03,53.2,90.2,25.3,92.2,489.5,0.71,Moderate,Forest,131,Yes,August,Extreme
Kerala,Wayanad,244.0,6.05,81.5,67.3,23.6,90.9,898.1,4.14,Poor,Agricultural,482,No,August,High
Kerala,Alappuzha,272.6,5.85,100.0,58.7,25.7,86.2,289.9,3.4,Good,Urban,12837,Yes,August,High
Kerala,Alappuzha,334.3,6.84,78.3,78.0,25.5,88.4,265.5,2.92,Good,Agricultural,646,Yes,August,Extreme
Kerala,Ernakulam,242.3,6.11,79.5,98.0,26.7,97.0,241.3,0.1,Poor,Wetland,595,Yes,August,Extreme
Kerala,Idukki,223.5,5.2,72.7,52.6,27.3,89.4,234.1,0.1,Moderate,Urban,4684,Yes,August,High
Kerala,Wayanad,284.7,5.78,93.3,60.1,27.5,90.1,195.3,3.27,Poor,Urban,8070,No,August,High
Kerala,Alappuzha,202.7,5.33,61.3,57.6,28.2,87.3,291.0,2.7,Good,Urban,9041,Yes,August,High
Kerala,Wayanad,0.0,3.44,81.5,68.4,30.0,91.8,236.6,3.5,Poor,Wetland,455,No,August,Low
Kerala,Alappuzha,95.6,4.12,86.2,38.9,18.7,88.2,881.3,4.18,Moderate,Urban,14668,Yes,August,Medium
Kerala,Idukki,252.9,6.31,75.0,73.5,27.4,89.7,217.4,2.17,Poor,Agricultural,374,No,August,High
Kerala,Wayanad,279.5,6.12,77.9,98.0,24.9,100.0,337.1,1.86,Poor,Wetland,520,Yes,August,Extreme
Kerala,Alappuzha,167.0,4.75,81.0,77.5,26.9,96.5,220.7,0.1,Poor,Wetland,653,Yes,August,High
Kerala,Ernakulam,182.3,4.68,76.5,65.2,20.4,80.0,774.9,0.38,Poor,Agricultural,334,No,August,Medium
Kerala,Wayanad,175.3,4.79,85.4,92.2,19.9,89.8,825.2,0.1,Moderate,Wetland,212,Yes,August,High
Kerala,Alappuzha,291.6,6.15,75.3,75.8,25.5,87.9,268.9,2.18,Poor,Agricultural,469,Yes,August,Extreme
Kerala,Wayanad,278.5,5.83,62.3,97.9,29.7,100.0,32.2,1.41,Moderate,Wetland,500,Yes,August,Extreme
Kerala,Idukki,278.5,5.89,89.9,51.6,23.5,83.1,492.7,0.37,Moderate,Urban,6193,No,August,High
Kerala,Alappuzha,233.9,5.61,78.4,93.2,27.7,96.3,98.2,5.36,Moderate,Wetland,248,No,August,High
Kerala,Alappuzha,165.0,4.88,54.2,47.4,25.5,86.3,128.7,3.08,Good,Urban,14620,Yes,August,Medium
Kerala,Idukki,370.7,7.16,100.0,98.0,28.8,100.0,92.9,2.59,Poor,Wetland,622,Yes,August,Extreme
Kerala,Ernakulam,207.1,5.37,51.8,71.7,28.4,93.9,142.1,3.1,Good,Forest,193,Yes,August,High
Kerala,Wayanad,332.3,7.05,88.7,83.9,24.2,94.4,566.4,1.34,Good,Agricultural,624,Yes,September,Extreme
Kerala,Wayanad,129.3,4.4,72.5,57.9,22.1,93.0,822.3,3.51,Poor,Agricultural,1100,Yes,September,Medium
Kerala,Wayanad,289.9,6.72,88.9,56.7,25.6,80.7,28.3,3.17,Poor,Urban,8923,No,September,High
Kerala,Wayanad,328.7,6.37,100.0,98.0,23.8,98.7,370.8,0.41,Good,Wetland,235,No,September,Extreme
Kerala,Alappuzha,104.0,3.92,92.6,40.2,26.1,83.3,135.7,2.77,Moderate,Urban,3423,No,September,Medium
Kerala,Wayanad,269.1,6.0,100.0,79.2,23.1,93.2,688.0,3.13,Poor,Agricultural,997,Yes,September,Extreme
Kerala,Alappuzha,190.9,5.37,84.6,65.4,22.3,94.2,543.0,0.61,Poor,Agricultural,557,Yes,September,High
Kerala,Ernakulam,40.9,3.9,74.6,70.4,22.1,91.4,802.0,2.43,Good,Forest,64,Yes,September,Medium
Kerala,Wayanad,362.7,7.01,86.2,80.9,19.3,87.5,815.4,2.2,Good,Agricultural,1077,Yes,September,Extreme
Kerala,Alappuzha,180.8,5.26,76.0,69.0,23.3,91.5,661.8,2.47,Moderate,Agricultural,530,Yes,September,High
Kerala,Ernakulam,8.6,3.0,82.6,52.5,23.8,81.4,604.2,1.46,Moderate,Agricultural,1190,Yes,September,Medium
Kerala,Wayanad,286.0,6.41,77.6,73.1,28.5,93.7,150.1,2.37,Moderate,Agricultural,743,No,September,High
Kerala,Ernakulam,291.5,6.2,100.0,95.9,24.6,97.6,260.4,0.63,Poor,Wetland,417,Yes,September,Extreme
Kerala,Ernakulam,283.5,6.31,76.6,53.8,24.3,98.4,22.6,0.85,Poor,Urban,16497,No,September,High
Kerala,Ernakulam,375.3,7.1,76.3,81.5,22.2,86.2,890.0,3.39,Poor,Agricultural,892,Yes,September,Extreme
Kerala,Wayanad,311.7,6.98,78.7,76.9,28.3,90.4,22.9,2.37,Poor,Agricultural,561,Yes,September,Extreme
Kerala,Ernakulam,189.6,5.39,87.5,46.5,25.7,88.6,245.1,0.77,Poor,Urban,14522,Yes,September,High
Kerala,Wayanad,89.3,3.94,85.5,40.3,27.0,84.3,75.5,2.28,Poor,Urban,9197,Yes,September,Medium
Kerala,Ernakulam,63.8,3.26,89.5,52.3,22.8,72.8,530.9,3.49,Good,Agricultural,368,Yes,September,Medium
Kerala,Alappuzha,182.2,4.72,98.6,64.4,27.1,81.1,30.6,0.85,Good,Agricultural,465,No,September,Medium
Kerala,Ernakulam,193.0,4.76,89.3,52.7,26.8,86.4,91.1,2.06,Moderate,Urban,6363,No,September,Medium
Kerala,Idukki,384.2,8.07,79.5,98.0,25.5,100.0,247.1,1.58,Good,Wetland,492,No,September,Extreme
Kerala,Idukki,7.7,2.6,33.5,30.9,23.2,51.1,60.5,2.85,Moderate,Urban,4760,Yes,October,Low
Kerala,Alappuzha,25.3,2.62,52.2,63.9,22.8,55.2,305.9,1.31,Good,Agricultural,703,Yes,October,Low
Kerala,Wayanad,57.2,2.76,33.0,55.4,22.9,54.9,410.2,2.12,Good,Agricultural,536,Yes,October,Medium
Kerala,Alappuzha,21.3,2.98,44.7,32.7,20.1,53.1,711.9,2.8,Moderate,Urban,14043,Yes,October,Low
Kerala,Alappuzha,26.9,3.39,38.8,26.3,19.3,57.4,862.1,1.2,Poor,Urban,11906,Yes,October,Low
Kerala,Alappuzha,68.9,3.64,59.4,86.8,22.6,74.7,729.1,1.12,Moderate,Wetland,555,Yes,October,Medium
Kerala,Wayanad,0.7,2.9,40.5,82.8,26.7,68.3,227.4,1.89,Moderate,Wetland,480,Yes,October,Medium
Kerala,Idukki,26.5,3.1,60.6,33.4,19.2,52.4,720.0,3.91,Moderate,Urban,9512,No,October,Low
Kerala,Alappuzha,55.3,3.04,49.5,65.1,23.7,53.8,187.8,4.49,Good,Agricultural,50,Yes,October,Low
Kerala,Idukki,27.3,2.73,32.7,62.6,24.3,64.2,123.2,0.1,Poor,Forest,224,Yes,October,Medium
Kerala,Wayanad,15.9,2.46,41.4,54.7,22.5,51.0,502.6,0.1,Poor,Agricultural,501,Yes,October,Medium
Kerala,Ernakulam,38.7,2.84,49.4,80.0,23.5,65.4,580.2,0.69,Poor,Wetland,50,No,October,Low
Kerala,Alappuzha,25.1,3.11,27.2,84.0,25.9,64.9,234.9,2.72,Poor,Wetland,261,No,October,Low
Kerala,Wayanad,8.4,2.81,34.9,45.4,20.5,63.3,536.5,4.68,Good,Agricultural,908,No,October,Low
Kerala,Alappuzha,4.5,2.85,27.2,42.6,20.2,48.0,809.1,2.03,Poor,Agricultural,977,Yes,October,Low
Kerala,Alappuzha,84.4,3.54,30.5,59.5,24.8,51.7,120.9,0.31,Good,Agricultural,1099,Yes,October,Medium
Kerala,Alappuzha,38.8,2.64,36.6,36.9,28.4,57.6,96.9,1.38,Poor,Urban,8106,No,October,Low
Kerala,Ernakulam,42.6,2.63,38.7,34.9,25.9,62.8,154.2,1.45,Poor,Urban,2134,Yes,October,Medium
Kerala,Wayanad,10.4,2.37,43.6,52.6,23.1,57.5,772.3,2.73,Poor,Agricultural,313,Yes,October,Low
Kerala,Wayanad,16.9,2.71,42.9,45.7,23.0,52.7,793.3,2.96,Moderate,Agricultural,659,Yes,October,Low
Kerala,Alappuzha,29.2,3.06,49.1,38.3,23.0,68.2,213.0,1.27,Poor,Urban,15400,Yes,October,Low
Kerala,Alappuzha,65.9,2.84,52.7,38.2,19.8,57.0,684.4,1.97,Poor,Urban,6276,Yes,October,Medium
Kerala,Wayanad,79.4,3.4,50.3,55.1,20.6,63.5,148.1,2.23,Poor,Agricultural,1117,Yes,November,Medium
Kerala,Alappuzha,36.6,2.87,50.3,89.8,17.0,67.3,855.2,2.87,Moderate,Wetland,538,No,November,Low
Kerala,Idukki,79.2,3.13,56.8,35.3,23.3,68.6,75.3,4.34,Moderate,Urban,11631,No,November,Low
Kerala,Ernakulam,22.2,2.42,26.0,37.5,20.2,60.0,168.2,3.93,Poor,Urban,13052,No,November,Low
Kerala,Alappuzha,0.0,2.75,63.1,69.7,18.6,72.1,452.1,1.24,Poor,Wetland,391,Yes,November,Medium
Kerala,Ernakulam,0.0,2.4,41.0,78.4,16.8,59.6,817.7,2.35,Good,Wetland,422,No,November,Low
Kerala,Ernakulam,79.1,2.99,48.7,61.2,21.1,62.6,89.0,3.35,Poor,Forest,80,Yes,November,Medium
Kerala,Alappuzha,79.4,3.48,45.3,80.3,18.8,74.1,504.2,0.1,Poor,Wetland,385,No,November,Medium
Kerala,Wayanad,11.4,3.11,27.0,61.6,18.7,68.7,195.0,0.1,Good,Forest,165,No,November,Low
Kerala,Alappuzha,41.8,2.84,52.0,44.0,17.0,60.8,556.0,3.42,Poor,Urban,7050,No,November,Low
Kerala,Idukki,0.0,2.51,48.1,67.6,18.7,60.0,828.0,4.01,Moderate,Wetland,576,Yes,November,Low
Kerala,Idukki,29.8,2.49,48.5,50.6,16.5,44.5,517.5,0.69,Moderate,Agricultural,930,Yes,November,Low
Kerala,Idukki,63.7,3.12,49.3,27.9,19.7,53.4,510.3,0.39,Moderate,Urban,7738,Yes,November,Medium
Kerala,Idukki,79.5,3.72,35.6,57.3,17.4,55.2,539.8,1.66,Good,Agricultural,893,No,November,Low
Kerala,Alappuzha,68.7,3.63,24.2,29.7,20.1,51.5,81.7,4.26,Poor,Urban,9789,Yes,November,Low
Kerala,Idukki,68.3,3.51,43.8,81.8,19.4,64.8,613.0,0.1,Poor,Wetland,371,Yes,November,Medium
Kerala,Ernakulam,41.2,3.0,60.9,31.5,15.4,58.3,612.4,0.27,Poor,Urban,10715,Yes,November,Medium
Kerala,Ernakulam,0.0,2.55,49.2,72.2,16.7,67.0,800.7,2.73,Poor,Wetland,368,Yes,November,Medium
Kerala,Wayanad,44.9,3.45,50.7,52.8,20.2,65.1,380.5,0.1,Poor,Agricultural,326,No,November,Low
Kerala,Idukki,29.9,2.92,32.7,38.0,22.5,50.3,34.0,3.1,Good,Urban,11563,No,November,Low
Kerala,Alappuzha,69.2,3.55,50.1,57.0,19.3,63.8,559.4,4.52,Moderate,Agricultural,678,Yes,November,Low
Kerala,Wayanad,43.6,2.97,42.6,76.7,17.1,67.9,774.3,1.89,Moderate,Wetland,558,Yes,November,Medium
Kerala,Alappuzha,97.2,3.3,48.3,31.6,16.0,63.9,131.4,3.22,Poor,Urban,6369,Yes,December,Medium
Kerala,Idukki,64.0,3.33,46.0,53.0,17.0,61.2,421.4,2.63,Moderate,Agricultural,50,Yes,December,Medium
Kerala,Wayanad,15.6,2.46,40.8,51.9,14.4,57.1,616.6,2.4,Moderate,Agricultural,642,Yes,December,Low
Kerala,Alappuzha,16.2,2.56,35.5,87.1,16.1,68.1,193.4,0.1,Moderate,Wetland,495,No,December,Low
Kerala,Wayanad,74.2,3.33,36.2,54.1,16.4,47.4,147.7,3.07,Good,Agricultural,618,Yes,December,Low
Kerala,Ernakulam,61.3,3.28,49.4,69.9,14.0,65.3,754.1,1.89,Moderate,Wetland,223,No,December,Low
Kerala,Alappuzha,23.4,3.01,48.8,73.4,16.4,68.6,214.1,1.84,Poor,Wetland,318,No,December,Low
Kerala,Wayanad,48.8,3.27,38.1,65.4,14.0,62.6,890.8,0.1,Good,Forest,284,Yes,December,Medium
Kerala,Ernakulam,35.4,2.88,26.3,60.8,16.4,74.5,416.1,0.73,Moderate,Forest,244,Yes,December,Medium
Kerala,Wayanad,14.3,2.18,41.6,48.8,16.9,54.4,326.3,2.27,Poor,Agricultural,668,Yes,December,Low
Kerala,Wayanad,21.0,2.84,32.7,40.3,15.0,50.9,302.6,3.53,Moderate,Urban,12454,Yes,December,Low
Kerala,Wayanad,36.4,2.85,30.3,50.7,19.1,62.8,181.3,0.85,Moderate,Agricultural,560,Yes,December,Low
Kerala,Wayanad,8.5,2.55,43.2,26.6,13.9,53.9,675.4,1.92,Moderate,Urban,7711,Yes,December,Low
Kerala,Wayanad,51.3,2.92,40.5,38.2,11.9,63.4,803.7,0.34,Moderate,Urban,10001,Yes,December,Low
Kerala,Wayanad,62.9,2.87,38.7,40.0,14.7,56.9,448.0,0.46,Moderate,Urban,9557,Yes,December,Medium
Kerala,Idukki,79.0,3.09,45.9,43.2,16.1,59.2,173.7,2.41,Poor,Urban,6175,Yes,December,Medium
Kerala,Alappuzha,37.6,2.63,37.2,26.5,15.8,49.8,499.7,1.39,Poor,Urban,10557,Yes,December,Medium
Kerala,Alappuzha,68.8,3.13,45.9,27.4,16.8,60.1,244.1,2.23,Poor,Urban,12804,Yes,December,Medium
Kerala,Wayanad,21.4,3.14,40.1,71.0,17.6,74.0,304.5,4.03,Moderate,Wetland,582,No,December,Low
Kerala,Wayanad,91.4,3.68,45.3,27.2,15.9,56.3,154.2,3.64,Poor,Urban,7821,No,December,Low
Kerala,Wayanad,42.1,2.81,35.2,29.8,14.8,61.3,775.3,1.6,Poor,Urban,17996,Yes,December,Medium
Kerala,Wayanad,46.6,3.39,55.4,57.4,15.8,56.3,471.8,3.33,Moderate,Agricultural,372,Yes,December,Low
Uttarakhand,Rudraprayag,42.9,1.4,64.7,69.9,15.9,60.1,608.5,26.21,Good,Forest,48,Yes,January,Medium
Uttarakhand,Dehradun,32.4,1.18,49.8,40.7,7.8,52.2,2221.9,27.19,Poor,Urban,3958,Yes,January,Medium
Uttarakhand,Chamoli,39.0,1.34,29.1,64.5,2.3,73.4,2164.4,20.91,Good,Forest,141,Yes,January,Medium
Uttarakhand,Dehradun,32.1,1.18,52.0,58.1,4.3,65.6,1795.2,42.9,Moderate,Agricultural,1010,Yes,January,Medium
Uttarakhand,Dehradun,88.2,2.09,49.6,59.2,0.7,66.0,2797.8,17.81,Moderate,Agricultural,203,Yes,January,Medium
Uttarakhand,Rudraprayag,0.0,1.42,35.9,44.8,11.8,61.1,897.7,17.59,Poor,Agricultural,736,No,January,Low
Uttarakhand,Chamoli,58.8,1.49,59.9,64.0,1.5,49.6,2503.0,28.41,Good,Agricultural,339,Yes,January,Medium
Uttarakhand,Dehradun,5.7,1.46,44.4,49.1,0.9,61.1,2734.0,23.4,Moderate,Agricultural,694,Yes,January,Low
Uttarakhand,Uttarkashi,52.4,1.14,58.0,53.5,0.6,53.4,2751.1,36.51,Good,Agricultural,612,Yes,January,Medium
Uttarakhand,Uttarkashi,32.1,1.66,17.7,72.7,6.0,65.9,1549.0,28.86,Moderate,Wetland,721,No,January,Low
Uttarakhand,Rudraprayag,27.0,1.6,36.3,58.5,10.4,62.6,976.8,21.82,Good,Forest,254,Yes,January,Low
Uttarakhand,Rudraprayag,58.4,2.23,49.2,58.2,0.2,60.8,2354.2,23.05,Good,Forest,208,No,January,Low
Uttarakhand,Uttarkashi,47.2,1.73,50.6,60.6,8.6,52.7,1334.9,16.11,Good,Agricultural,646,Yes,January,Low
Uttarakhand,Dehradun,55.7,1.55,59.7,55.6,13.5,55.9,656.5,25.86,Poor,Agricultural,1127,No,January,Low
Uttarakhand,Rudraprayag,43.9,0.95,57.2,75.6,-1.2,60.2,2758.8,28.33,Poor,Wetland,693,Yes,January,Medium
Uttarakhand,Rudraprayag,26.6,1.55,31.5,25.7,3.7,52.2,2395.0,31.96,Poor,Urban,5293,Yes,January,Medium
Uttarakhand,Rudraprayag,46.3,1.74,63.9,56.0,6.0,71.2,1854.0,32.49,Good,Forest,201,No,January,Low
Uttarakhand,Chamoli,43.5,1.25,51.0,63.9,5.7,63.4,2072.8,35.28,Good,Forest,257,No,January,Low
Uttarakhand,Chamoli,49.9,1.28,37.4,55.6,7.3,59.4,1883.1,37.63,Moderate,Agricultural,354,No,January,Low
Uttarakhand,Uttarkashi,54.7,1.99,57.0,60.6,1.5,58.1,2638.9,39.8,Moderate,Agricultural,866,Yes,January,Medium
Uttarakhand,Dehradun,39.1,0.71,49.6,61.8,5.9,59.8,1981.5,21.4,Good,Forest,190,Yes,January,Medium
Uttarakhand,Dehradun,58.3,1.8,62.3,65.2,-2.1,69.8,2684.1,28.17,Good,Forest,119,Yes,January,Medium
Uttarakhand,Rudraprayag,21.3,1.61,35.2,62.6,13.6,69.6,1218.6,18.52,Good,Forest,91,Yes,February,Low
Uttarakhand,Rudraprayag,81.6,2.42,36.6,81.2,11.6,62.3,1410.1,29.77,Poor,Wetland,533,Yes,February,Medium
Uttarakhand,Chamoli,7.5,0.59,42.1,56.6,11.9,63.2,1447.9,12.32,Moderate,Forest,37,Yes,February,Low
Uttarakhand,Dehradun,56.9,1.42,40.7,65.0,5.4,66.9,2378.4,40.8,Good,Forest,49,Yes,February,Medium
Uttarakhand,Chamoli,21.7,1.47,52.1,69.0,5.0,69.9,2287.3,24.95,Moderate,Wetland,240,Yes,February,Medium
Uttarakhand,Rudraprayag,21.4,1.27,46.6,16.5,3.4,50.9,2523.5,28.52,Moderate,Urban,7866,Yes,February,Low
Uttarakhand,Rudraprayag,53.2,1.53,47.2,65.3,1.5,67.5,2969.2,39.42,Good,Forest,91,Yes,February,Medium
Uttarakhand,Uttarkashi,39.0,1.16,39.1,60.1,12.5,56.5,1078.0,67.39,Moderate,Agricultural,1017,No,February,Low
Uttarakhand,Rudraprayag,30.6,0.9,40.2,80.9,11.1,62.2,1604.8,34.69,Poor,Wetland,184,Yes,February,Medium
Uttarakhand,Chamoli,56.2,1.65,45.0,53.6,2.9,47.2,3070.2,33.81,Moderate,Agricultural,481,No,February,Low
Uttarakhand,Uttarkashi,24.2,1.9,61.7,35.7,4.6,46.9,2386.0,19.76,Poor,Urban,13303,Yes,February,Low
Uttarakhand,Chamoli,38.5,1.06,53.6,56.7,11.3,52.1,1133.6,32.01,Moderate,Agricultural,564,No,February,Low
Uttarakhand,Chamoli,10.3,0.74,34.5,53.0,2.2,55.7,2978.9,41.28,Moderate,Agricultural,488,No,February,Low
Uttarakhand,Dehradun,44.1,1.14,33.7,54.3,13.9,63.6,938.2,31.68,Moderate,Agricultural,304,Yes,February,Medium
Uttarakhand,Chamoli,30.9,1.79,34.3,52.6,2.8,52.4,2946.3,16.71,Moderate,Agricultural,869,Yes,February,Low
Uttarakhand,Dehradun,50.5,1.19,47.4,51.5,2.8,69.0,2205.2,27.83,Moderate,Forest,82,Yes,February,Medium
Uttarakhand,Chamoli,42.7,1.21,41.6,59.6,12.2,60.5,1050.3,25.94,Moderate,Forest,89,No,February,Low
Uttarakhand,Chamoli,66.5,1.5,50.2,53.0,14.3,68.5,725.0,30.43,Moderate,Forest,283,No,February,Low
Uttarakhand,Chamoli,53.8,1.75,29.1,62.5,17.9,67.0,622.9,30.45,Good,Forest,204,No,February,Low
Uttarakhand,Chamoli,31.8,0.88,59.3,64.0,5.5,63.5,2814.5,17.48,Good,Forest,266,Yes,February,Low
Uttarakhand,Chamoli,52.4,1.21,48.1,38.4,5.3,58.4,2466.7,26.58,Moderate,Urban,11544,Yes,February,Medium
Uttarakhand,Uttarkashi,50.7,1.28,65.7,65.7,10.3,75.1,1367.4,14.1,Good,Forest,28,No,February,Low
Uttarakhand,Uttarkashi,48.0,2.04,45.3,60.6,13.1,54.8,2338.2,20.26,Poor,Agricultural,642,Yes,March,Medium
Uttarakhand,Uttarkashi,23.5,1.31,43.8,58.8,6.1,75.1,3188.3,19.73,Good,Forest,10,Yes,March,Low
Uttarakhand,Dehradun,27.4,1.5,29.0,64.8,20.2,63.6,1245.1,40.99,Good,Forest,247,Yes,March,Medium
Uttarakhand,Chamoli,30.7,1.55,40.3,56.5,13.1,52.1,2028.5,38.65,Moderate,Forest,116,No,March,Low
Uttarakhand,Chamoli,18.5,0.87,52.8,51.2,12.3,59.3,2315.9,18.54,Good,Agricultural,352,Yes,March,Low
Uttarakhand,Dehradun,19.9,1.29,45.7,52.1,22.5,61.8,732.7,38.98,Good,Forest,153,No,March,Low
Uttarakhand,Dehradun,68.9,1.93,42.9,90.9,20.5,70.2,877.1,19.5,Moderate,Wetland,398,No,March,Low
Uttarakhand,Dehradun,22.4,1.74,46.4,57.9,13.2,50.0,2064.5,23.61,Moderate,Agricultural,691,Yes,March,Medium
Uttarakhand,Uttarkashi,5.9,0.78,50.9,55.9,12.0,69.9,2335.1,37.49,Good,Forest,291,No,March,Low
Uttarakhand,Rudraprayag,69.9,1.88,49.5,49.4,16.4,54.2,1480.8,29.71,Poor,Agricultural,586,Yes,March,Medium
Uttarakhand,Uttarkashi,54.3,1.76,50.9,64.2,13.2,73.0,2199.9,24.66,Moderate,Forest,204,Yes,March,Medium
Uttarakhand,Chamoli,23.0,1.0,66.8,79.5,11.9,71.7,2471.9,21.9,Moderate,Wetland,211,Yes,March,Medium
Uttarakhand,Dehradun,47.0,0.85,45.9,54.7,23.2,56.7,988.3,19.97,Poor,Agricultural,629,Yes,March,Low
Uttarakhand,Uttarkashi,60.7,1.36,46.0,50.7,18.9,57.4,1803.8,30.48,Good,Agricultural,325,Yes,March,Medium
Uttarakhand,Rudraprayag,30.8,1.8,60.2,61.8,13.4,60.5,1750.0,22.68,Good,Forest,264,Yes,March,Medium
Uttarakhand,Uttarkashi,77.8,1.79,42.2,70.0,19.2,78.9,1529.1,27.74,Good,Forest,211,No,March,Low
Uttarakhand,Uttarkashi,15.7,0.72,33.7,53.2,19.4,55.5,1299.8,48.69,Moderate,Agricultural,960,Yes,March,Low
Uttarakhand,Dehradun,27.4,0.89,57.5,62.8,14.5,73.9,1809.7,24.35,Good,Forest,134,Yes,March,Medium
Uttarakhand,Dehradun,36.6,1.11,38.9,65.7,24.8,69.1,682.4,35.96,Good,Forest,269,Yes,March,Medium
Uttarakhand,Uttarkashi,44.5,1.3,33.4,67.5,16.1,69.1,2166.2,31.08,Good,Forest,147,No,March,Low
Uttarakhand,Chamoli,59.5,1.46,44.8,61.9,17.8,53.7,1412.7,22.14,Good,Agricultural,1016,Yes,March,Medium
Uttarakhand,Dehradun,85.9,1.93,60.7,57.9,4.1,55.0,3126.2,40.37,Poor,Agricultural,752,Yes,March,Medium
Uttarakhand,Rudraprayag,60.0,1.53,63.1,52.5,19.0,57.6,2218.9,25.66,Poor,Agricultural,1002,Yes,April,Medium
Uttarakhand,Uttarkashi,55.5,1.35,42.9,56.7,20.0,59.4,1544.8,19.39,Moderate,Agricultural,928,Yes,April,Low
Uttarakhand,Uttarkashi,34.1,1.29,36.6,56.8,25.5,62.9,673.2,29.58,Good,Forest,249,Yes,April,Low
Uttarakhand,Uttarkashi,25.7,1.25,45.9,57.1,15.7,57.2,2689.5,30.62,Moderate,Agricultural,638,No,April,Low
Uttarakhand,Rudraprayag,64.4,1.81,63.5,73.2,25.3,69.8,755.0,43.11,Good,Forest,35,Yes,April,Medium
Uttarakhand,Rudraprayag,49.4,2.07,53.1,58.8,21.8,68.1,1681.7,11.78,Moderate,Forest,123,Yes,April,Low
Uttarakhand,Chamoli,1.4,1.05,50.4,58.9,13.1,54.5,2794.0,30.93,Moderate,Forest,149,Yes,April,Low
Uttarakhand,Rudraprayag,48.9,1.33,47.9,65.8,16.2,67.1,2534.1,41.06,Good,Forest,233,Yes,April,Medium
Uttarakhand,Chamoli,22.8,1.41,46.2,57.7,12.3,64.3,3152.2,32.42,Moderate,Forest,192,Yes,April,Low
Uttarakhand,Chamoli,47.7,1.15,42.9,61.1,23.0,61.4,1054.3,24.89,Moderate,Agricultural,709,No,April,Low
Uttarakhand,Chamoli,56.3,1.27,50.4,49.4,23.0,60.2,1380.6,34.2,Moderate,Agricultural,806,No,April,Low
Uttarakhand,Uttarkashi,26.1,1.25,28.0,54.9,15.2,66.7,2528.1,18.91,Good,Forest,74,Yes,April,Low
Uttarakhand,Rudraprayag,90.6,1.22,49.8,51.1,22.3,63.7,1219.1,19.33,Poor,Agricultural,145,Yes,April,Medium
Uttarakhand,Dehradun,61.1,1.46,33.4,66.3,22.5,67.3,1339.9,45.12,Good,Forest,10,Yes,April,Medium
Uttarakhand,Rudraprayag,30.6,1.66,53.5,78.4,23.8,67.5,1144.9,38.87,Moderate,Wetland,748,Yes,April,Medium
Uttarakhand,Rudraprayag,32.4,1.51,37.4,56.7,13.0,71.7,2808.8,31.71,Moderate,Forest,260,Yes,April,Medium
Uttarakhand,Rudraprayag,38.5,1.36,44.0,33.2,22.9,60.4,1270.0,38.38,Poor,Urban,10526,Yes,April,Medium
Uttarakhand,Dehradun,40.3,1.59,56.0,87.5,16.3,64.9,2644.8,32.85,Moderate,Wetland,464,No,April,Low
Uttarakhand,Rudraprayag,21.6,1.49,33.3,50.9,21.0,59.5,1540.4,38.99,Good,Agricultural,625,No,April,Low
Uttarakhand,Rudraprayag,0.0,1.24,43.3,53.4,13.4,62.5,2918.8,26.57,Moderate,Forest,60,Yes,April,Low
Uttarakhand,Chamoli,21.8,0.89,35.5,61.4,13.5,63.7,2823.8,35.2,Moderate,Forest,196,Yes,April,Medium
Uttarakhand,Rudraprayag,33.5,1.33,34.8,47.5,19.3,59.1,1744.6,25.78,Good,Agricultural,921,Yes,April,Low
Uttarakhand,Dehradun,26.7,0.96,44.1,61.1,23.3,69.6,1386.0,6.41,Good,Forest,200,No,May,Low
Uttarakhand,Dehradun,42.9,1.11,61.3,62.1,28.6,53.3,927.8,44.08,Moderate,Agricultural,1087,No,May,Low
Uttarakhand,Rudraprayag,7.3,1.14,35.8,48.8,15.8,66.1,2664.9,24.14,Moderate,Forest,94,Yes,May,Low
Uttarakhand,Uttarkashi,44.8,1.58,31.1,55.7,20.1,68.1,1978.3,24.17,Good,Forest,122,Yes,May,Low
Uttarakhand,Chamoli,64.4,1.51,27.2,80.7,15.6,60.7,3162.8,43.65,Moderate,Wetland,618,No,May,Low
Uttarakhand,Chamoli,74.0,1.51,34.3,62.5,16.2,58.4,2766.8,15.8,Moderate,Agricultural,772,Yes,May,Medium
Uttarakhand,Dehradun,40.7,1.4,29.8,55.1,26.1,61.3,1321.0,27.03,Good,Agricultural,1226,Yes,May,Low
Uttarakhand,Chamoli,76.9,2.12,55.2,54.6,23.4,64.0,1758.8,18.23,Moderate,Agricultural,868,Yes,May,Medium
Uttarakhand,Uttarkashi,69.9,1.86,57.4,58.6,26.1,61.6,1293.3,28.99,Good,Agricultural,555,Yes,May,Medium
Uttarakhand,Chamoli,31.6,1.56,49.8,68.5,19.7,60.2,2266.6,14.86,Good,Forest,24,Yes,May,Low
Uttarakhand,Chamoli,14.0,1.24,43.2,61.7,24.8,61.6,1472.6,40.32,Good,Forest,84,Yes,May,Low
Uttarakhand,Chamoli,53.5,1.58,39.8,57.5,25.9,55.8,1236.4,22.73,Good,Agricultural,952,No,May,Low
Uttarakhand,Uttarkashi,55.2,1.61,15.1,64.7,21.2,57.0,2025.2,33.0,Moderate,Forest,267,No,May,Low
Uttarakhand,Rudraprayag,62.3,1.88,52.4,54.5,28.8,60.6,669.4,49.83,Poor,Agricultural,791,No,May,Low
Uttarakhand,Chamoli,0.0,0.75,65.5,44.3,12.5,54.1,2940.4,41.12,Good,Agricultural,655,No,May,Low
Uttarakhand,Dehradun,33.3,1.24,46.1,24.1,12.8,61.7,2884.3,25.8,Good,Urban,8968,No,May,Low
Uttarakhand,Chamoli,46.1,1.34,39.1,56.9,26.7,71.8,1329.2,38.91,Good,Forest,234,Yes,May,Medium
Uttarakhand,Rudraprayag,18.2,0.91,40.9,66.0,19.3,67.6,2267.4,11.51,Good,Forest,132,Yes,May,Low
Uttarakhand,Chamoli,62.7,1.83,50.7,66.3,13.5,67.4,3160.3,29.3,Good,Forest,171,No,May,Low
Uttarakhand,Dehradun,42.4,1.56,45.2,62.8,28.6,68.4,1387.3,31.93,Good,Forest,121,No,May,Low
Uttarakhand,Dehradun,28.3,1.48,28.9,25.6,22.9,65.7,1762.7,27.96,Moderate,Urban,12203,Yes,May,Low
Uttarakhand,Chamoli,35.9,1.24,23.0,67.5,15.5,60.3,3099.7,22.98,Good,Forest,155,Yes,May,Medium
Uttarakhand,Dehradun,146.6,2.85,78.1,71.7,23.3,99.5,1192.2,30.32,Poor,Forest,282,Yes,June,High
Uttarakhand,Uttarkashi,355.6,5.69,72.1,87.0,27.1,98.7,667.2,41.71,Moderate,Forest,31,Yes,June,Extreme
Uttarakhand,Chamoli,320.4,4.62,55.8,84.7,18.8,94.9,1857.6,19.84,Good,Forest,97,Yes,June,High
Uttarakhand,Rudraprayag,339.1,5.41,86.0,77.4,20.7,96.6,1754.7,8.78,Good,Forest,203,No,June,High
Uttarakhand,Rudraprayag,85.4,2.73,55.4,52.1,13.1,84.4,3076.5,29.53,Poor,Agricultural,314,Yes,June,Medium
Uttarakhand,Uttarkashi,52.3,2.17,64.8,62.0,28.1,85.4,627.0,27.29,Moderate,Agricultural,1121,No,June,Low
Uttarakhand,Rudraprayag,262.0,4.75,59.5,98.0,19.1,100.0,1978.2,15.33,Moderate,Wetland,425,No,June,High
Uttarakhand,Rudraprayag,348.8,5.13,65.6,73.9,14.7,93.7,2508.7,38.42,Moderate,Agricultural,949,Yes,June,Extreme
Uttarakhand,Uttarkashi,410.3,5.64,45.2,90.6,21.0,100.0,1135.5,48.64,Good,Forest,108,Yes,June,Extreme
Uttarakhand,Dehradun,179.9,3.72,63.4,69.9,20.0,92.9,1931.7,42.65,Moderate,Forest,352,Yes,June,High
Uttarakhand,Dehradun,431.1,6.0,73.5,71.8,19.5,100.0,1957.6,24.61,Poor,Urban,8891,No,June,Extreme
Uttarakhand,Dehradun,231.1,3.99,63.9,65.2,25.1,85.3,734.5,16.13,Poor,Agricultural,453,No,June,Medium
Uttarakhand,Dehradun,159.7,3.48,67.9,67.7,21.2,89.9,1677.0,32.37,Poor,Forest,228,Yes,June,High
Uttarakhand,Rudraprayag,123.6,2.31,75.0,71.4,24.4,86.3,1295.1,34.02,Moderate,Agricultural,365,No,June,Medium
Uttarakhand,Chamoli,193.6,3.24,42.8,70.6,21.7,97.5,1375.1,19.28,Moderate,Forest,171,Yes,June,Medium
Uttarakhand,Uttarkashi,134.0,2.77,57.4,67.8,10.2,81.6,3193.9,22.0,Poor,Agricultural,1109,No,June,Medium
Uttarakhand,Uttarkashi,173.0,2.98,67.3,67.5,13.0,94.6,2867.9,21.07,Good,Forest,232,No,June,Medium
Uttarakhand,Uttarkashi,351.1,5.55,70.2,67.6,11.1,93.2,3132.8,36.14,Poor,Urban,12141,Yes,June,Extreme
Uttarakhand,Chamoli,172.8,3.28,62.8,43.1,25.3,90.9,869.4,7.53,Poor,Urban,4942,No,June,Medium
Uttarakhand,Rudraprayag,494.5,6.84,37.0,92.1,12.6,92.5,2968.1,33.42,Moderate,Agricultural,195,No,June,Extreme
Uttarakhand,Rudraprayag,410.8,5.98,61.8,74.3,24.4,100.0,1311.4,42.49,Poor,Agricultural,1011,Yes,June,Extreme
Uttarakhand,Uttarkashi,372.4,5.24,59.8,98.0,21.6,100.0,1409.0,9.96,Poor,Wetland,491,Yes,June,Extreme
Uttarakhand,Chamoli,392.7,5.77,62.7,95.5,11.7,100.0,2577.8,18.83,Good,Forest,64,Yes,July,Extreme
Uttarakhand,Rudraprayag,112.6,2.55,62.8,56.2,13.4,89.0,2331.8,35.73,Moderate,Agricultural,301,No,July,Low
Uttarakhand,Dehradun,312.6,4.84,64.9,89.6,20.6,95.2,1070.2,26.82,Good,Forest,157,No,July,High
Uttarakhand,Dehradun,179.2,2.71,80.3,65.1,10.8,92.2,2880.3,14.99,Poor,Agricultural,658,Yes,July,High
Uttarakhand,Rudraprayag,66.9,2.58,82.5,65.9,15.8,87.1,1744.5,24.78,Poor,Agricultural,815,Yes,July,Medium
Uttarakhand,Dehradun,327.3,5.25,60.5,85.6,7.6,99.9,3150.4,40.09,Good,Forest,32,No,July,High
Uttarakhand,Dehradun,268.0,4.86,82.4,67.1,20.8,78.8,1491.8,32.79,Moderate,Agricultural,602,No,July,High
Uttarakhand,Dehradun,198.5,3.79,63.0,65.1,8.0,82.0,3098.0,33.83,Poor,Agricultural,347,No,July,Medium
Uttarakhand,Uttarkashi,302.1,4.8,55.9,64.3,17.9,98.1,1291.1,34.54,Poor,Urban,12212,No,July,High
Uttarakhand,Rudraprayag,190.9,3.81,72.4,77.1,14.9,100.0,2140.3,32.99,Good,Forest,120,Yes,July,High
Uttarakhand,Chamoli,250.6,4.19,59.5,80.8,7.8,89.1,3078.4,36.65,Good,Forest,78,Yes,July,High
Uttarakhand,Uttarkashi,409.9,6.33,68.4,89.1,14.1,90.8,2275.7,33.42,Moderate,Agricultural,472,Yes,July,Extreme
Uttarakhand,Rudraprayag,205.6,3.8,55.0,70.3,12.2,100.0,2295.7,0.1,Good,Forest,134,Yes,July,High
Uttarakhand,Rudraprayag,167.6,3.65,73.7,60.4,17.4,78.5,1426.0,52.78,Moderate,Agricultural,1187,Yes,July,High
Uttarakhand,Rudraprayag,329.0,5.26,61.6,80.3,8.6,90.8,3094.0,14.16,Good,Agricultural,1355,Yes,July,Extreme
Uttarakhand,Chamoli,115.6,3.02,61.8,62.2,23.6,76.3,716.9,42.5,Poor,Agricultural,737,Yes,July,Medium
Uttarakhand,Chamoli,364.5,5.2,80.2,82.9,11.6,80.7,2342.8,25.83,Poor,Agricultural,227,Yes,July,Extreme
Uttarakhand,Uttarkashi,170.4,3.24,54.6,73.7,6.5,100.0,3151.3,26.78,Good,Forest,22,No,July,Medium
Uttarakhand,Dehradun,305.9,4.93,73.3,73.2,20.3,100.0,1202.2,12.36,Poor,Agricultural,348,No,July,High
Uttarakhand,Dehradun,126.6,3.06,69.0,72.3,16.9,86.2,1662.5,24.3,Good,Forest,10,Yes,July,Medium
Uttarakhand,Uttarkashi,268.6,4.36,82.8,84.1,11.0,94.4,2520.6,27.31,Good,Forest,180,Yes,July,Extreme
Uttarakhand,Uttarkashi,222.6,4.03,61.2,63.3,17.5,97.2,1506.1,50.61,Good,Forest,96,No,July,Medium
Uttarakhand,Chamoli,234.3,4.64,90.0,69.9,12.4,98.2,1978.7,22.68,Moderate,Agricultural,774,No,August,High
Uttarakhand,Chamoli,437.4,6.01,95.2,88.8,13.4,98.2,2344.7,22.6,Moderate,Forest,89,No,August,Extreme
Uttarakhand,Uttarkashi,187.5,3.65,79.1,51.1,14.7,92.8,2019.4,18.37,Good,Urban,11945,Yes,August,Medium
Uttarakhand,Uttarkashi,255.6,4.45,63.7,82.0,9.8,92.4,3014.8,41.23,Poor,Wetland,683,No,August,High
Uttarakhand,Uttarkashi,175.3,3.24,75.6,56.6,11.1,94.3,2912.3,26.16,Poor,Agricultural,731,No,August,Medium
Uttarakhand,Chamoli,264.9,4.58,66.7,75.9,9.2,100.0,3040.7,29.33,Good,Forest,306,No,August,High
Uttarakhand,Rudraprayag,429.3,6.14,72.6,84.5,14.8,100.0,2162.3,5.17,Good,Agricultural,765,Yes,August,Extreme
Uttarakhand,Rudraprayag,404.6,6.17,86.4,83.2,19.7,100.0,1409.0,34.13,Good,Forest,59,No,August,Extreme
Uttarakhand,Rudraprayag,186.5,3.28,75.0,43.3,18.8,82.6,1214.9,39.16,Good,Urban,7353,Yes,August,Medium
Uttarakhand,Rudraprayag,313.0,4.38,87.4,77.4,21.6,99.1,684.3,23.1,Good,Agricultural,635,Yes,August,Extreme
Uttarakhand,Rudraprayag,274.9,5.09,81.3,97.0,11.1,100.0,2621.6,22.8,Moderate,Forest,163,Yes,August,Extreme
Uttarakhand,Rudraprayag,217.5,4.07,100.0,77.3,19.3,100.0,1150.6,25.61,Good,Forest,74,No,August,High
Uttarakhand,Rudraprayag,288.4,4.56,68.1,58.1,16.0,88.8,1844.6,20.86,Moderate,Urban,9734,Yes,August,High
Uttarakhand,Rudraprayag,436.4,6.31,78.6,82.1,25.8,95.2,763.2,28.88,Good,Agricultural,1029,Yes,August,Extreme
Uttarakhand,Rudraprayag,124.0,2.56,63.0,77.7,18.9,91.3,1335.1,26.1,Good,Forest,138,Yes,August,Medium
Uttarakhand,Dehradun,256.1,4.31,89.1,93.9,9.7,97.3,2848.9,35.74,Good,Wetland,447,Yes,August,Extreme
Uttarakhand,Dehradun,197.3,3.53,69.0,68.3,14.2,85.7,2088.4,28.83,Good,Agricultural,432,Yes,August,High
Uttarakhand,Dehradun,262.9,4.22,85.5,79.5,20.3,100.0,685.5,12.65,Good,Forest,206,Yes,August,High
Uttarakhand,Chamoli,79.9,2.69,63.8,66.1,16.9,99.4,1945.3,27.04,Good,Forest,61,Yes,August,Medium
Uttarakhand,Chamoli,378.7,5.62,84.8,70.0,8.0,91.4,2922.3,34.99,Good,Agricultural,728,Yes,August,Extreme
Uttarakhand,Chamoli,375.4,6.01,72.4,83.6,12.8,94.6,2024.6,39.58,Poor,Agricultural,636,No,August,Extreme
Uttarakhand,Rudraprayag,336.0,5.32,64.0,78.8,23.0,82.8,990.2,41.14,Good,Agricultural,683,Yes,August,Extreme
Uttarakhand,Dehradun,272.0,4.29,70.1,66.2,8.8,87.5,2555.4,34.28,Moderate,Agricultural,527,Yes,September,High
Uttarakhand,Chamoli,242.6,4.67,83.3,70.0,6.9,100.0,2864.6,25.23,Good,Forest,103,No,September,High
Uttarakhand,Dehradun,337.1,5.73,92.1,62.4,16.5,94.5,1497.2,14.2,Poor,Urban,8474,Yes,September,Extreme
Uttarakhand,Uttarkashi,159.0,3.3,88.3,71.2,20.9,86.9,730.4,28.26,Moderate,Forest,10,Yes,September,High
Uttarakhand,Chamoli,287.0,4.49,72.9,97.5,9.0,100.0,2923.2,20.41,Good,Wetland,472,No,September,High
Uttarakhand,Rudraprayag,456.4,5.74,88.5,86.6,6.7,100.0,2895.9,24.7,Moderate,Agricultural,450,Yes,September,Extreme
Uttarakhand,Rudraprayag,270.5,4.66,98.4,79.6,13.8,91.8,1812.3,38.92,Good,Forest,158,Yes,September,Extreme
Uttarakhand,Rudraprayag,188.4,3.33,73.9,64.0,6.8,86.4,2809.2,23.14,Poor,Agricultural,849,Yes,September,High
Uttarakhand,Rudraprayag,392.1,5.49,92.4,69.4,12.6,99.0,1978.1,20.63,Moderate,Urban,5477,Yes,September,Extreme
Uttarakhand,Dehradun,275.8,4.44,75.4,98.0,14.4,97.7,2245.5,25.22,Poor,Wetland,504,Yes,September,Extreme
Uttarakhand,Dehradun,174.2,3.31,87.3,68.9,7.3,97.5,2841.0,8.87,Good,Forest,159,Yes,September,Medium
Uttarakhand,Chamoli,280.4,5.15,76.6,81.3,7.5,93.0,2929.4,48.76,Good,Forest,128,Yes,September,Extreme
Uttarakhand,Rudraprayag,158.7,3.26,78.3,67.7,16.1,100.0,1555.2,21.72,Good,Forest,173,No,September,Medium
Uttarakhand,Rudraprayag,129.1,2.96,72.8,39.5,11.4,83.6,2656.4,39.74,Moderate,Urban,12491,No,September,Medium
Uttarakhand,Chamoli,253.0,4.13,88.3,43.8,13.8,93.0,2209.1,24.11,Moderate,Urban,13495,Yes,September,High
Uttarakhand,Dehradun,518.8,6.72,75.0,98.0,15.2,100.0,2037.0,42.34,Moderate,Forest,123,No,September,Extreme
Uttarakhand,Uttarkashi,202.5,3.51,98.7,75.5,20.3,100.0,828.7,31.69,Moderate,Forest,184,Yes,September,High
Uttarakhand,Dehradun,240.8,4.23,92.2,66.9,8.7,77.6,2637.3,14.71,Good,Agricultural,969,Yes,September,High
Uttarakhand,Dehradun,369.1,5.49,96.6,81.7,11.8,100.0,2285.9,34.51,Moderate,Forest,239,No,September,Extreme
Uttarakhand,Dehradun,371.3,5.69,99.7,96.1,18.3,100.0,975.1,19.39,Moderate,Forest,145,No,September,Extreme
Uttarakhand,Chamoli,333.0,5.39,79.4,83.9,16.8,97.0,2001.4,34.26,Good,Forest,30,Yes,September,Extreme
Uttarakhand,Chamoli,336.7,5.23,91.3,98.0,20.5,100.0,1269.6,30.48,Moderate,Wetland,612,No,September,Extreme
Uttarakhand,Chamoli,35.3,1.5,26.1,63.7,17.2,66.6,1433.0,41.93,Moderate,Forest,162,Yes,October,Medium
Uttarakhand,Uttarkashi,39.6,1.23,42.6,72.1,13.2,75.2,1754.6,28.87,Moderate,Wetland,566,No,October,Low
Uttarakhand,Uttarkashi,83.0,1.57,53.8,60.7,13.8,63.3,2383.8,26.19,Moderate,Agricultural,306,Yes,October,Medium
Uttarakhand,Rudraprayag,29.4,1.73,47.6,52.4,7.4,57.3,2713.0,30.71,Good,Agricultural,572,Yes,October,Low
Uttarakhand,Rudraprayag,55.9,1.34,37.8,52.2,7.7,66.5,3182.5,23.46,Moderate,Agricultural,801,Yes,October,Medium
Uttarakhand,Chamoli,20.3,0.9,31.6,46.4,13.9,60.0,1794.5,25.24,Good,Agricultural,962,Yes,October,Low
Uttarakhand,Chamoli,29.7,1.28,59.1,54.8,18.4,64.6,1171.4,19.36,Good,Forest,85,No,October,Low
Uttarakhand,Dehradun,77.7,2.8,47.1,63.3,9.0,66.1,2539.7,25.37,Good,Forest,31,Yes,October,Medium
Uttarakhand,Chamoli,18.3,1.07,36.4,47.2,9.1,62.1,2829.2,34.4,Moderate,Agricultural,325,Yes,October,Low
Uttarakhand,Uttarkashi,36.6,1.14,54.4,54.7,18.2,56.9,1066.0,18.24,Moderate,Agricultural,742,No,October,Low
Uttarakhand,Chamoli,18.0,1.35,47.5,79.6,4.1,64.7,3035.2,18.51,Moderate,Wetland,648,Yes,October,Medium
Uttarakhand,Rudraprayag,45.2,1.78,40.3,61.3,21.3,65.5,697.9,23.49,Poor,Forest,247,Yes,October,Medium
Uttarakhand,Rudraprayag,87.0,2.09,55.2,68.6,22.2,67.7,782.2,20.63,Good,Forest,138,Yes,October,Medium
Uttarakhand,Chamoli,19.4,1.38,65.5,51.4,17.5,50.0,1437.0,36.75,Moderate,Agricultural,764,No,October,Low
Uttarakhand,Chamoli,70.2,1.88,36.8,67.9,8.5,64.7,2907.3,23.86,Good,Forest,203,No,October,Low
Uttarakhand,Rudraprayag,28.4,0.86,38.9,77.2,12.0,70.3,2080.7,18.37,Good,Wetland,731,Yes,October,Low
Uttarakhand,Rudraprayag,11.2,1.32,45.5,65.7,11.9,68.2,1964.1,28.5,Moderate,Wetland,423,Yes,October,Medium
Uttarakhand,Dehradun,98.1,2.39,53.3,54.7,6.6,59.6,2667.7,22.64,Poor,Agricultural,425,Yes,October,Medium
Uttarakhand,Rudraprayag,56.5,1.45,40.5,60.3,19.7,64.0,881.5,37.94,Good,Forest,108,Yes,October,Medium
Uttarakhand,Chamoli,21.5,1.25,42.2,58.7,14.2,53.6,1701.5,13.76,Moderate,Forest,67,No,October,Low
Uttarakhand,Rudraprayag,22.8,1.12,52.6,59.8,22.7,72.0,658.2,25.38,Good,Forest,305,Yes,October,Low
Uttarakhand,Uttarkashi,43.5,1.61,44.9,36.2,8.7,65.0,2549.4,25.26,Moderate,Urban,9127,Yes,October,Low
Uttarakhand,Chamoli,23.3,1.48,48.0,59.2,12.5,59.4,1855.6,32.22,Moderate,Forest,22,No,November,Low
Uttarakhand,Rudraprayag,47.6,1.44,43.9,52.1,10.3,57.5,1540.6,38.68,Poor,Agricultural,91,Yes,November,Medium
Uttarakhand,Chamoli,67.9,1.81,48.6,60.6,7.6,61.0,2233.3,32.6,Good,Forest,340,Yes,November,Medium
Uttarakhand,Chamoli,48.0,1.39,42.2,69.4,1.4,65.1,3083.2,32.78,Good,Forest,79,No,November,Low
Uttarakhand,Uttarkashi,65.9,1.81,43.8,47.6,14.2,47.6,1780.9,28.76,Moderate,Agricultural,463,No,November,Low
Uttarakhand,Rudraprayag,70.5,1.38,38.4,51.3,10.2,65.0,1574.8,7.61,Poor,Agricultural,1027,Yes,November,Medium
Uttarakhand,Dehradun,65.9,2.06,63.4,57.7,12.3,56.0,1222.5,45.41,Good,Agricultural,1033,Yes,November,Medium
Uttarakhand,Rudraprayag,8.3,1.09,76.4,55.4,15.5,69.5,1124.0,31.84,Good,Forest,125,Yes,November,Medium
Uttarakhand,Chamoli,40.8,1.72,35.1,62.5,6.1,64.2,2551.8,36.59,Good,Forest,305,Yes,November,Medium
Uttarakhand,Uttarkashi,64.3,1.2,53.9,56.5,15.2,60.9,1020.9,34.34,Moderate,Agricultural,884,No,November,Low
Uttarakhand,Rudraprayag,39.2,0.84,58.8,63.4,10.7,62.0,1854.8,43.76,Moderate,Forest,222,Yes,November,Medium
Uttarakhand,Dehradun,44.6,1.56,71.1,63.5,1.2,49.9,3104.4,18.08,Moderate,Agricultural,583,No,November,Low
Uttarakhand,Dehradun,25.9,1.5,37.0,68.2,11.1,70.5,1552.0,23.74,Poor,Wetland,458,Yes,November,Medium
Uttarakhand,Dehradun,9.6,1.44,53.8,58.9,8.5,73.9,2033.9,32.31,Poor,Forest,69,Yes,November,Medium
Uttarakhand,Uttarkashi,14.7,1.05,37.1,51.2,1.3,51.1,2494.4,22.72,Poor,Agricultural,873,Yes,November,Medium
Uttarakhand,Uttarkashi,9.2,1.46,57.0,60.6,11.9,58.0,950.5,28.17,Good,Forest,66,No,November,Low
Uttarakhand,Chamoli,37.9,1.37,32.7,61.9,14.9,70.9,1098.0,21.93,Poor,Agricultural,749,Yes,November,Medium
Uttarakhand,Rudraprayag,55.5,1.28,49.1,64.0,7.2,63.8,2147.3,53.28,Good,Forest,100,Yes,November,Medium
Uttarakhand,Rudraprayag,3.3,0.72,33.0,56.4,5.4,45.5,2637.8,16.01,Moderate,Agricultural,490,Yes,November,Low
Uttarakhand,Dehradun,95.3,1.96,52.3,60.1,4.7,52.5,2910.4,11.41,Good,Agricultural,553,Yes,November,Medium
Uttarakhand,Uttarkashi,54.2,1.72,32.6,39.7,6.7,57.5,2431.6,33.99,Moderate,Urban,10485,No,November,Low
Uttarakhand,Dehradun,64.7,2.01,60.7,54.5,8.9,67.5,2092.0,44.3,Poor,Agricultural,1159,Yes,November,Medium
Uttarakhand,Uttarkashi,75.3,1.03,43.4,61.8,-0.4,66.4,2986.1,39.06,Good,Forest,10,Yes,December,Medium
Uttarakhand,Dehradun,3.7,1.33,34.1,53.2,10.8,70.5,1116.9,5.28,Moderate,Forest,261,Yes,December,Low
Uttarakhand,Dehradun,53.4,0.83,33.9,62.7,-1.6,61.4,2812.2,28.41,Poor,Forest,102,Yes,December,Medium
Uttarakhand,Dehradun,67.0,1.37,44.2,62.2,-3.3,62.3,3189.0,30.38,Good,Forest,250,Yes,December,Medium
Uttarakhand,Chamoli,68.5,1.74,50.8,66.0,9.0,69.6,1230.5,29.6,Good,Forest,127,Yes,December,Medium
Uttarakhand,Chamoli,14.1,0.88,33.7,55.0,8.7,54.0,1573.4,25.06,Poor,Agricultural,599,No,December,Low
Uttarakhand,Dehradun,17.7,1.06,51.1,62.6,4.3,60.6,2113.1,28.12,Good,Forest,203,Yes,December,Low
Uttarakhand,Rudraprayag,45.9,1.25,62.9,54.6,5.4,60.7,2014.1,25.28,Good,Agricultural,1259,Yes,December,Medium
Uttarakhand,Uttarkashi,69.1,1.74,50.8,66.5,4.8,69.3,2142.7,29.39,Good,Forest,255,No,December,Low
Uttarakhand,Dehradun,45.0,1.61,36.5,68.0,-1.5,63.6,3142.2,32.59,Moderate,Forest,170,Yes,December,Medium
Uttarakhand,Dehradun,9.2,1.62,27.1,54.0,12.0,64.0,860.6,24.49,Moderate,Forest,262,Yes,December,Low
Uttarakhand,Dehradun,10.4,0.8,48.4,58.6,4.1,61.7,2138.8,35.34,Moderate,Forest,218,Yes,December,Low
Uttarakhand,Dehradun,13.5,1.11,32.9,50.0,4.4,59.1,1854.6,29.16,Poor,Agricultural,736,Yes,December,Medium
Uttarakhand,Rudraprayag,69.1,1.58,58.3,80.8,13.7,60.0,1106.9,17.51,Good,Wetland,403,No,December,Low
Uttarakhand,Rudraprayag,67.2,1.98,40.6,79.9,0.3,71.3,2512.0,46.65,Good,Wetland,727,Yes,December,Medium
Uttarakhand,Chamoli,29.2,1.17,44.9,61.5,-1.1,58.6,2978.5,27.39,Good,Forest,149,No,December,Low
Uttarakhand,Dehradun,48.9,1.42,43.1,38.0,10.1,50.2,964.2,11.54,Poor,Urban,5011,Yes,December,Low
Uttarakhand,Rudraprayag,25.3,1.0,48.8,28.8,8.0,54.0,1438.4,31.87,Good,Urban,11165,Yes,December,Low
Uttarakhand,Uttarkashi,52.5,2.01,40.1,57.8,10.7,59.2,1358.7,38.31,Poor,Agricultural,361,Yes,December,Medium
Uttarakhand,Rudraprayag,66.6,1.8,67.6,55.6,5.1,57.1,1962.7,20.16,Poor,Agricultural,1178,Yes,December,Medium
Uttarakhand,Dehradun,76.7,2.15,31.9,64.1,7.8,72.6,1809.5,8.21,Good,Forest,150,No,December,Low
Uttarakhand,Uttarkashi,40.4,2.08,61.7,27.4,1.5,51.5,2965.4,18.55,Poor,Urban,8879,No,December,Low
Himachal Pradesh,Shimla,0.5,1.04,15.9,44.3,5.0,58.1,2342.9,26.52,Poor,Agricultural,480,No,January,Low
Himachal Pradesh,Shimla,35.0,1.02,61.7,61.5,10.0,53.6,868.7,21.79,Moderate,Agricultural,325,Yes,January,Medium
Himachal Pradesh,Kullu,67.9,1.36,47.4,62.7,9.2,66.6,1310.3,35.54,Good,Forest,141,Yes,January,Medium
Himachal Pradesh,Mandi,16.2,1.16,50.4,49.1,13.2,67.5,818.0,19.15,Moderate,Agricultural,410,Yes,January,Low
Himachal Pradesh,Kangra,67.4,2.3,46.6,62.8,6.7,57.8,1877.3,13.54,Good,Forest,69,Yes,January,Low
Himachal Pradesh,Kangra,72.9,1.42,51.3,52.3,12.5,55.0,760.7,23.12,Good,Agricultural,737,Yes,January,Medium
Himachal Pradesh,Kangra,51.8,1.83,34.6,53.0,10.6,57.5,909.9,37.07,Good,Agricultural,167,No,January,Low
Himachal Pradesh,Shimla,47.4,1.64,51.3,56.0,-0.3,54.4,3431.9,24.49,Good,Agricultural,1011,Yes,January,Medium
Himachal Pradesh,Mandi,24.0,0.5,58.9,50.2,9.3,47.5,1530.7,35.57,Poor,Agricultural,835,Yes,January,Medium
Himachal Pradesh,Kangra,44.4,1.27,45.0,56.3,-0.6,59.6,2646.2,21.9,Moderate,Agricultural,646,Yes,January,Medium
Himachal Pradesh,Mandi,72.0,1.34,33.7,66.4,10.0,60.9,1213.6,30.39,Good,Forest,11,No,January,Low
Himachal Pradesh,Kullu,75.0,1.87,46.9,56.6,7.4,53.3,1298.5,21.37,Good,Agricultural,459,Yes,January,Medium
Himachal Pradesh,Kangra,59.4,1.89,24.2,61.4,-2.8,67.8,3386.1,31.69,Good,Forest,90,Yes,January,Medium
Himachal Pradesh,Kangra,22.8,0.82,52.0,68.0,0.2,66.7,3136.5,30.06,Moderate,Forest,161,Yes,January,Medium
Himachal Pradesh,Kullu,37.1,1.54,48.3,63.5,0.4,62.6,2611.3,48.22,Moderate,Forest,53,No,January,Low
Himachal Pradesh,Mandi,67.4,1.43,26.8,70.0,-0.4,64.8,2315.3,35.21,Good,Forest,132,Yes,January,Medium
Himachal Pradesh,Kangra,62.2,1.81,52.0,56.2,-4.0,72.7,3415.6,34.47,Good,Forest,85,Yes,January,Medium
Himachal Pradesh,Kangra,53.8,1.65,47.9,60.0,5.0,64.0,2109.9,15.08,Moderate,Forest,102,Yes,January,Low
Himachal Pradesh,Shimla,0.0,1.51,31.6,50.6,10.1,65.1,933.9,20.75,Poor,Forest,124,Yes,January,Low
Himachal Pradesh,Kullu,37.5,1.8,50.0,79.1,-0.7,75.3,3019.7,52.18,Poor,Wetland,924,Yes,January,Medium
Himachal Pradesh,Kullu,29.8,1.26,32.7,52.3,-2.2,47.6,3057.8,18.77,Good,Agricultural,1224,Yes,January,Low
Himachal Pradesh,Kangra,12.7,0.6,48.7,72.6,11.3,57.7,1138.2,31.63,Poor,Wetland,551,No,January,Low
Himachal Pradesh,Kangra,34.4,1.54,69.0,59.3,10.2,60.5,1643.8,49.06,Moderate,Agricultural,1343,Yes,February,Medium
Himachal Pradesh,Shimla,48.2,1.38,46.3,51.6,4.4,52.8,2686.3,26.57,Moderate,Agricultural,935,No,February,Low
Himachal Pradesh,Shimla,64.9,1.4,49.0,61.9,10.2,65.9,1657.1,17.59,Good,Forest,149,Yes,February,Low
Himachal Pradesh,Shimla,26.2,0.72,27.2,76.7,14.6,66.9,1455.8,21.74,Moderate,Wetland,546,Yes,February,Medium
Himachal Pradesh,Kullu,68.6,1.62,55.8,63.6,9.2,69.0,1392.4,30.62,Moderate,Forest,164,Yes,February,Medium
Himachal Pradesh,Kullu,64.8,1.6,32.1,33.8,0.8,68.1,3037.2,35.14,Moderate,Urban,7324,Yes,February,Medium
Himachal Pradesh,Kullu,56.9,2.18,51.5,94.5,11.0,56.8,1708.4,25.15,Good,Wetland,308,Yes,February,Medium
Himachal Pradesh,Mandi,78.7,2.22,43.9,59.4,14.7,64.9,939.9,21.15,Good,Forest,157,No,February,Low
Himachal Pradesh,Shimla,12.5,1.23,47.9,53.2,1.1,65.2,2412.6,19.44,Good,Forest,115,Yes,February,Low
Himachal Pradesh,Shimla,49.9,1.27,25.9,60.7,2.5,58.4,2946.1,28.93,Good,Forest,202,No,February,Low
Himachal Pradesh,Shimla,39.0,0.94,59.6,58.8,10.8,60.9,1800.0,23.87,Good,Agricultural,1057,No,February,Low
Himachal Pradesh,Shimla,34.9,1.26,45.1,66.3,9.2,64.2,1816.1,22.19,Good,Forest,123,Yes,February,Medium
Himachal Pradesh,Kangra,90.3,1.84,53.4,41.5,6.7,46.3,1948.0,39.62,Good,Urban,11022,No,February,Low
Himachal Pradesh,Mandi,22.4,1.24,39.7,86.9,8.3,76.4,2054.3,28.91,Poor,Wetland,443,No,February,Low
Himachal Pradesh,Kullu,28.7,1.34,37.2,53.5,1.0,59.1,3045.6,51.36,Moderate,Agricultural,334,Yes,February,Medium
Himachal Pradesh,Kangra,57.5,1.64,34.2,72.4,8.1,69.7,1437.0,19.05,Good,Forest,49,Yes,February,Low
Himachal Pradesh,Shimla,71.5,1.64,32.7,55.8,5.2,56.6,2672.7,23.86,Good,Agricultural,483,No,February,Low
Himachal Pradesh,Kullu,19.4,0.91,50.1,53.6,-0.5,52.6,3179.3,24.42,Poor,Agricultural,305,Yes,February,Medium
Himachal Pradesh,Shimla,83.2,1.86,37.8,65.9,9.9,61.3,1904.7,34.19,Good,Forest,176,Yes,February,Medium
Himachal Pradesh,Mandi,42.7,0.74,28.0,55.0,12.3,63.0,1172.3,32.35,Good,Forest,28,Yes,February,Low
Himachal Pradesh,Mandi,43.9,1.47,51.8,63.9,16.7,65.0,1079.2,26.71,Moderate,Forest,98,No,February,Low
Himachal Pradesh,Mandi,39.2,1.46,55.5,47.1,14.1,60.7,991.9,19.27,Moderate,Agricultural,469,Yes,February,Low
Himachal Pradesh,Mandi,44.1,1.33,32.7,31.1,17.7,52.0,1653.2,33.1,Moderate,Urban,11388,Yes,March,Low
Himachal Pradesh,Shimla,55.6,1.69,36.0,52.7,13.6,62.8,2096.6,14.42,Moderate,Agricultural,275,No,March,Low
Himachal Pradesh,Mandi,63.5,1.74,32.1,38.7,20.3,54.3,1313.1,33.07,Moderate,Urban,13745,Yes,March,Medium
Himachal Pradesh,Shimla,21.6,0.84,43.9,30.0,7.9,55.1,2997.4,31.7,Moderate,Urban,11717,No,March,Low
Himachal Pradesh,Kangra,29.1,1.76,45.6,39.0,7.9,55.9,3056.0,23.68,Moderate,Agricultural,896,No,March,Low
Himachal Pradesh,Mandi,77.8,2.0,34.1,66.3,17.7,68.3,1462.4,33.57,Good,Forest,150,Yes,March,Medium
Himachal Pradesh,Shimla,13.7,1.03,45.3,57.5,22.2,54.6,744.3,15.82,Good,Agricultural,676,Yes,March,Low
Himachal Pradesh,Mandi,45.5,1.3,40.6,68.2,11.7,65.7,2202.0,13.32,Good,Forest,246,Yes,March,Low
Himachal Pradesh,Mandi,44.9,1.2,49.1,65.9,21.0,67.0,833.0,36.87,Moderate,Forest,72,No,March,Low
Himachal Pradesh,Kangra,32.0,1.37,59.6,53.2,22.1,60.4,728.5,19.39,Good,Forest,143,Yes,March,Low
Himachal Pradesh,Mandi,74.2,1.31,48.1,59.2,20.9,51.6,1078.0,56.87,Poor,Agricultural,855,Yes,March,Medium
Himachal Pradesh,Kullu,27.5,1.44,26.0,50.8,18.8,43.8,1131.7,41.7,Good,Agricultural,872,No,March,Low
Himachal Pradesh,Mandi,42.6,1.43,57.8,57.6,18.5,60.4,1307.2,29.68,Moderate,Agricultural,1009,Yes,March,Medium
Himachal Pradesh,Kullu,53.0,1.45,25.2,50.7,10.4,64.2,2781.8,30.62,Good,Agricultural,646,No,March,Low
Himachal Pradesh,Kullu,30.8,1.42,44.1,54.0,3.4,70.8,3332.1,25.01,Good,Forest,220,Yes,March,Low
Himachal Pradesh,Kullu,20.8,1.3,49.0,43.9,15.2,61.2,1774.7,29.28,Moderate,Agricultural,405,No,March,Low
Himachal Pradesh,Mandi,44.7,1.23,46.2,54.3,9.2,58.6,2745.9,32.88,Moderate,Agricultural,398,Yes,March,Medium
Himachal Pradesh,Kangra,80.2,1.82,62.8,58.2,10.2,55.7,2673.7,29.57,Good,Agricultural,1093,No,March,Low
Himachal Pradesh,Mandi,79.1,1.69,35.9,63.5,18.1,66.9,1424.1,20.09,Good,Forest,268,Yes,March,Medium
Himachal Pradesh,Kullu,53.7,1.63,32.8,58.2,13.6,59.6,2044.7,13.07,Good,Agricultural,1343,Yes,March,Low
Himachal Pradesh,Shimla,50.8,1.31,46.3,52.3,13.5,63.3,2115.9,27.71,Moderate,Agricultural,572,Yes,March,Medium
Himachal Pradesh,Kullu,34.7,1.08,69.7,63.3,15.0,57.0,2119.0,16.62,Good,Forest,183,No,March,Low
Himachal Pradesh,Shimla,59.1,1.6,37.1,54.9,18.0,63.7,2335.9,25.62,Good,Forest,192,Yes,April,Medium
Himachal Pradesh,Mandi,35.8,1.5,44.4,62.4,18.6,67.0,1951.6,50.57,Good,Forest,10,Yes,April,Medium
Himachal Pradesh,Shimla,34.4,1.11,41.5,55.4,21.0,75.5,1712.3,39.11,Good,Forest,78,Yes,April,Low
Himachal Pradesh,Mandi,26.7,1.24,29.8,58.6,20.6,64.8,1609.6,21.24,Good,Forest,67,Yes,April,Low
Himachal Pradesh,Shimla,72.7,1.63,44.2,70.3,23.8,64.4,1438.6,26.83,Good,Forest,242,No,April,Low
Himachal Pradesh,Kullu,77.2,1.66,46.5,50.2,25.7,53.4,952.6,36.16,Moderate,Agricultural,919,Yes,April,Medium
Himachal Pradesh,Mandi,41.5,1.2,35.9,45.9,21.5,58.5,1949.1,20.52,Moderate,Agricultural,397,Yes,April,Low
Himachal Pradesh,Mandi,28.0,1.18,36.4,59.0,24.0,65.1,1206.1,28.36,Good,Forest,147,Yes,April,Low
Himachal Pradesh,Kullu,47.7,1.64,47.1,54.4,18.6,62.1,1826.4,34.18,Poor,Forest,82,No,April,Low
Himachal Pradesh,Kullu,63.4,1.73,32.5,54.9,21.2,56.2,1574.6,28.26,Good,Agricultural,1255,Yes,April,Medium
Himachal Pradesh,Kullu,26.8,1.61,43.5,67.0,18.4,66.6,2233.4,26.72,Good,Forest,34,Yes,April,Medium
Himachal Pradesh,Shimla,40.2,1.13,39.4,71.4,20.2,65.4,1732.8,15.23,Moderate,Forest,111,Yes,April,Low
Himachal Pradesh,Kangra,65.2,1.97,53.8,58.6,25.6,76.7,1055.7,24.19,Good,Forest,63,Yes,April,Medium
Himachal Pradesh,Mandi,42.6,1.22,57.9,62.8,17.5,65.9,2035.7,33.09,Good,Forest,122,Yes,April,Medium
Himachal Pradesh,Shimla,31.5,1.26,56.1,53.3,22.2,60.4,1445.7,27.04,Good,Agricultural,426,No,April,Low
Himachal Pradesh,Kullu,43.2,1.52,68.2,58.8,13.1,59.0,2584.0,35.46,Moderate,Agricultural,126,Yes,April,Medium
Himachal Pradesh,Kullu,44.6,1.26,45.0,51.4,8.1,50.7,3475.7,40.53,Good,Agricultural,899,No,April,Low
Himachal Pradesh,Mandi,55.1,1.68,52.5,29.9,19.1,53.8,2210.6,45.89,Poor,Urban,11616,Yes,April,Medium
Himachal Pradesh,Kullu,81.2,1.82,41.4,56.6,9.6,54.8,3447.4,14.36,Moderate,Agricultural,728,Yes,April,Medium
Himachal Pradesh,Kullu,2.2,1.19,45.2,31.9,13.6,45.3,3110.2,36.99,Good,Urban,12059,Yes,April,Low
Himachal Pradesh,Kullu,37.5,1.36,41.8,53.5,10.6,65.1,3300.3,23.01,Good,Forest,199,No,April,Low
Himachal Pradesh,Shimla,27.5,0.74,42.8,45.0,23.2,58.4,1138.6,28.16,Moderate,Agricultural,500,Yes,April,Low
Himachal Pradesh,Mandi,43.9,1.17,34.9,59.9,16.4,67.3,2698.7,25.68,Good,Forest,161,Yes,May,Medium
Himachal Pradesh,Mandi,74.2,1.99,60.9,73.6,23.5,64.6,1544.0,35.82,Good,Forest,128,Yes,May,Medium
Himachal Pradesh,Kangra,17.2,1.42,52.5,77.4,23.9,71.8,1587.8,31.85,Poor,Wetland,286,Yes,May,Medium
Himachal Pradesh,Shimla,25.0,1.48,42.0,56.6,15.4,65.4,3063.4,43.68,Good,Forest,227,Yes,May,Low
Himachal Pradesh,Kangra,40.4,1.47,52.6,48.0,21.8,56.8,1491.4,8.64,Moderate,Agricultural,683,Yes,May,Low
Himachal Pradesh,Shimla,47.4,0.82,59.2,86.3,16.2,73.2,2483.4,13.72,Good,Wetland,260,No,May,Low
Himachal Pradesh,Mandi,46.6,1.15,30.6,70.9,20.9,66.5,1626.6,35.05,Moderate,Forest,178,No,May,Low
Himachal Pradesh,Mandi,37.3,1.6,42.9,50.7,22.5,48.6,1724.1,21.47,Moderate,Agricultural,341,No,May,Low
Himachal Pradesh,Kullu,24.2,1.5,50.2,56.6,16.6,66.4,2503.6,37.09,Good,Forest,138,Yes,May,Low
Himachal Pradesh,Kangra,49.1,1.27,54.9,68.7,22.1,76.2,1896.5,19.72,Poor,Wetland,243,Yes,May,Medium
Himachal Pradesh,Shimla,1.5,1.04,18.8,69.5,14.2,68.6,3123.6,30.37,Good,Forest,107,No,May,Low
Himachal Pradesh,Kullu,8.4,1.04,40.8,52.1,13.8,50.2,3119.8,9.45,Poor,Agricultural,628,No,May,Low
Himachal Pradesh,Kangra,26.9,0.78,31.1,44.2,24.7,49.8,1285.7,31.8,Poor,Urban,13748,Yes,May,Medium
Himachal Pradesh,Kullu,0.0,0.88,36.0,60.1,12.9,54.6,2893.5,26.29,Good,Forest,140,Yes,May,Low
Himachal Pradesh,Kangra,42.5,1.15,38.7,68.4,25.3,59.7,1645.2,29.5,Good,Forest,10,Yes,May,Medium
Himachal Pradesh,Kangra,52.6,1.74,45.7,26.7,20.6,58.8,2273.0,24.36,Poor,Urban,3345,No,May,Low
Himachal Pradesh,Mandi,55.1,1.72,48.3,26.8,23.9,55.1,1504.7,27.44,Good,Urban,11000,Yes,May,Low
Himachal Pradesh,Kullu,30.5,1.72,51.1,59.5,19.9,62.8,2027.6,39.38,Good,Forest,336,Yes,May,Low
Himachal Pradesh,Kangra,33.7,1.08,38.0,57.3,16.7,67.2,2789.8,23.66,Good,Forest,147,No,May,Low
Himachal Pradesh,Kangra,11.1,1.36,38.4,71.9,23.5,66.1,1732.4,23.33,Good,Wetland,438,Yes,May,Medium
Himachal Pradesh,Kangra,0.0,1.07,52.6,51.2,27.6,66.2,764.5,34.95,Good,Forest,38,Yes,May,Low
Himachal Pradesh,Shimla,49.5,0.91,45.3,60.6,25.0,69.8,1343.2,45.14,Moderate,Forest,129,Yes,May,Medium
Himachal Pradesh,Mandi,280.3,4.58,63.2,57.9,20.5,84.2,1732.6,24.5,Moderate,Urban,5100,Yes,June,High
Himachal Pradesh,Kullu,215.0,4.14,56.4,91.2,19.3,97.0,1361.4,15.2,Moderate,Wetland,746,Yes,June,High
Himachal Pradesh,Kangra,221.6,3.61,68.7,71.4,18.8,81.9,1458.5,19.17,Poor,Agricultural,807,Yes,June,High
Himachal Pradesh,Mandi,396.0,6.03,50.8,86.1,10.7,91.3,3377.4,32.98,Good,Agricultural,909,Yes,June,Extreme
Himachal Pradesh,Kangra,255.7,4.25,63.0,69.9,17.3,80.1,2069.3,40.13,Moderate,Agricultural,770,Yes,June,High
Himachal Pradesh,Shimla,421.9,5.93,57.3,97.8,13.4,98.3,2865.6,17.39,Good,Forest,10,Yes,June,Extreme
Himachal Pradesh,Shimla,358.9,4.9,58.0,82.3,12.4,89.1,2892.8,26.29,Moderate,Agricultural,619,Yes,June,Extreme
Himachal Pradesh,Mandi,291.0,4.78,55.9,72.6,17.6,100.0,2100.2,26.99,Good,Agricultural,416,Yes,June,High
Himachal Pradesh,Mandi,117.5,2.51,66.0,67.0,24.2,96.3,1033.8,34.45,Moderate,Forest,45,Yes,June,Medium
Himachal Pradesh,Kangra,267.4,4.42,53.5,91.6,19.1,99.8,2194.5,8.76,Moderate,Wetland,678,Yes,June,High
Himachal Pradesh,Kullu,64.2,2.37,58.9,67.6,21.2,86.6,1416.0,18.77,Good,Forest,130,Yes,June,Medium
Himachal Pradesh,Kullu,431.8,6.09,47.4,73.2,17.5,98.1,2177.0,39.6,Poor,Agricultural,451,Yes,June,Extreme
Himachal Pradesh,Kullu,238.1,3.76,53.7,68.9,19.5,99.8,1556.0,29.69,Good,Forest,105,No,June,Medium
Himachal Pradesh,Shimla,149.7,3.41,72.6,62.3,25.3,81.1,1040.5,31.83,Moderate,Agricultural,485,Yes,June,High
Himachal Pradesh,Mandi,314.9,4.86,73.6,86.3,21.1,97.8,1631.5,22.66,Moderate,Forest,159,Yes,June,Extreme
Himachal Pradesh,Shimla,452.4,6.66,48.3,65.0,13.1,100.0,2999.1,36.56,Poor,Urban,13732,No,June,Extreme
Himachal Pradesh,Kangra,552.5,7.4,69.9,98.0,19.5,92.5,1834.2,19.81,Moderate,Agricultural,1263,No,June,Extreme
Himachal Pradesh,Kullu,216.0,3.39,51.7,67.3,25.0,85.1,1199.3,17.66,Poor,Agricultural,1187,No,June,Medium
Himachal Pradesh,Kullu,228.0,3.57,53.3,72.9,17.2,84.8,2000.6,41.01,Poor,Agricultural,540,Yes,June,High
Himachal Pradesh,Kangra,198.0,3.84,82.4,65.1,12.1,90.6,3166.6,31.04,Good,Agricultural,836,Yes,June,High
Himachal Pradesh,Kullu,400.1,5.9,57.5,90.7,11.5,100.0,3218.4,19.08,Good,Forest,121,Yes,June,Extreme
Himachal Pradesh,Shimla,168.5,3.58,56.6,74.9,12.1,94.7,2703.0,28.13,Moderate,Forest,134,No,June,Medium
Himachal Pradesh,Kullu,378.4,5.95,73.8,92.0,24.6,100.0,1077.7,24.58,Good,Forest,93,Yes,July,Extreme
Himachal Pradesh,Shimla,314.1,5.2,64.2,71.6,8.4,84.2,2633.8,36.91,Moderate,Agricultural,1319,Yes,July,Extreme
Himachal Pradesh,Shimla,323.1,4.83,66.8,89.2,20.3,100.0,1400.2,30.14,Good,Forest,59,Yes,July,Extreme
Himachal Pradesh,Mandi,329.6,4.88,62.7,83.1,15.0,100.0,1813.0,36.36,Moderate,Forest,196,Yes,July,Extreme
Himachal Pradesh,Mandi,198.0,4.43,56.7,72.6,7.5,94.1,3122.1,29.96,Moderate,Forest,218,No,July,High
Himachal Pradesh,Shimla,266.4,5.09,73.2,74.3,16.8,93.7,1785.3,28.91,Moderate,Agricultural,233,No,July,High
Himachal Pradesh,Kangra,342.2,5.04,68.1,86.1,13.4,100.0,2477.8,13.11,Good,Forest,177,No,July,High
Himachal Pradesh,Shimla,225.0,4.04,66.2,56.4,21.0,85.6,1125.6,42.22,Moderate,Urban,6575,Yes,July,High
Himachal Pradesh,Kangra,413.4,6.06,76.7,80.2,9.0,93.4,3417.9,30.9,Moderate,Agricultural,979,Yes,July,Extreme
Himachal Pradesh,Kullu,202.7,3.85,52.8,70.0,22.4,96.9,1112.2,26.7,Moderate,Forest,33,Yes,July,High
Himachal Pradesh,Kullu,324.6,5.42,63.0,73.6,13.6,84.7,2338.0,32.01,Moderate,Agricultural,854,Yes,July,Extreme
Himachal Pradesh,Kullu,464.8,7.12,69.0,89.1,11.9,100.0,2259.8,44.19,Good,Forest,221,Yes,July,Extreme
Himachal Pradesh,Kullu,274.0,4.68,62.2,66.1,6.7,85.5,3162.9,27.09,Moderate,Agricultural,926,Yes,July,High
Himachal Pradesh,Shimla,342.8,5.5,69.5,83.3,12.8,100.0,2307.9,42.06,Good,Forest,78,Yes,July,Extreme
Himachal Pradesh,Shimla,410.6,6.18,61.1,85.6,21.8,97.3,940.5,24.39,Good,Forest,231,Yes,July,Extreme
Himachal Pradesh,Kullu,300.6,5.24,61.2,72.7,8.4,94.0,3041.3,16.57,Moderate,Agricultural,1029,Yes,July,Extreme
Himachal Pradesh,Kullu,311.7,5.26,84.1,58.9,19.7,87.3,1191.1,26.04,Good,Urban,14369,No,July,High
Himachal Pradesh,Mandi,273.9,4.42,69.5,85.4,14.3,99.0,1919.2,29.81,Moderate,Forest,39,No,July,High
Himachal Pradesh,Kangra,384.4,6.1,75.8,98.0,22.3,100.0,747.8,23.04,Poor,Wetland,319,No,July,Extreme
Himachal Pradesh,Kangra,349.9,5.33,60.6,84.0,12.5,100.0,2323.3,28.18,Moderate,Forest,223,No,July,Extreme
Himachal Pradesh,Kangra,293.2,4.42,77.5,74.1,14.3,95.0,1689.1,41.03,Good,Agricultural,157,Yes,July,Extreme
Himachal Pradesh,Kullu,339.1,5.69,54.6,78.6,9.8,91.6,2765.6,20.91,Good,Agricultural,512,Yes,July,Extreme
Himachal Pradesh,Kullu,198.3,3.69,81.3,75.0,16.6,100.0,1585.0,35.07,Moderate,Forest,88,Yes,August,High
Himachal Pradesh,Shimla,229.7,4.06,89.5,71.9,7.1,84.5,3433.3,27.38,Moderate,Agricultural,596,Yes,August,High
Himachal Pradesh,Mandi,330.4,4.94,92.9,81.4,18.7,100.0,1054.5,47.74,Good,Forest,154,No,August,Extreme
Himachal Pradesh,Mandi,382.2,6.16,59.3,91.6,21.3,100.0,1138.4,25.47,Good,Forest,113,No,August,Extreme
Himachal Pradesh,Kullu,283.6,5.09,77.5,57.2,6.9,86.0,3273.7,18.55,Moderate,Urban,200,Yes,August,Extreme
Himachal Pradesh,Shimla,64.8,2.11,72.6,79.0,15.9,91.8,2055.4,35.6,Moderate,Wetland,212,Yes,August,Medium
Himachal Pradesh,Kangra,174.8,2.87,77.3,44.8,7.5,82.2,3098.8,36.59,Moderate,Urban,9872,Yes,August,Medium
Himachal Pradesh,Kullu,187.8,3.78,85.4,92.4,13.5,96.2,2207.6,24.49,Moderate,Wetland,481,Yes,August,High
Himachal Pradesh,Mandi,239.9,4.09,83.8,73.7,8.8,90.6,3126.4,34.4,Moderate,Agricultural,798,No,August,High
Himachal Pradesh,Kullu,372.8,4.91,80.8,85.2,21.3,88.6,1239.0,34.73,Good,Agricultural,662,Yes,August,Extreme
Himachal Pradesh,Mandi,231.0,3.39,77.9,50.2,13.6,92.3,2035.5,37.23,Moderate,Urban,7626,Yes,August,High
Himachal Pradesh,Shimla,290.7,4.66,74.3,75.9,19.5,92.6,1736.7,47.15,Poor,Agricultural,197,Yes,August,Extreme
Himachal Pradesh,Mandi,340.2,5.06,50.0,98.0,11.4,100.0,2423.6,33.57,Poor,Wetland,372,Yes,August,Extreme
Himachal Pradesh,Kangra,221.6,3.83,79.1,79.3,17.1,93.1,1573.5,25.91,Good,Forest,44,Yes,August,High
Himachal Pradesh,Kangra,328.0,4.7,71.3,76.1,18.7,85.5,1967.3,16.97,Moderate,Agricultural,584,Yes,August,Extreme
Himachal Pradesh,Shimla,451.8,6.0,80.1,68.7,10.8,97.7,2929.3,26.48,Poor,Urban,11908,Yes,August,Extreme
Himachal Pradesh,Mandi,170.6,3.28,72.0,72.8,21.8,100.0,1526.6,27.73,Good,Forest,248,No,August,Medium
Himachal Pradesh,Shimla,337.0,5.15,68.1,92.0,18.0,100.0,1696.8,10.78,Good,Forest,105,No,August,High
Himachal Pradesh,Kullu,411.8,5.93,41.7,94.3,20.2,99.7,1395.5,23.76,Good,Forest,114,Yes,August,Extreme
Himachal Pradesh,Kullu,417.1,5.9,79.5,98.0,20.4,100.0,1173.4,18.77,Moderate,Wetland,143,Yes,August,Extreme
Himachal Pradesh,Shimla,208.6,4.01,77.9,63.5,11.5,92.9,2387.9,16.29,Moderate,Agricultural,380,No,August,Medium
Himachal Pradesh,Mandi,331.9,5.22,76.3,89.4,18.7,100.0,1444.8,21.06,Good,Forest,187,Yes,August,Extreme
Himachal Pradesh,Kangra,309.9,5.14,66.2,55.8,6.6,86.2,3046.1,39.82,Moderate,Urban,8213,Yes,September,Extreme
Himachal Pradesh,Kangra,282.9,4.67,77.4,65.1,20.8,87.4,898.4,29.22,Moderate,Agricultural,910,No,September,High
Himachal Pradesh,Mandi,306.5,5.03,80.2,51.3,18.3,88.3,1823.6,13.29,Moderate,Urban,11032,Yes,September,Extreme
Himachal Pradesh,Shimla,339.4,5.55,80.2,80.3,13.7,100.0,1927.5,25.55,Good,Forest,173,Yes,September,Extreme
Himachal Pradesh,Kullu,331.2,4.79,98.9,85.6,17.8,100.0,1426.7,22.54,Good,Forest,99,Yes,September,Extreme
Himachal Pradesh,Shimla,362.5,5.59,94.9,90.0,3.1,100.0,3470.6,23.12,Good,Forest,131,No,September,Extreme
Himachal Pradesh,Kangra,446.9,6.92,79.1,79.9,19.0,96.2,1288.6,34.67,Good,Agricultural,532,No,September,Extreme
Himachal Pradesh,Kangra,215.2,3.34,90.5,66.5,2.9,83.6,3192.3,32.46,Poor,Agricultural,50,Yes,September,High
Himachal Pradesh,Shimla,185.4,3.74,86.9,65.4,16.2,85.4,1981.4,16.61,Poor,Agricultural,702,No,September,Medium
Himachal Pradesh,Kullu,359.4,5.43,98.9,92.1,14.0,100.0,2001.4,18.6,Moderate,Forest,158,Yes,September,Extreme
Himachal Pradesh,Shimla,307.2,4.59,88.4,83.2,11.0,96.1,2076.1,34.86,Good,Forest,209,Yes,September,Extreme
Himachal Pradesh,Mandi,325.2,4.67,78.9,88.8,18.4,89.2,1473.7,22.53,Good,Forest,224,Yes,September,Extreme
Himachal Pradesh,Kangra,196.4,4.18,91.3,95.8,10.4,91.7,2711.9,25.76,Moderate,Wetland,50,Yes,September,Extreme
Himachal Pradesh,Kangra,284.7,4.23,97.9,79.9,18.5,86.6,1385.0,14.44,Moderate,Agricultural,531,Yes,September,Extreme
Himachal Pradesh,Kullu,204.3,3.83,84.8,71.1,10.8,100.0,2374.9,42.3,Good,Forest,182,No,September,High
Himachal Pradesh,Kullu,197.8,3.62,95.0,76.6,16.7,91.7,1517.7,21.03,Moderate,Forest,78,Yes,September,High
Himachal Pradesh,Shimla,327.3,4.89,80.0,98.0,21.6,97.8,868.1,20.48,Moderate,Wetland,849,Yes,September,Extreme
Himachal Pradesh,Mandi,220.9,3.86,80.9,73.5,14.7,100.0,1942.4,12.26,Moderate,Forest,236,No,September,Medium
Himachal Pradesh,Kangra,239.5,4.44,98.3,77.3,17.4,94.6,1595.5,24.45,Good,Forest,200,Yes,September,Extreme
Himachal Pradesh,Shimla,214.2,3.92,81.1,84.1,7.9,95.9,2852.8,31.18,Moderate,Forest,150,Yes,September,High
Himachal Pradesh,Kangra,330.2,5.12,89.8,85.6,9.3,100.0,2887.8,32.3,Good,Forest,10,Yes,September,Extreme
Himachal Pradesh,Kullu,175.9,3.88,92.2,66.2,16.8,100.0,1605.2,41.5,Good,Forest,220,Yes,September,High
Himachal Pradesh,Kangra,0.0,0.94,33.4,65.4,4.7,63.9,2837.2,8.19,Good,Forest,232,Yes,October,Low
Himachal Pradesh,Mandi,57.4,1.91,49.7,45.8,2.6,52.8,3426.7,46.33,Good,Agricultural,925,No,October,Low
Himachal Pradesh,Kullu,32.3,1.22,56.0,33.9,20.5,52.9,821.5,12.43,Moderate,Urban,9640,No,October,Low
Himachal Pradesh,Mandi,28.6,1.19,55.5,46.5,2.9,59.1,3481.7,37.8,Moderate,Agricultural,942,Yes,October,Low
Himachal Pradesh,Kangra,29.5,1.36,63.3,59.8,10.2,69.1,2470.1,32.17,Good,Forest,333,Yes,October,Medium
Himachal Pradesh,Shimla,64.0,0.97,56.2,58.3,8.2,60.5,2679.5,27.92,Good,Agricultural,188,No,October,Low
Himachal Pradesh,Kangra,33.3,1.55,50.5,67.1,10.1,74.1,2366.2,17.23,Good,Forest,168,Yes,October,Low
Himachal Pradesh,Mandi,71.2,0.94,64.9,66.9,9.3,71.0,2966.5,21.43,Moderate,Forest,113,No,October,Low
Himachal Pradesh,Mandi,44.1,1.89,56.8,66.2,8.0,66.1,2371.8,38.67,Moderate,Forest,262,Yes,October,Medium
Himachal Pradesh,Kangra,50.7,1.53,37.4,66.8,9.1,73.9,2884.0,0.1,Good,Forest,246,Yes,October,Medium
Himachal Pradesh,Kangra,21.8,1.67,29.4,64.4,5.6,62.5,3232.9,8.97,Good,Forest,164,Yes,October,Low
Himachal Pradesh,Mandi,41.5,1.81,48.5,64.8,18.7,71.8,1331.7,31.21,Moderate,Forest,10,No,October,Low
Himachal Pradesh,Mandi,83.2,2.22,53.7,67.7,13.4,70.2,1850.4,28.67,Good,Forest,95,Yes,October,Medium
Himachal Pradesh,Mandi,33.8,1.75,53.6,50.1,17.9,49.8,1131.0,33.54,Moderate,Agricultural,300,No,October,Low
Himachal Pradesh,Mandi,48.7,1.45,32.7,59.4,13.5,55.9,2096.6,39.8,Good,Agricultural,920,Yes,October,Medium
Himachal Pradesh,Kangra,72.6,1.67,49.0,56.7,4.8,56.8,3052.1,30.58,Moderate,Agricultural,421,No,October,Low
Himachal Pradesh,Kullu,74.6,1.77,54.6,57.0,20.7,45.2,1062.6,28.13,Moderate,Agricultural,1108,Yes,October,Medium
Himachal Pradesh,Shimla,63.0,1.95,40.5,52.3,14.3,62.1,1854.7,30.89,Moderate,Agricultural,956,Yes,October,Medium
Himachal Pradesh,Mandi,1.7,1.15,32.2,59.4,20.6,67.9,910.1,37.18,Poor,Agricultural,578,No,October,Low
Himachal Pradesh,Kullu,9.0,1.53,40.7,56.5,10.2,60.9,2479.8,22.46,Good,Forest,209,No,October,Low
Himachal Pradesh,Shimla,84.2,1.82,39.8,61.8,17.4,57.6,1264.2,34.56,Moderate,Agricultural,1048,No,October,Low
Himachal Pradesh,Mandi,48.6,1.36,49.7,49.5,12.2,61.2,2328.9,37.37,Moderate,Agricultural,643,No,October,Low
Himachal Pradesh,Shimla,47.1,1.18,35.4,63.3,5.4,56.6,2892.6,20.17,Good,Agricultural,696,Yes,November,Medium
Himachal Pradesh,Mandi,5.1,1.07,24.8,57.6,5.2,65.6,2808.1,30.8,Poor,Forest,165,No,November,Low
Himachal Pradesh,Mandi,54.0,1.59,56.5,56.3,3.9,51.8,2644.6,54.95,Moderate,Agricultural,521,No,November,Low
Himachal Pradesh,Shimla,62.6,1.64,37.4,64.2,1.4,75.9,2778.0,14.28,Moderate,Forest,44,Yes,November,Low
Himachal Pradesh,Shimla,32.8,1.98,46.0,55.0,17.1,49.7,962.0,17.05,Good,Agricultural,756,Yes,November,Low
Himachal Pradesh,Shimla,23.8,1.37,35.9,59.7,7.9,67.6,2159.6,20.42,Good,Forest,107,No,November,Low
Himachal Pradesh,Kangra,12.4,1.18,35.0,61.8,12.7,70.9,1611.1,27.77,Good,Forest,124,Yes,November,Low
Himachal Pradesh,Kullu,40.6,1.15,48.8,31.7,-1.1,68.3,3324.4,8.31,Good,Urban,6621,Yes,November,Low
Himachal Pradesh,Shimla,48.8,1.22,71.1,65.8,2.5,59.9,2880.6,18.92,Good,Forest,211,Yes,November,Medium
Himachal Pradesh,Shimla,56.3,2.05,64.0,61.8,4.3,66.9,2550.3,34.78,Good,Forest,262,Yes,November,Medium
Himachal Pradesh,Mandi,0.0,1.09,62.2,57.2,8.4,65.8,1612.0,25.64,Good,Forest,118,Yes,November,Low
Himachal Pradesh,Kullu,49.5,1.57,45.2,57.7,9.6,61.7,2037.2,43.57,Moderate,Agricultural,594,No,November,Low
Himachal Pradesh,Kullu,53.6,1.55,52.6,59.2,8.7,55.4,2174.3,33.92,Moderate,Agricultural,477,No,November,Low
Himachal Pradesh,Kangra,77.2,1.68,29.3,67.9,7.6,71.2,1971.5,28.93,Good,Forest,132,No,November,Low
Himachal Pradesh,Kangra,37.5,1.38,58.1,62.8,7.6,65.7,2253.4,29.07,Good,Forest,243,Yes,November,Medium
Himachal Pradesh,Shimla,37.4,1.27,48.9,47.3,-0.4,49.6,3373.7,26.48,Moderate,Agricultural,1156,No,November,Low
Himachal Pradesh,Kangra,31.0,1.12,50.7,62.3,4.0,66.9,2501.5,32.32,Poor,Forest,111,Yes,November,Medium
Himachal Pradesh,Kangra,54.0,1.22,27.1,63.0,7.9,62.1,2539.7,29.35,Good,Forest,193,Yes,November,Medium
Himachal Pradesh,Kangra,52.1,1.82,37.6,64.1,14.0,53.6,1043.9,32.75,Good,Agricultural,1083,Yes,November,Medium
Himachal Pradesh,Shimla,46.1,1.57,36.6,51.2,11.3,63.7,1516.0,18.99,Good,Agricultural,460,Yes,November,Low
Himachal Pradesh,Kullu,11.9,0.77,44.4,62.1,13.6,57.5,1403.7,35.04,Good,Agricultural,838,Yes,November,Low
Himachal Pradesh,Kullu,60.5,1.62,41.9,70.8,-1.0,57.9,3371.3,29.68,Good,Forest,168,Yes,November,Medium
Himachal Pradesh,Kullu,69.8,1.61,51.9,67.3,0.1,47.4,2617.4,24.79,Poor,Agricultural,1024,Yes,December,Medium
Himachal Pradesh,Kullu,35.3,1.37,57.9,35.2,6.6,55.7,1732.8,21.03,Poor,Urban,14343,Yes,December,Medium
Himachal Pradesh,Mandi,33.4,1.22,34.9,78.2,-2.0,66.8,3420.6,31.09,Good,Wetland,452,Yes,December,Medium
Himachal Pradesh,Mandi,58.2,2.34,43.5,63.5,-1.5,64.9,3085.4,27.82,Good,Forest,186,No,December,Low
Himachal Pradesh,Mandi,0.0,0.55,43.8,68.1,8.7,57.0,1184.1,46.83,Good,Forest,60,Yes,December,Low
Himachal Pradesh,Kullu,52.7,1.31,54.0,57.9,-0.2,62.9,2822.8,13.23,Good,Forest,200,No,December,Low
Himachal Pradesh,Kullu,37.8,1.43,45.6,57.7,10.2,72.2,944.2,30.62,Moderate,Forest,10,Yes,December,Medium
Himachal Pradesh,Mandi,40.1,1.22,54.4,61.6,1.4,60.6,2315.2,22.48,Moderate,Forest,67,No,December,Low
Himachal Pradesh,Kullu,18.6,0.77,49.4,58.6,-0.1,74.0,2744.2,29.77,Moderate,Forest,147,Yes,December,Low
Himachal Pradesh,Kullu,60.4,1.69,39.8,82.3,3.3,65.3,2146.8,22.98,Moderate,Wetland,324,Yes,December,Medium
Himachal Pradesh,Kangra,37.9,0.95,50.4,60.0,2.3,65.1,2452.4,26.49,Good,Forest,188,No,December,Low
Himachal Pradesh,Shimla,45.5,1.69,47.4,62.9,6.4,68.3,1976.4,30.04,Good,Forest,90,Yes,December,Medium
Himachal Pradesh,Shimla,0.0,1.25,49.5,77.5,11.1,64.4,873.0,31.65,Poor,Wetland,471,Yes,December,Medium
Himachal Pradesh,Mandi,0.0,0.76,69.6,55.7,-2.0,66.8,3051.1,26.55,Good,Forest,186,No,December,Low
Himachal Pradesh,Kangra,22.5,1.43,54.4,50.4,4.4,63.1,2122.5,25.96,Poor,Agricultural,766,Yes,December,Medium
Himachal Pradesh,Kangra,57.4,1.41,49.6,48.7,-3.0,56.3,3378.0,35.12,Moderate,Agricultural,442,Yes,December,Medium
Himachal Pradesh,Kangra,67.3,2.38,60.8,62.8,0.1,60.5,3287.7,34.15,Moderate,Agricultural,715,Yes,December,Medium
Himachal Pradesh,Mandi,0.0,1.31,35.6,27.9,5.1,50.1,1710.8,19.92,Poor,Urban,7083,Yes,December,Low
Himachal Pradesh,Kangra,105.3,1.98,36.7,72.4,3.8,70.3,1911.3,36.89,Good,Forest,166,Yes,December,Medium
Himachal Pradesh,Mandi,0.0,0.98,56.3,65.7,1.8,61.3,2327.1,32.78,Good,Forest,164,Yes,December,Low
Himachal Pradesh,Kangra,65.3,1.51,48.1,56.4,9.8,78.0,1359.3,18.89,Moderate,Forest,236,Yes,December,Low
Himachal Pradesh,Shimla,18.9,1.27,29.2,72.6,-4.2,66.9,3326.9,36.53,Good,Wetland,409,No,December,Low
Jammu and Kashmir,Baramulla,51.9,1.34,39.9,62.1,8.3,67.7,1533.6,41.96,Poor,Forest,58,Yes,January,Medium
Jammu and Kashmir,Baramulla,30.6,1.68,30.9,59.8,-1.2,58.8,2590.0,31.06,Poor,Agricultural,1169,No,January,Low
Jammu and Kashmir,Srinagar,7.0,1.35,34.4,63.7,8.3,67.1,1619.4,20.88,Good,Forest,162,No,January,Low
Jammu and Kashmir,Srinagar,82.1,2.19,34.6,64.9,9.6,71.6,1210.8,15.93,Good,Forest,189,No,January,Low
Jammu and Kashmir,Srinagar,77.1,2.36,55.3,38.4,14.9,66.8,513.1,36.3,Moderate,Urban,6578,Yes,January,Medium
Jammu and Kashmir,Baramulla,52.4,1.33,56.8,64.5,-1.1,63.3,2985.4,40.2,Good,Forest,135,Yes,January,Medium
Jammu and Kashmir,Baramulla,0.0,0.9,32.9,53.9,0.8,67.2,2759.7,25.55,Good,Forest,63,Yes,January,Low
Jammu and Kashmir,Anantnag,82.3,2.2,50.8,63.9,0.0,56.1,2756.3,28.39,Good,Agricultural,801,No,January,Low
Jammu and Kashmir,Srinagar,56.8,1.61,56.1,53.3,8.7,61.2,1457.4,8.78,Good,Agricultural,1336,No,January,Low
Jammu and Kashmir,Srinagar,54.8,1.12,53.3,62.3,13.6,66.9,635.4,10.17,Good,Forest,120,Yes,January,Low
Jammu and Kashmir,Srinagar,19.4,1.02,52.2,71.8,4.9,65.5,2323.1,37.94,Poor,Wetland,628,No,January,Low
Jammu and Kashmir,Baramulla,17.6,1.2,52.8,48.6,10.9,61.9,1012.8,27.71,Poor,Agricultural,764,Yes,January,Medium
Jammu and Kashmir,Srinagar,55.8,1.77,48.6,56.2,12.9,66.6,660.3,29.12,Good,Forest,144,No,January,Low
Jammu and Kashmir,Srinagar,48.1,1.43,40.8,53.1,3.7,54.8,2236.6,40.78,Good,Agricultural,171,Yes,January,Medium
Jammu and Kashmir,Anantnag,69.4,1.71,56.5,67.0,16.2,62.8,377.0,44.53,Poor,Forest,195,No,January,Low
Jammu and Kashmir,Baramulla,46.4,1.53,49.6,50.1,-3.0,58.3,2949.1,30.52,Poor,Agricultural,667,No,January,Low
Jammu and Kashmir,Srinagar,14.4,0.72,56.7,58.4,4.2,67.1,2149.9,29.42,Moderate,Forest,38,No,January,Low
Jammu and Kashmir,Srinagar,2.0,0.94,56.8,38.0,-1.2,63.7,2895.6,20.46,Good,Urban,5169,No,January,Low
Jammu and Kashmir,Baramulla,75.0,1.46,48.3,62.0,11.7,66.6,941.3,15.23,Good,Forest,272,Yes,January,Low
Jammu and Kashmir,Srinagar,20.8,1.14,53.4,57.7,4.2,69.0,1943.1,26.82,Good,Forest,174,Yes,January,Low
Jammu and Kashmir,Anantnag,86.8,1.82,44.8,28.7,9.6,60.9,1601.3,39.36,Poor,Urban,13459,Yes,January,Medium
Jammu and Kashmir,Anantnag,17.9,0.92,55.7,54.6,14.4,50.9,373.0,14.41,Moderate,Agricultural,565,Yes,January,Low
Jammu and Kashmir,Anantnag,22.0,1.54,64.1,58.9,19.6,61.8,412.3,29.72,Good,Forest,190,Yes,February,Medium
Jammu and Kashmir,Baramulla,41.5,1.01,49.8,61.0,18.4,63.1,811.0,31.58,Good,Forest,252,No,February,Low
Jammu and Kashmir,Baramulla,65.9,2.07,45.0,71.6,6.0,62.5,2050.9,13.36,Good,Forest,129,Yes,February,Low
Jammu and Kashmir,Srinagar,37.2,1.29,53.9,60.9,0.4,71.4,2864.3,12.19,Moderate,Forest,41,No,February,Low
Jammu and Kashmir,Baramulla,28.4,0.82,70.1,59.9,2.2,76.8,2718.0,25.69,Good,Forest,243,Yes,February,Medium
Jammu and Kashmir,Srinagar,122.3,2.45,41.1,70.8,8.8,66.8,1589.6,5.11,Good,Forest,122,No,February,Low
Jammu and Kashmir,Anantnag,24.4,1.85,41.6,51.3,14.7,59.8,1070.6,31.37,Good,Agricultural,827,Yes,February,Low
Jammu and Kashmir,Anantnag,14.1,1.3,52.4,50.4,8.5,63.1,1710.6,26.34,Moderate,Agricultural,552,Yes,February,Low
Jammu and Kashmir,Anantnag,29.7,0.93,48.5,45.8,9.1,63.9,2046.9,21.98,Good,Agricultural,423,No,February,Low
Jammu and Kashmir,Srinagar,0.0,0.9,28.9,57.1,7.3,54.4,2553.2,37.92,Good,Forest,151,No,February,Low
Jammu and Kashmir,Anantnag,36.8,1.71,33.1,56.8,2.2,55.2,2867.9,27.5,Moderate,Agricultural,1204,Yes,February,Medium
Jammu and Kashmir,Srinagar,44.9,1.47,66.4,51.4,15.9,54.8,956.4,40.5,Moderate,Agricultural,506,Yes,February,Medium
Jammu and Kashmir,Baramulla,34.2,1.64,39.9,64.8,4.2,61.7,2622.7,41.43,Good,Forest,98,Yes,February,Medium
Jammu and Kashmir,Anantnag,71.9,2.08,52.5,53.0,15.4,51.8,1333.3,33.59,Good,Agricultural,50,Yes,February,Medium
Jammu and Kashmir,Baramulla,28.0,1.04,60.4,53.1,13.1,66.5,1225.5,30.99,Good,Forest,68,Yes,February,Low
Jammu and Kashmir,Anantnag,13.5,1.06,35.4,24.6,16.0,55.5,948.9,9.98,Good,Urban,15028,Yes,February,Low
Jammu and Kashmir,Baramulla,26.2,0.98,48.7,74.7,6.3,69.5,2070.8,18.62,Moderate,Wetland,509,No,February,Low
Jammu and Kashmir,Baramulla,0.0,0.65,45.4,52.9,12.5,54.2,1204.0,14.31,Good,Agricultural,305,Yes,February,Low
Jammu and Kashmir,Srinagar,63.2,1.74,71.2,54.7,5.4,57.4,2037.9,29.51,Moderate,Agricultural,930,Yes,February,Medium
Jammu and Kashmir,Baramulla,0.0,0.77,54.0,55.2,16.4,62.5,641.2,22.56,Good,Forest,10,Yes,February,Low
Jammu and Kashmir,Anantnag,21.0,1.19,41.9,45.6,7.5,57.2,1981.1,31.64,Poor,Agricultural,882,Yes,February,Medium
Jammu and Kashmir,Srinagar,58.1,1.99,42.2,80.6,1.7,61.3,2252.4,34.83,Moderate,Wetland,343,Yes,February,Medium
Jammu and Kashmir,Baramulla,56.9,1.4,31.4,63.7,19.3,67.9,1265.2,42.67,Good,Forest,146,Yes,March,Medium
Jammu and Kashmir,Baramulla,21.4,1.36,44.3,33.3,11.0,55.3,2615.7,30.06,Poor,Urban,13227,Yes,March,Medium
Jammu and Kashmir,Srinagar,27.0,0.89,53.6,65.4,22.1,67.1,338.8,27.66,Good,Forest,228,No,March,Low
Jammu and Kashmir,Anantnag,55.7,1.35,42.0,65.2,8.0,66.0,2792.2,20.07,Good,Forest,148,No,March,Low
Jammu and Kashmir,Baramulla,61.7,2.06,43.1,77.5,23.2,66.5,772.2,19.32,Poor,Wetland,644,No,March,Low
Jammu and Kashmir,Anantnag,44.8,0.99,37.8,67.5,23.6,61.6,773.2,21.74,Good,Forest,152,Yes,March,Medium
Jammu and Kashmir,Anantnag,39.1,1.14,53.1,63.6,19.4,61.0,979.0,25.38,Good,Forest,156,No,March,Low
Jammu and Kashmir,Baramulla,51.3,1.94,41.5,46.4,21.6,59.3,845.3,1.47,Moderate,Agricultural,936,Yes,March,Low
Jammu and Kashmir,Srinagar,72.1,1.66,49.2,64.6,15.3,68.9,1403.7,51.56,Good,Forest,203,Yes,March,Medium
Jammu and Kashmir,Baramulla,49.1,1.4,52.3,57.2,21.9,63.4,856.4,27.3,Good,Forest,167,No,March,Low
Jammu and Kashmir,Anantnag,35.5,1.69,56.5,26.1,13.1,51.9,1962.1,36.56,Moderate,Urban,10901,Yes,March,Medium
Jammu and Kashmir,Anantnag,79.5,2.47,49.7,63.7,24.3,62.4,643.2,20.93,Good,Forest,189,No,March,Low
Jammu and Kashmir,Srinagar,16.2,1.12,42.5,60.0,16.3,66.3,1767.3,36.87,Good,Forest,137,Yes,March,Low
Jammu and Kashmir,Srinagar,40.4,1.8,59.5,46.1,24.8,59.8,530.7,42.53,Moderate,Agricultural,777,Yes,March,Medium
Jammu and Kashmir,Anantnag,50.3,1.88,49.3,81.5,15.0,51.3,1798.1,10.54,Poor,Wetland,458,No,March,Low
Jammu and Kashmir,Baramulla,43.3,1.5,53.9,76.6,17.2,56.4,1325.4,10.46,Moderate,Wetland,500,Yes,March,Medium
Jammu and Kashmir,Baramulla,77.8,1.86,44.3,56.5,19.4,53.3,1017.5,17.87,Moderate,Agricultural,527,Yes,March,Medium
Jammu and Kashmir,Srinagar,26.6,1.58,41.4,44.7,23.7,55.0,697.3,25.3,Moderate,Agricultural,851,No,March,Low
Jammu and Kashmir,Anantnag,30.5,1.34,37.9,55.2,11.0,60.7,2332.1,10.46,Good,Agricultural,937,Yes,March,Low
Jammu and Kashmir,Srinagar,62.1,1.8,29.9,62.6,16.7,67.1,1388.1,31.86,Good,Agricultural,413,Yes,March,Medium
Jammu and Kashmir,Baramulla,66.0,1.35,71.7,52.1,11.8,60.6,2343.9,41.13,Poor,Agricultural,969,Yes,March,Medium
Jammu and Kashmir,Srinagar,51.7,1.26,60.5,47.5,11.2,55.5,2296.9,12.77,Poor,Agricultural,1199,No,March,Low
Jammu and Kashmir,Anantnag,44.2,1.46,41.3,61.4,18.6,50.9,1646.9,29.99,Moderate,Agricultural,665,Yes,April,Medium
Jammu and Kashmir,Srinagar,67.7,1.75,39.0,83.8,22.4,63.8,1451.9,7.74,Good,Wetland,403,Yes,April,Medium
Jammu and Kashmir,Anantnag,77.5,1.68,44.8,40.4,26.9,62.2,1192.8,27.33,Moderate,Urban,8076,Yes,April,Medium
Jammu and Kashmir,Baramulla,6.9,1.17,42.6,44.5,14.7,49.7,2635.3,24.43,Moderate,Agricultural,1054,Yes,April,Low
Jammu and Kashmir,Baramulla,0.0,0.75,53.0,45.7,19.2,73.8,1840.2,35.75,Moderate,Forest,85,Yes,April,Low
Jammu and Kashmir,Srinagar,37.2,1.42,37.9,64.9,18.0,66.9,2442.3,34.54,Moderate,Forest,10,Yes,April,Medium
Jammu and Kashmir,Anantnag,18.9,1.44,49.7,62.9,26.8,67.6,1088.4,16.43,Moderate,Forest,165,Yes,April,Low
Jammu and Kashmir,Srinagar,0.0,0.67,51.5,47.9,23.3,71.9,1533.8,17.55,Poor,Agricultural,557,No,April,Low
Jammu and Kashmir,Anantnag,37.1,1.3,46.8,61.9,27.2,62.6,662.8,22.75,Moderate,Forest,129,Yes,April,Medium
Jammu and Kashmir,Baramulla,21.2,0.96,48.5,77.1,21.2,60.5,1673.4,28.2,Poor,Wetland,280,Yes,April,Medium
Jammu and Kashmir,Anantnag,37.4,1.88,57.7,53.2,16.4,65.2,2489.6,36.97,Good,Forest,260,Yes,April,Low
Jammu and Kashmir,Srinagar,47.5,1.27,43.3,75.6,23.4,70.4,1211.2,12.28,Poor,Wetland,452,No,April,Low
Jammu and Kashmir,Srinagar,14.9,1.02,42.4,61.5,23.9,60.0,1792.7,37.04,Good,Forest,161,Yes,April,Low
Jammu and Kashmir,Baramulla,16.7,1.41,36.9,52.6,19.2,76.0,2008.8,28.22,Moderate,Forest,186,Yes,April,Low
Jammu and Kashmir,Baramulla,18.6,1.6,38.4,56.3,27.1,58.2,750.1,28.14,Moderate,Forest,183,No,April,Low
Jammu and Kashmir,Anantnag,50.1,1.53,58.6,55.5,18.3,53.4,2172.2,15.36,Poor,Agricultural,580,Yes,April,Medium
Jammu and Kashmir,Anantnag,65.6,1.77,58.4,33.7,21.8,65.9,1412.8,50.56,Poor,Urban,12236,Yes,April,Medium
Jammu and Kashmir,Srinagar,51.3,1.77,48.5,46.5,14.8,55.5,2301.2,22.2,Good,Agricultural,922,Yes,April,Low
Jammu and Kashmir,Anantnag,6.2,1.0,37.0,64.2,21.6,64.6,1613.9,2.57,Moderate,Forest,236,Yes,April,Low
Jammu and Kashmir,Srinagar,0.0,0.85,57.8,60.2,19.5,65.2,1962.5,26.51,Moderate,Forest,190,Yes,April,Low
Jammu and Kashmir,Anantnag,51.4,1.98,52.4,68.5,19.7,63.4,1669.6,31.79,Good,Forest,31,Yes,April,Medium
Jammu and Kashmir,Baramulla,18.8,1.32,54.0,84.9,25.9,64.2,876.6,47.66,Poor,Wetland,714,No,April,Low
Jammu and Kashmir,Anantnag,65.1,1.48,66.9,36.8,16.7,58.6,2658.0,23.75,Good,Urban,3201,Yes,May,Medium
Jammu and Kashmir,Srinagar,47.3,1.47,53.3,50.0,24.7,69.1,1297.1,37.51,Good,Forest,121,No,May,Low
Jammu and Kashmir,Anantnag,44.4,1.43,33.4,54.1,33.6,54.1,376.1,10.67,Moderate,Agricultural,473,No,May,Low
Jammu and Kashmir,Anantnag,64.3,1.54,35.9,55.3,31.2,56.8,588.7,34.78,Moderate,Agricultural,771,Yes,May,Medium
Jammu and Kashmir,Anantnag,65.0,2.15,46.1,59.6,27.8,68.9,1127.4,28.89,Moderate,Forest,212,Yes,May,Medium
Jammu and Kashmir,Baramulla,42.2,1.5,35.1,52.0,18.3,68.0,1839.3,25.37,Moderate,Forest,121,No,May,Low
Jammu and Kashmir,Srinagar,0.0,0.98,60.8,75.3,24.9,63.5,1452.2,46.31,Good,Wetland,665,Yes,May,Medium
Jammu and Kashmir,Srinagar,91.6,1.81,53.2,66.5,15.4,72.0,2911.1,58.43,Good,Forest,217,No,May,Low
Jammu and Kashmir,Srinagar,77.1,1.98,52.8,32.5,24.9,54.3,1844.3,30.42,Poor,Urban,9132,Yes,May,Medium
Jammu and Kashmir,Baramulla,50.6,1.73,44.2,59.7,23.2,66.4,1907.5,39.2,Good,Forest,267,No,May,Low
Jammu and Kashmir,Srinagar,32.8,1.51,47.0,57.3,20.4,66.6,1978.2,4.57,Moderate,Forest,108,No,May,Low
Jammu and Kashmir,Anantnag,0.0,0.67,58.8,56.7,27.0,62.3,1052.4,18.34,Good,Forest,249,Yes,May,Low
Jammu and Kashmir,Anantnag,34.7,1.26,65.5,54.3,25.8,73.7,836.8,25.3,Good,Forest,96,No,May,Low
Jammu and Kashmir,Baramulla,61.8,1.85,73.7,52.6,32.0,56.7,375.0,32.46,Moderate,Agricultural,671,No,May,Low
Jammu and Kashmir,Anantnag,41.1,0.92,47.5,57.6,20.9,55.8,2183.8,58.09,Moderate,Agricultural,108,Yes,May,Medium
Jammu and Kashmir,Baramulla,65.4,1.43,46.5,58.2,32.3,56.0,942.8,24.82,Moderate,Agricultural,551,No,May,Low
Jammu and Kashmir,Baramulla,20.5,1.06,60.0,52.0,28.0,64.0,1010.5,23.82,Moderate,Agricultural,692,Yes,May,Medium
Jammu and Kashmir,Anantnag,63.4,2.39,39.7,67.1,16.3,57.0,2454.7,33.0,Good,Forest,60,Yes,May,Medium
Jammu and Kashmir,Srinagar,48.4,1.8,39.7,78.8,25.6,65.0,1425.0,17.69,Poor,Wetland,451,Yes,May,Medium
Jammu and Kashmir,Anantnag,9.0,0.87,54.6,66.5,16.8,67.0,2428.0,31.63,Good,Forest,72,No,May,Low
Jammu and Kashmir,Anantnag,46.9,1.56,45.5,70.8,24.9,72.1,1927.6,30.12,Good,Forest,308,Yes,May,Medium
Jammu and Kashmir,Baramulla,30.8,0.93,64.1,53.3,19.1,54.2,2351.6,8.26,Good,Agricultural,798,Yes,May,Low
Jammu and Kashmir,Anantnag,367.2,6.24,61.5,90.3,17.2,99.5,2593.7,18.57,Moderate,Forest,263,Yes,June,Extreme
Jammu and Kashmir,Baramulla,147.8,3.57,53.7,64.3,15.4,81.9,2654.9,26.66,Good,Agricultural,917,Yes,June,Medium
Jammu and Kashmir,Anantnag,362.0,5.28,59.1,75.5,12.7,90.1,2290.6,29.86,Good,Agricultural,754,No,June,Extreme
Jammu and Kashmir,Anantnag,160.9,2.88,51.3,66.2,26.7,93.0,424.4,12.89,Good,Forest,267,Yes,June,Medium
Jammu and Kashmir,Anantnag,78.0,2.58,57.9,58.0,11.8,94.9,2808.1,30.07,Good,Forest,81,Yes,June,Medium
Jammu and Kashmir,Anantnag,340.6,4.95,65.7,91.8,13.7,100.0,2558.2,30.29,Moderate,Forest,229,Yes,June,Extreme
Jammu and Kashmir,Srinagar,102.4,2.89,63.6,34.7,25.8,97.1,879.8,55.33,Poor,Urban,12154,Yes,June,Medium
Jammu and Kashmir,Anantnag,237.1,4.06,46.8,98.0,12.3,90.5,2990.4,42.7,Poor,Wetland,389,Yes,June,High
Jammu and Kashmir,Anantnag,213.5,4.51,55.0,68.3,19.7,91.4,1630.3,25.65,Moderate,Agricultural,537,Yes,June,High
Jammu and Kashmir,Anantnag,187.8,3.52,42.7,80.5,21.5,100.0,993.3,12.04,Good,Forest,311,Yes,June,Medium
Jammu and Kashmir,Baramulla,313.1,4.5,55.4,60.7,24.7,100.0,1058.2,21.01,Moderate,Agricultural,745,Yes,June,High
Jammu and Kashmir,Baramulla,120.4,3.22,46.3,44.4,14.7,87.5,2654.1,28.24,Moderate,Urban,5932,Yes,June,Medium
Jammu and Kashmir,Srinagar,400.2,5.9,41.0,63.3,14.0,97.4,2452.1,31.06,Poor,Urban,8261,Yes,June,Extreme
Jammu and Kashmir,Anantnag,338.4,4.8,53.4,80.5,12.0,97.1,2401.0,17.12,Moderate,Forest,10,Yes,June,Extreme
Jammu and Kashmir,Srinagar,250.1,3.92,54.0,62.0,26.3,83.6,346.9,35.13,Poor,Agricultural,398,No,June,High
Jammu and Kashmir,Srinagar,144.3,3.28,65.6,74.8,27.2,100.0,783.0,24.7,Moderate,Forest,203,No,June,Medium
Jammu and Kashmir,Anantnag,259.4,4.46,66.0,82.4,19.0,97.3,1757.8,17.71,Good,Forest,206,Yes,June,High
Jammu and Kashmir,Anantnag,299.0,5.09,61.7,98.0,19.1,93.3,1554.9,20.87,Good,Wetland,640,No,June,High
Jammu and Kashmir,Anantnag,324.8,5.35,40.6,77.4,11.1,93.0,2674.1,18.02,Moderate,Agricultural,1272,Yes,June,Extreme
Jammu and Kashmir,Anantnag,137.2,3.16,66.4,73.6,18.8,87.0,2030.6,15.86,Good,Forest,240,Yes,June,Medium
Jammu and Kashmir,Anantnag,431.4,6.24,46.4,97.4,12.8,100.0,2689.2,30.72,Good,Forest,196,No,June,Extreme
Jammu and Kashmir,Srinagar,180.2,3.99,66.1,73.6,20.0,99.4,1493.7,23.51,Good,Forest,191,Yes,June,High
Jammu and Kashmir,Srinagar,353.1,5.19,72.6,81.1,16.0,90.1,1340.9,20.77,Poor,Agricultural,497,Yes,July,Extreme
Jammu and Kashmir,Baramulla,163.6,3.37,60.6,69.8,9.4,95.9,2930.0,8.29,Moderate,Forest,141,No,July,Medium
Jammu and Kashmir,Srinagar,357.1,6.03,54.2,86.9,25.1,100.0,355.1,31.11,Good,Forest,113,Yes,July,Extreme
Jammu and Kashmir,Anantnag,335.4,5.04,77.7,79.6,19.5,90.0,1570.1,39.54,Good,Forest,58,Yes,July,Extreme
Jammu and Kashmir,Anantnag,218.8,3.34,50.8,91.3,12.9,100.0,2722.7,28.12,Moderate,Wetland,523,No,July,Medium
Jammu and Kashmir,Baramulla,284.9,4.44,70.0,71.4,12.7,89.6,2434.6,49.77,Good,Agricultural,1021,Yes,July,High
Jammu and Kashmir,Anantnag,461.4,7.09,53.5,91.4,20.1,100.0,1265.9,27.52,Good,Forest,99,Yes,July,Extreme
Jammu and Kashmir,Srinagar,229.4,4.23,73.6,44.0,10.4,84.2,2354.8,40.85,Good,Urban,7302,No,July,Medium
Jammu and Kashmir,Anantnag,253.8,3.86,69.1,67.4,25.8,89.8,396.0,38.43,Moderate,Agricultural,460,No,July,High
Jammu and Kashmir,Anantnag,293.0,4.99,71.2,78.8,19.0,97.3,1418.2,36.97,Good,Forest,172,Yes,July,Extreme
Jammu and Kashmir,Anantnag,508.8,7.02,65.0,90.9,8.1,100.0,2754.7,19.61,Good,Agricultural,897,Yes,July,Extreme
Jammu and Kashmir,Srinagar,292.8,4.79,61.8,81.4,17.9,96.2,1917.5,26.78,Moderate,Forest,115,Yes,July,Extreme
Jammu and Kashmir,Srinagar,433.5,6.43,67.1,88.1,18.0,87.4,1899.5,38.16,Moderate,Agricultural,709,Yes,July,Extreme
Jammu and Kashmir,Srinagar,365.4,5.79,60.3,62.4,17.9,87.4,1915.1,22.66,Good,Urban,8374,No,July,Extreme
Jammu and Kashmir,Srinagar,151.0,3.19,69.4,69.0,13.7,97.8,1934.8,28.74,Good,Forest,205,Yes,July,Medium
Jammu and Kashmir,Baramulla,366.1,6.25,70.5,79.3,22.0,92.9,1009.5,32.07,Good,Agricultural,583,Yes,July,Extreme
Jammu and Kashmir,Anantnag,397.8,5.73,60.5,83.9,23.4,100.0,810.7,32.08,Moderate,Forest,267,Yes,July,Extreme
Jammu and Kashmir,Baramulla,167.4,3.12,63.6,60.0,24.6,85.4,613.4,36.82,Good,Agricultural,791,Yes,July,Medium
Jammu and Kashmir,Baramulla,246.8,4.91,92.8,52.2,16.6,79.1,1919.0,23.06,Poor,Urban,9056,Yes,July,Extreme
Jammu and Kashmir,Srinagar,232.1,4.47,59.6,73.1,19.6,84.7,1032.8,19.4,Poor,Agricultural,997,Yes,July,High
Jammu and Kashmir,Anantnag,295.2,4.89,66.9,77.8,14.2,94.4,2278.5,25.25,Moderate,Agricultural,621,Yes,July,Extreme
Jammu and Kashmir,Srinagar,164.0,3.46,91.0,74.9,18.8,100.0,1607.1,42.52,Moderate,Forest,100,No,July,Medium
Jammu and Kashmir,Anantnag,235.2,4.26,79.3,74.1,25.1,98.8,436.1,34.62,Good,Forest,158,Yes,August,High
Jammu and Kashmir,Baramulla,244.3,4.46,87.1,83.2,15.7,99.3,2261.1,34.6,Moderate,Forest,147,No,August,High
Jammu and Kashmir,Srinagar,213.2,4.13,77.3,45.1,12.9,85.8,2274.2,19.37,Poor,Urban,14918,Yes,August,High
Jammu and Kashmir,Srinagar,336.6,5.63,74.5,71.3,22.3,89.3,786.0,23.0,Poor,Agricultural,857,Yes,August,Extreme
Jammu and Kashmir,Srinagar,315.3,4.63,71.3,83.9,10.0,100.0,2826.9,32.22,Good,Forest,208,Yes,August,Extreme
Jammu and Kashmir,Anantnag,319.9,5.23,87.1,84.4,20.7,91.2,1467.6,31.3,Moderate,Agricultural,1130,Yes,August,Extreme
Jammu and Kashmir,Baramulla,301.0,4.55,85.6,72.0,22.4,86.0,1272.1,28.95,Moderate,Agricultural,453,Yes,August,Extreme
Jammu and Kashmir,Srinagar,391.4,5.62,73.5,98.0,18.6,100.0,1400.0,33.99,Poor,Wetland,106,Yes,August,Extreme
Jammu and Kashmir,Srinagar,411.2,6.35,85.2,88.2,15.7,90.1,1958.8,52.47,Moderate,Agricultural,1157,Yes,August,Extreme
Jammu and Kashmir,Baramulla,111.8,3.1,60.1,59.5,15.3,84.1,2267.3,27.53,Moderate,Agricultural,1368,No,August,Medium
Jammu and Kashmir,Anantnag,59.1,2.24,71.7,59.8,13.0,98.7,2513.9,39.07,Good,Forest,448,No,August,Low
Jammu and Kashmir,Baramulla,337.2,5.14,90.4,90.3,21.1,99.7,1024.7,33.41,Good,Forest,191,No,August,Extreme
Jammu and Kashmir,Anantnag,295.3,4.96,89.8,90.6,8.0,100.0,2811.1,30.59,Good,Forest,86,No,August,High
Jammu and Kashmir,Srinagar,302.7,5.1,76.5,86.6,18.8,86.9,1292.3,36.97,Moderate,Agricultural,202,Yes,August,Extreme
Jammu and Kashmir,Baramulla,351.7,5.28,77.9,65.0,20.4,87.3,1050.4,33.88,Moderate,Urban,5079,Yes,August,Extreme
Jammu and Kashmir,Srinagar,201.8,3.97,73.2,64.3,15.4,83.2,2110.8,32.72,Moderate,Agricultural,622,No,August,Medium
Jammu and Kashmir,Baramulla,370.7,5.11,97.1,79.7,7.4,87.0,2964.8,22.32,Moderate,Agricultural,518,Yes,August,Extreme
Jammu and Kashmir,Anantnag,198.0,3.82,87.9,44.1,19.4,92.5,1298.9,47.69,Poor,Urban,12094,Yes,August,High
Jammu and Kashmir,Anantnag,437.6,6.47,75.3,83.8,11.0,95.4,2658.5,24.3,Moderate,Agricultural,504,Yes,August,Extreme
Jammu and Kashmir,Anantnag,233.5,3.77,77.1,96.9,20.1,93.8,1081.2,11.55,Poor,Wetland,426,Yes,August,High
Jammu and Kashmir,Anantnag,74.7,2.77,59.2,76.7,25.2,92.4,638.9,18.69,Good,Forest,79,Yes,August,Medium
Jammu and Kashmir,Srinagar,5.2,1.96,78.1,62.8,11.3,89.8,2398.2,33.7,Good,Forest,60,Yes,August,Medium
Jammu and Kashmir,Anantnag,304.2,4.61,72.7,80.6,10.9,100.0,2787.8,14.19,Good,Forest,43,No,September,High
Jammu and Kashmir,Srinagar,394.9,5.86,90.1,78.6,12.7,94.5,2329.6,33.83,Moderate,Agricultural,728,No,September,Extreme
Jammu and Kashmir,Baramulla,154.0,3.55,73.4,59.0,23.7,89.5,804.4,30.17,Moderate,Agricultural,837,No,September,Medium
Jammu and Kashmir,Baramulla,392.2,6.35,74.7,88.7,10.7,88.1,2565.1,15.89,Moderate,Agricultural,731,Yes,September,Extreme
Jammu and Kashmir,Anantnag,181.3,3.14,86.5,55.8,12.0,85.1,2409.5,31.24,Good,Agricultural,631,Yes,September,High
Jammu and Kashmir,Srinagar,160.8,3.39,76.1,64.2,14.9,93.1,2013.4,34.96,Moderate,Agricultural,580,Yes,September,High
Jammu and Kashmir,Srinagar,300.0,4.81,84.1,94.2,13.3,97.8,2034.4,21.99,Good,Forest,20,Yes,September,Extreme
Jammu and Kashmir,Srinagar,253.5,4.55,85.9,37.4,8.0,87.5,2906.8,29.4,Poor,Urban,10571,Yes,September,High
Jammu and Kashmir,Baramulla,355.1,5.05,77.5,85.0,10.4,98.4,2573.4,38.67,Good,Forest,177,No,September,Extreme
Jammu and Kashmir,Baramulla,272.9,4.5,96.4,53.7,18.7,80.2,1330.5,17.51,Poor,Urban,10742,Yes,September,High
Jammu and Kashmir,Srinagar,180.1,3.5,83.8,60.7,12.4,95.4,2072.0,14.29,Moderate,Agricultural,75,Yes,September,High
Jammu and Kashmir,Baramulla,184.9,3.65,91.8,74.4,19.3,97.3,1342.5,27.8,Moderate,Forest,241,Yes,September,High
Jammu and Kashmir,Anantnag,327.6,5.28,90.9,83.7,13.3,87.1,2164.5,22.92,Good,Agricultural,649,Yes,September,Extreme
Jammu and Kashmir,Baramulla,281.1,4.45,98.8,98.0,23.7,100.0,524.6,0.1,Poor,Wetland,350,Yes,September,Extreme
Jammu and Kashmir,Baramulla,284.1,4.62,76.3,91.5,14.4,99.5,1851.5,25.61,Moderate,Forest,10,Yes,September,Extreme
Jammu and Kashmir,Baramulla,362.5,5.1,91.1,71.2,16.2,94.3,2044.9,20.95,Good,Agricultural,1277,Yes,September,Extreme
Jammu and Kashmir,Anantnag,268.5,4.5,69.1,98.0,13.7,100.0,1744.5,21.72,Moderate,Wetland,273,Yes,September,Extreme
Jammu and Kashmir,Anantnag,211.1,3.89,64.9,79.3,14.0,100.0,2319.6,33.86,Good,Forest,298,No,September,Medium
Jammu and Kashmir,Baramulla,161.6,2.65,85.3,72.5,12.7,95.8,2322.8,29.34,Moderate,Forest,297,Yes,September,High
Jammu and Kashmir,Srinagar,318.4,5.53,79.9,74.9,18.2,92.6,1596.5,41.17,Good,Forest,113,Yes,September,Extreme
Jammu and Kashmir,Srinagar,339.2,4.79,94.9,77.2,24.8,100.0,441.2,42.38,Good,Forest,307,Yes,September,Extreme
Jammu and Kashmir,Srinagar,180.2,3.37,84.1,79.8,16.8,99.3,1356.3,20.3,Good,Forest,81,No,September,Medium
Jammu and Kashmir,Baramulla,29.9,1.1,47.0,57.1,9.7,58.1,2710.3,12.12,Moderate,Agricultural,483,Yes,October,Low
Jammu and Kashmir,Baramulla,63.8,1.34,38.1,63.2,13.3,51.2,1849.3,29.88,Poor,Agricultural,325,Yes,October,Medium
Jammu and Kashmir,Srinagar,21.9,1.85,27.0,58.3,16.1,54.6,1408.8,32.69,Moderate,Agricultural,841,No,October,Low
Jammu and Kashmir,Anantnag,0.0,1.76,54.4,51.5,7.6,52.6,2859.5,27.19,Good,Agricultural,501,Yes,October,Low
Jammu and Kashmir,Baramulla,65.9,1.8,35.4,39.1,20.0,50.9,889.9,24.54,Poor,Urban,7963,No,October,Low
Jammu and Kashmir,Anantnag,47.3,1.47,50.6,70.8,26.7,72.3,343.7,34.14,Moderate,Forest,101,No,October,Low
Jammu and Kashmir,Anantnag,51.4,1.48,32.5,57.7,23.8,65.4,325.2,17.18,Good,Forest,27,Yes,October,Low
Jammu and Kashmir,Anantnag,48.9,1.42,56.7,57.3,13.8,68.8,1449.9,15.63,Good,Forest,132,Yes,October,Low
Jammu and Kashmir,Srinagar,0.0,0.92,38.1,60.5,9.5,65.8,2668.8,29.68,Good,Forest,104,No,October,Low
Jammu and Kashmir,Srinagar,13.7,0.76,36.9,55.9,6.8,71.1,2934.2,25.6,Good,Forest,171,Yes,October,Low
Jammu and Kashmir,Srinagar,79.3,1.26,53.5,66.8,15.7,58.1,1781.2,21.71,Moderate,Forest,10,Yes,October,Medium
Jammu and Kashmir,Srinagar,70.8,1.91,54.6,57.0,21.1,72.4,769.5,38.12,Good,Forest,48,No,October,Low
Jammu and Kashmir,Baramulla,14.9,1.08,60.2,58.3,14.4,61.6,1836.5,18.03,Good,Forest,177,Yes,October,Low
Jammu and Kashmir,Srinagar,22.4,1.43,44.1,27.4,6.2,56.0,2994.2,16.31,Good,Urban,9237,No,October,Low
Jammu and Kashmir,Anantnag,23.1,1.17,45.5,25.9,20.7,58.9,880.0,20.75,Moderate,Urban,17942,No,October,Low
Jammu and Kashmir,Baramulla,60.7,1.21,40.0,55.6,19.6,67.9,808.6,27.43,Good,Forest,234,Yes,October,Medium
Jammu and Kashmir,Srinagar,45.9,1.79,37.1,53.1,17.7,63.2,1605.8,29.08,Moderate,Agricultural,320,Yes,October,Medium
Jammu and Kashmir,Srinagar,36.0,1.41,42.6,45.9,22.4,52.9,751.2,22.89,Good,Agricultural,659,Yes,October,Low
Jammu and Kashmir,Anantnag,79.4,2.09,33.2,56.5,21.9,59.3,315.6,25.85,Moderate,Agricultural,653,No,October,Low
Jammu and Kashmir,Anantnag,73.9,2.03,48.0,52.2,16.0,68.9,1778.5,13.36,Good,Agricultural,885,Yes,October,Low
Jammu and Kashmir,Srinagar,0.0,1.56,31.3,71.7,23.7,68.8,499.4,18.31,Moderate,Wetland,447,No,October,Low
Jammu and Kashmir,Srinagar,91.4,1.78,53.4,83.1,12.3,54.7,2384.4,40.67,Moderate,Wetland,399,Yes,October,Medium
Jammu and Kashmir,Baramulla,49.6,1.31,37.8,44.7,2.9,59.9,2459.6,9.29,Moderate,Agricultural,617,Yes,November,Low
Jammu and Kashmir,Srinagar,24.7,1.17,55.9,52.7,14.6,58.0,1544.1,33.05,Moderate,Agricultural,396,No,November,Low
Jammu and Kashmir,Baramulla,77.7,2.05,40.3,57.5,5.4,71.5,2632.2,41.07,Good,Forest,211,No,November,Low
Jammu and Kashmir,Anantnag,36.0,1.37,31.1,63.2,15.6,64.7,852.8,6.54,Good,Forest,134,No,November,Low
Jammu and Kashmir,Srinagar,38.8,1.06,44.8,65.1,2.1,62.6,2829.6,8.51,Good,Forest,122,Yes,November,Low
Jammu and Kashmir,Baramulla,13.0,0.51,36.4,61.2,12.9,59.5,1413.5,25.23,Good,Forest,38,Yes,November,Low
Jammu and Kashmir,Anantnag,50.2,1.37,46.0,56.8,5.6,71.2,2471.1,15.27,Good,Forest,10,Yes,November,Low
Jammu and Kashmir,Baramulla,13.5,1.0,49.7,74.1,4.7,64.5,2464.7,46.35,Good,Forest,316,No,November,Low
Jammu and Kashmir,Baramulla,61.7,1.18,41.6,56.6,17.1,59.5,574.8,12.12,Poor,Agricultural,471,No,November,Low
Jammu and Kashmir,Srinagar,43.3,1.41,25.9,51.5,18.7,69.3,541.2,22.1,Good,Forest,108,No,November,Low
Jammu and Kashmir,Srinagar,14.5,1.13,54.9,27.9,11.3,57.1,1643.0,22.3,Good,Urban,12597,Yes,November,Low
Jammu and Kashmir,Srinagar,42.1,1.49,43.9,31.4,10.2,53.1,1802.7,20.78,Poor,Urban,10440,Yes,November,Medium
Jammu and Kashmir,Anantnag,36.6,1.03,27.4,57.1,4.9,57.3,2574.0,23.09,Moderate,Agricultural,831,Yes,November,Medium
Jammu and Kashmir,Srinagar,36.9,1.46,55.3,57.2,10.2,53.6,1640.6,38.62,Moderate,Agricultural,1046,No,November,Low
Jammu and Kashmir,Anantnag,6.1,1.03,40.2,45.6,8.6,61.0,2125.1,21.14,Poor,Agricultural,574,No,November,Low
Jammu and Kashmir,Baramulla,35.7,1.47,47.7,47.5,16.1,53.9,921.3,25.93,Moderate,Agricultural,1279,No,November,Low
Jammu and Kashmir,Baramulla,57.0,1.12,34.6,62.4,6.4,71.3,2868.9,35.25,Good,Forest,162,No,November,Low
Jammu and Kashmir,Srinagar,0.0,1.65,60.1,57.8,3.3,55.0,2758.2,38.16,Good,Agricultural,1000,Yes,November,Low
Jammu and Kashmir,Anantnag,59.0,1.82,49.3,30.3,17.7,55.3,516.9,25.43,Poor,Urban,10249,Yes,November,Medium
Jammu and Kashmir,Baramulla,18.7,1.66,27.2,55.8,14.0,51.9,1338.7,28.43,Poor,Agricultural,604,Yes,November,Medium
Jammu and Kashmir,Baramulla,111.7,2.4,35.7,79.4,21.1,68.5,444.5,18.81,Good,Forest,231,Yes,November,Medium
Jammu and Kashmir,Anantnag,31.5,1.01,47.4,56.0,15.6,59.8,992.2,26.19,Moderate,Forest,183,No,November,Low
Jammu and Kashmir,Baramulla,36.7,1.57,24.1,57.9,1.4,59.9,2416.2,34.2,Poor,Agricultural,686,No,December,Low
Jammu and Kashmir,Srinagar,38.1,1.28,37.8,58.9,7.8,55.4,1763.3,37.4,Good,Agricultural,902,Yes,December,Medium
Jammu and Kashmir,Baramulla,14.4,0.44,42.4,54.6,1.7,59.3,2612.9,27.46,Good,Forest,10,No,December,Low
Jammu and Kashmir,Anantnag,51.0,1.27,54.4,64.2,6.1,68.3,2207.2,25.96,Good,Forest,224,No,December,Low
Jammu and Kashmir,Baramulla,0.0,1.13,48.7,61.5,12.9,68.7,1087.7,51.78,Poor,Forest,79,Yes,December,Medium
Jammu and Kashmir,Anantnag,74.9,1.79,46.7,67.8,13.1,70.1,746.6,24.88,Moderate,Forest,242,No,December,Low
Jammu and Kashmir,Baramulla,29.0,1.35,47.7,47.1,11.0,56.8,950.1,37.31,Moderate,Agricultural,978,No,December,Low
Jammu and Kashmir,Anantnag,82.9,1.87,65.8,57.9,8.8,61.1,1151.8,50.74,Moderate,Agricultural,903,No,December,Low
Jammu and Kashmir,Baramulla,68.9,1.79,44.1,72.8,0.7,64.3,2800.9,17.05,Good,Forest,341,No,December,Low
Jammu and Kashmir,Anantnag,30.7,0.8,44.1,51.1,-0.8,63.1,2595.3,19.88,Good,Forest,204,Yes,December,Low
Jammu and Kashmir,Baramulla,35.8,1.26,56.2,54.5,8.2,61.4,1338.0,23.0,Good,Forest,146,No,December,Low
Jammu and Kashmir,Baramulla,35.0,1.24,46.8,65.7,0.3,60.8,2611.8,8.37,Moderate,Forest,106,Yes,December,Low
Jammu and Kashmir,Anantnag,67.8,1.61,40.4,59.5,8.3,66.3,1273.7,14.58,Moderate,Forest,180,No,December,Low
Jammu and Kashmir,Baramulla,24.0,0.81,39.3,62.7,4.9,65.0,2180.1,34.84,Good,Forest,259,Yes,December,Low
Jammu and Kashmir,Anantnag,0.0,1.07,48.1,59.6,0.1,55.8,2293.6,39.73,Good,Forest,293,Yes,December,Low
Jammu and Kashmir,Anantnag,90.4,2.05,54.0,49.8,11.4,80.6,1285.4,20.47,Good,Forest,105,No,December,Low
Jammu and Kashmir,Srinagar,46.4,1.45,49.6,52.1,9.1,52.8,1309.8,20.45,Moderate,Agricultural,460,No,December,Low
Jammu and Kashmir,Baramulla,35.2,1.41,44.9,66.0,5.9,63.3,1878.2,30.34,Moderate,Forest,94,No,December,Low
Jammu and Kashmir,Srinagar,9.3,0.85,49.8,34.3,9.3,47.3,1475.7,13.63,Moderate,Urban,13752,Yes,December,Low
Jammu and Kashmir,Srinagar,67.2,1.02,39.7,54.8,5.8,54.0,1971.7,28.03,Poor,Agricultural,1033,Yes,December,Medium
Jammu and Kashmir,Anantnag,79.3,2.3,41.9,49.6,14.0,55.5,503.8,21.87,Moderate,Agricultural,908,Yes,December,Medium
Jammu and Kashmir,Baramulla,24.8,0.82,51.3,57.2,8.7,71.8,1528.9,26.1,Good,Forest,97,Yes,December,Low
Punjab,Amritsar,14.9,2.77,62.9,47.0,15.9,54.4,195.0,5.36,Good,Agricultural,1132,Yes,January,Low
Punjab,Ferozepur,27.0,3.28,43.5,79.2,17.2,70.9,226.8,3.73,Moderate,Wetland,382,Yes,January,Medium
Punjab,Amritsar,32.9,3.43,45.8,26.3,16.2,51.7,182.1,1.07,Good,Urban,6055,Yes,January,Low
Punjab,Amritsar,36.7,3.26,60.2,51.1,17.3,65.7,239.3,2.86,Good,Agricultural,399,Yes,January,Low
Punjab,Ferozepur,19.0,3.03,62.2,21.6,16.2,61.2,239.5,0.1,Poor,Urban,17818,No,January,Low
Punjab,Ferozepur,17.8,3.28,57.7,54.1,15.8,57.8,234.8,2.31,Moderate,Agricultural,932,Yes,January,Low
Punjab,Gurdaspur,26.0,3.08,63.9,28.9,17.4,60.7,191.5,2.8,Poor,Urban,5424,No,January,Low
Punjab,Ferozepur,26.0,3.57,50.9,58.7,15.5,48.5,292.8,4.88,Poor,Agricultural,237,Yes,January,Low
Punjab,Ferozepur,10.9,3.34,40.8,34.2,16.0,55.0,260.3,3.02,Poor,Urban,6482,Yes,January,Low
Punjab,Gurdaspur,11.0,2.99,45.8,33.2,15.3,56.2,201.5,0.23,Moderate,Urban,11903,Yes,January,Low
Punjab,Amritsar,29.3,3.58,53.7,38.5,17.6,53.3,200.5,0.19,Moderate,Urban,7630,No,January,Low
Punjab,Gurdaspur,0.0,3.01,41.0,22.2,17.8,49.5,196.5,1.62,Poor,Urban,11205,No,January,Low
Punjab,Ferozepur,16.8,2.81,50.1,45.4,16.0,58.2,258.8,4.46,Moderate,Agricultural,50,Yes,January,Low
Punjab,Ferozepur,24.3,3.24,33.5,55.8,16.9,53.9,201.4,5.31,Good,Agricultural,664,No,January,Low
Punjab,Amritsar,43.8,3.5,58.9,80.3,18.5,73.7,243.2,3.57,Poor,Wetland,619,Yes,January,Medium
Punjab,Amritsar,8.0,3.05,55.2,79.6,15.3,70.0,209.8,0.1,Poor,Wetland,331,No,January,Low
Punjab,Ferozepur,34.6,3.74,54.6,50.8,18.4,62.6,246.7,1.23,Moderate,Agricultural,303,Yes,January,Low
Punjab,Ferozepur,39.5,3.55,70.6,78.8,15.8,70.3,222.4,0.1,Poor,Wetland,621,No,January,Medium
Punjab,Ferozepur,21.3,3.34,68.7,57.5,18.2,53.0,189.3,1.95,Moderate,Agricultural,531,Yes,January,Medium
Punjab,Amritsar,6.2,3.46,40.0,47.0,17.6,60.2,240.2,0.1,Moderate,Agricultural,195,Yes,January,Low
Punjab,Ferozepur,18.0,3.18,60.6,47.4,15.9,54.6,263.3,5.62,Good,Agricultural,804,No,January,Low
Punjab,Ferozepur,27.9,3.52,63.7,23.6,15.8,51.8,241.4,4.23,Good,Urban,11652,Yes,January,Low
Punjab,Gurdaspur,12.6,3.16,40.6,51.5,19.7,52.0,221.7,2.69,Moderate,Agricultural,668,Yes,February,Low
Punjab,Gurdaspur,1.5,2.91,65.5,44.2,19.5,56.4,248.0,5.11,Poor,Agricultural,693,Yes,February,Low
Punjab,Ferozepur,22.3,3.03,56.9,52.3,19.6,53.6,237.7,1.35,Moderate,Agricultural,596,No,February,Low
Punjab,Amritsar,37.3,3.52,41.3,48.3,18.3,63.3,266.0,1.47,Moderate,Agricultural,1026,Yes,February,Low
Punjab,Gurdaspur,35.6,2.97,55.1,48.9,17.9,52.0,231.4,3.3,Moderate,Agricultural,910,Yes,February,Low
Punjab,Gurdaspur,19.7,3.19,50.2,78.6,19.2,67.9,215.2,3.55,Good,Wetland,50,Yes,February,Low
Punjab,Gurdaspur,12.5,3.18,50.2,33.3,18.5,58.1,272.8,0.99,Poor,Urban,10727,No,February,Low
Punjab,Gurdaspur,6.9,3.27,52.1,26.6,17.0,55.1,262.8,0.46,Moderate,Urban,11485,No,February,Low
Punjab,Ferozepur,10.9,3.19,57.5,83.9,18.7,65.2,198.2,2.52,Moderate,Wetland,432,No,February,Low
Punjab,Amritsar,9.4,3.23,60.1,27.8,20.4,56.8,278.5,0.1,Good,Urban,7104,Yes,February,Low
Punjab,Ferozepur,35.1,3.4,70.2,61.4,16.4,54.2,262.0,0.93,Good,Agricultural,853,No,February,Low
Punjab,Gurdaspur,29.8,3.52,47.7,58.5,20.2,51.4,274.1,3.54,Moderate,Agricultural,812,Yes,February,Low
Punjab,Ferozepur,9.7,2.41,62.4,47.9,19.3,47.2,244.1,2.19,Good,Agricultural,495,Yes,February,Low
Punjab,Ferozepur,27.8,3.89,52.2,81.9,23.2,60.8,186.9,3.56,Poor,Wetland,439,Yes,February,Medium
Punjab,Gurdaspur,0.2,2.62,45.7,26.2,21.1,52.4,264.8,2.04,Poor,Urban,8102,No,February,Low
Punjab,Ferozepur,19.0,3.34,64.8,31.1,23.1,48.4,277.2,2.36,Poor,Urban,8415,Yes,February,Medium
Punjab,Ferozepur,3.8,2.78,75.0,53.6,21.8,49.5,215.8,0.85,Good,Agricultural,711,Yes,February,Low
Punjab,Ferozepur,16.4,2.94,47.4,41.6,20.3,55.0,277.8,3.34,Moderate,Agricultural,478,Yes,February,Low
Punjab,Amritsar,25.9,3.46,62.3,43.2,17.8,53.6,231.1,5.0,Moderate,Agricultural,482,Yes,February,Low
Punjab,Amritsar,25.1,3.14,63.9,29.9,20.7,63.2,265.4,2.76,Good,Urban,10199,No,February,Low
Punjab,Amritsar,13.3,3.42,47.8,60.0,21.5,59.0,198.5,2.5,Poor,Agricultural,728,No,February,Low
Punjab,Ferozepur,0.0,3.22,47.7,30.0,21.6,57.3,212.4,2.68,Moderate,Urban,13988,No,February,Low
Punjab,Gurdaspur,26.3,3.77,50.4,49.7,24.8,58.8,266.9,2.8,Poor,Agricultural,360,Yes,March,Medium
Punjab,Ferozepur,20.2,3.29,46.2,26.7,24.0,52.0,192.1,3.86,Good,Urban,11340,Yes,March,Low
Punjab,Amritsar,24.7,3.03,60.4,51.3,25.6,57.9,274.4,2.91,Moderate,Agricultural,878,Yes,March,Medium
Punjab,Ferozepur,25.2,2.92,54.4,57.6,26.3,49.5,280.3,4.29,Good,Agricultural,519,Yes,March,Low
Punjab,Ferozepur,34.1,3.55,80.8,25.8,25.4,57.8,222.1,4.69,Poor,Urban,12061,No,March,Low
Punjab,Ferozepur,29.2,3.49,45.4,32.1,26.1,56.4,230.0,3.81,Moderate,Urban,12995,Yes,March,Low
Punjab,Gurdaspur,19.7,3.57,76.9,50.9,26.1,62.7,238.1,4.1,Moderate,Agricultural,572,Yes,March,Low
Punjab,Gurdaspur,19.5,3.18,25.4,36.5,24.6,57.8,195.4,4.19,Poor,Urban,4390,Yes,March,Low
Punjab,Amritsar,31.9,3.98,50.2,48.8,25.4,59.5,274.6,0.47,Moderate,Agricultural,783,Yes,March,Low
Punjab,Ferozepur,16.4,3.16,77.0,51.7,26.2,51.5,252.5,3.27,Poor,Agricultural,828,Yes,March,Medium
Punjab,Ferozepur,19.1,2.89,43.9,33.0,22.6,53.8,252.6,2.26,Good,Urban,8294,Yes,March,Low
Punjab,Ferozepur,24.0,2.98,79.7,52.2,24.6,45.4,200.8,3.47,Poor,Agricultural,810,No,March,Low
Punjab,Gurdaspur,59.8,3.49,53.6,77.2,24.8,56.7,271.9,5.98,Poor,Wetland,535,No,March,Low
Punjab,Ferozepur,9.3,2.94,33.7,29.0,25.6,55.5,208.4,6.19,Moderate,Urban,7422,No,March,Low
Punjab,Ferozepur,15.4,3.18,57.1,37.8,21.6,58.7,277.8,4.83,Poor,Urban,9801,Yes,March,Low
Punjab,Amritsar,13.6,2.88,55.5,80.6,23.9,54.8,218.1,2.62,Moderate,Wetland,539,Yes,March,Medium
Punjab,Ferozepur,30.9,3.3,67.9,59.2,23.5,55.0,262.7,4.46,Poor,Agricultural,328,Yes,March,Medium
Punjab,Ferozepur,15.0,3.23,68.1,52.9,26.0,55.6,263.0,3.15,Moderate,Agricultural,670,Yes,March,Low
Punjab,Gurdaspur,12.6,3.08,53.4,80.6,23.7,60.7,280.5,0.1,Good,Wetland,453,Yes,March,Medium
Punjab,Ferozepur,8.3,2.83,45.8,62.4,24.9,52.5,207.7,2.75,Moderate,Agricultural,710,Yes,March,Low
Punjab,Ferozepur,41.4,3.72,61.0,64.1,23.5,56.6,280.9,2.56,Poor,Agricultural,760,No,March,Low
Punjab,Gurdaspur,20.0,3.72,79.0,25.6,28.6,53.7,193.4,2.95,Good,Urban,9651,No,March,Low
Punjab,Ferozepur,7.1,2.86,52.7,43.0,29.4,58.0,263.5,3.04,Good,Agricultural,870,Yes,April,Low
Punjab,Ferozepur,25.9,3.26,44.9,49.0,29.2,47.4,252.6,0.1,Moderate,Agricultural,525,Yes,April,Low
Punjab,Amritsar,18.8,3.04,46.1,50.3,32.2,58.5,185.0,2.1,Good,Agricultural,283,Yes,April,Low
Punjab,Gurdaspur,18.9,2.9,59.1,58.1,28.5,59.7,181.9,1.23,Moderate,Agricultural,630,No,April,Low
Punjab,Ferozepur,22.3,3.0,76.1,65.3,29.7,55.1,198.0,2.73,Moderate,Agricultural,165,Yes,April,Medium
Punjab,Gurdaspur,18.4,3.19,70.8,54.6,30.0,54.4,205.1,3.6,Moderate,Agricultural,873,Yes,April,Low
Punjab,Gurdaspur,0.0,3.26,51.2,49.4,32.9,53.3,215.1,0.26,Good,Agricultural,1116,Yes,April,Low
Punjab,Gurdaspur,41.9,3.22,48.9,52.5,32.1,61.6,224.7,3.55,Good,Agricultural,390,No,April,Low
Punjab,Gurdaspur,11.6,2.62,59.8,32.6,31.5,57.5,293.8,6.46,Poor,Urban,8928,Yes,April,Low
Punjab,Gurdaspur,10.3,3.48,61.8,35.0,32.0,48.7,246.1,2.92,Moderate,Urban,7417,No,April,Low
Punjab,Amritsar,25.8,3.64,50.8,66.1,30.4,59.0,228.8,3.63,Moderate,Agricultural,201,No,April,Low
Punjab,Amritsar,2.9,3.42,65.6,47.7,31.2,44.8,213.7,4.63,Poor,Agricultural,895,No,April,Low
Punjab,Gurdaspur,12.6,3.15,46.5,41.9,31.3,48.6,288.7,2.3,Poor,Urban,10777,No,April,Low
Punjab,Gurdaspur,15.8,3.45,70.6,36.8,30.2,54.8,187.5,2.65,Poor,Urban,11164,Yes,April,Medium
Punjab,Amritsar,31.1,3.38,70.5,77.1,28.4,71.9,238.6,3.82,Poor,Wetland,418,Yes,April,Medium
Punjab,Ferozepur,5.3,2.79,54.4,38.6,30.0,54.9,291.6,0.41,Moderate,Agricultural,924,Yes,April,Low
Punjab,Ferozepur,14.2,2.59,61.6,47.5,29.0,58.0,184.5,0.5,Moderate,Agricultural,247,Yes,April,Low
Punjab,Gurdaspur,33.6,3.59,55.3,57.9,31.1,65.7,292.5,3.96,Good,Agricultural,816,No,April,Low
Punjab,Amritsar,36.2,3.24,56.2,72.4,31.0,65.4,282.3,3.11,Good,Wetland,379,Yes,April,Medium
Punjab,Ferozepur,41.7,3.46,56.5,50.7,29.7,54.7,190.3,3.29,Moderate,Agricultural,982,No,April,Low
Punjab,Amritsar,28.8,3.65,69.8,25.5,27.3,51.7,189.7,2.51,Moderate,Urban,13966,No,April,Low
Punjab,Ferozepur,17.8,3.36,52.7,37.0,31.6,52.1,200.3,2.93,Moderate,Urban,7937,No,April,Low
Punjab,Ferozepur,42.1,3.48,61.1,65.2,34.7,57.6,182.2,1.03,Moderate,Agricultural,468,No,May,Low
Punjab,Ferozepur,28.1,3.21,54.3,33.8,30.6,53.2,279.0,1.57,Moderate,Urban,6727,Yes,May,Low
Punjab,Ferozepur,32.2,3.51,47.2,51.7,32.1,62.9,182.0,5.62,Poor,Agricultural,530,No,May,Low
Punjab,Amritsar,12.6,2.85,43.6,50.8,32.5,58.2,268.8,2.64,Moderate,Agricultural,1020,No,May,Low
Punjab,Amritsar,8.0,3.23,68.6,47.7,35.2,59.4,289.8,0.61,Good,Agricultural,417,Yes,May,Low
Punjab,Ferozepur,24.3,2.92,48.8,46.0,30.8,58.6,230.8,3.05,Moderate,Agricultural,595,Yes,May,Low
Punjab,Ferozepur,27.0,3.26,47.4,59.5,35.3,58.5,240.5,3.2,Moderate,Agricultural,571,Yes,May,Low
Punjab,Gurdaspur,18.6,2.89,69.6,30.9,31.9,55.9,247.6,1.26,Poor,Urban,6751,No,May,Low
Punjab,Amritsar,30.8,3.3,50.3,50.2,31.3,55.2,290.1,0.11,Good,Agricultural,638,Yes,May,Low
Punjab,Gurdaspur,23.4,3.75,39.0,26.6,33.4,51.4,238.8,0.83,Poor,Urban,7119,No,May,Low
Punjab,Amritsar,0.0,2.66,49.7,51.3,30.3,58.3,262.0,0.71,Good,Agricultural,1495,Yes,May,Low
Punjab,Amritsar,23.8,3.06,82.3,48.4,33.2,52.3,232.4,2.29,Good,Agricultural,444,Yes,May,Medium
Punjab,Amritsar,26.2,2.89,47.4,51.2,29.2,62.4,259.7,2.55,Poor,Agricultural,758,Yes,May,Medium
Punjab,Ferozepur,0.0,2.86,57.4,48.7,33.2,59.5,268.0,3.2,Poor,Agricultural,299,Yes,May,Low
Punjab,Gurdaspur,32.1,3.38,57.4,82.8,31.7,68.0,237.4,2.41,Poor,Wetland,328,Yes,May,Medium
Punjab,Gurdaspur,0.0,2.85,70.8,50.4,32.7,58.9,250.9,0.66,Poor,Agricultural,788,Yes,May,Medium
Punjab,Ferozepur,29.7,3.07,73.7,56.1,32.8,59.1,221.8,3.69,Moderate,Agricultural,457,No,May,Low
Punjab,Gurdaspur,16.4,3.21,72.2,61.2,36.4,55.1,204.3,1.07,Moderate,Agricultural,881,Yes,May,Medium
Punjab,Gurdaspur,12.8,3.24,67.2,50.6,33.0,55.9,284.8,2.01,Moderate,Agricultural,432,Yes,May,Medium
Punjab,Amritsar,24.3,3.41,56.0,42.7,30.3,55.3,210.6,3.18,Poor,Agricultural,991,No,May,Low
Punjab,Amritsar,21.6,3.51,66.8,47.7,35.1,62.7,252.1,1.55,Moderate,Agricultural,1016,No,May,Low
Punjab,Gurdaspur,4.2,2.7,53.8,41.9,30.4,48.0,260.3,4.06,Moderate,Agricultural,483,Yes,May,Low
Punjab,Gurdaspur,276.5,7.08,84.2,82.0,28.2,87.3,292.1,1.89,Good,Agricultural,607,Yes,June,Extreme
Punjab,Ferozepur,157.7,4.96,61.4,65.8,28.9,85.3,203.8,2.2,Moderate,Agricultural,498,Yes,June,Medium
Punjab,Ferozepur,322.3,6.91,74.7,76.3,26.5,90.6,258.1,3.31,Good,Agricultural,956,No,June,High
Punjab,Ferozepur,219.1,6.12,69.9,50.5,28.1,88.1,277.6,3.45,Moderate,Urban,16114,Yes,June,High
Punjab,Amritsar,223.6,6.17,70.9,65.6,31.5,76.9,268.5,0.12,Good,Agricultural,330,No,June,High
Punjab,Gurdaspur,94.4,4.63,79.7,56.3,30.2,77.0,215.4,3.5,Moderate,Agricultural,975,No,June,Low
Punjab,Gurdaspur,87.8,4.51,59.8,53.8,30.9,78.6,226.0,1.64,Poor,Agricultural,564,Yes,June,Medium
Punjab,Amritsar,151.0,5.58,75.1,91.0,28.5,87.9,281.3,3.67,Moderate,Wetland,678,No,June,Medium
Punjab,Amritsar,162.0,5.64,58.2,53.3,30.9,89.0,237.0,1.43,Poor,Urban,7302,No,June,Medium
Punjab,Ferozepur,126.4,5.0,78.8,51.5,32.5,86.8,223.1,0.1,Poor,Agricultural,482,Yes,June,Medium
Punjab,Gurdaspur,219.0,6.56,75.6,38.7,31.4,84.1,268.3,3.26,Poor,Urban,5884,Yes,June,High
Punjab,Amritsar,151.0,5.2,51.8,73.7,27.2,88.6,278.4,1.29,Poor,Agricultural,1223,No,June,Medium
Punjab,Ferozepur,211.5,6.24,47.4,53.0,29.3,82.8,212.7,5.67,Moderate,Urban,18264,Yes,June,High
Punjab,Gurdaspur,100.5,4.82,81.7,41.1,27.7,81.0,290.5,2.09,Moderate,Urban,7320,Yes,June,Medium
Punjab,Amritsar,207.1,5.57,71.6,73.0,31.3,90.2,200.3,1.59,Good,Agricultural,683,Yes,June,High
Punjab,Gurdaspur,131.2,4.8,96.2,31.1,29.5,90.9,199.7,5.34,Poor,Urban,10503,Yes,June,Medium
Punjab,Amritsar,193.9,5.44,59.6,64.9,28.3,86.4,257.8,2.71,Moderate,Agricultural,946,No,June,Medium
Punjab,Ferozepur,167.4,5.49,73.7,64.9,30.3,84.2,180.2,2.47,Moderate,Agricultural,191,Yes,June,High
Punjab,Gurdaspur,91.3,4.77,74.4,27.9,29.6,80.9,280.0,1.46,Moderate,Urban,7730,Yes,June,Medium
Punjab,Gurdaspur,251.7,6.2,57.8,45.2,31.3,84.8,183.9,0.77,Moderate,Urban,11207,No,June,Medium
Punjab,Ferozepur,150.9,5.08,61.3,38.1,30.5,85.2,182.8,2.17,Poor,Urban,7717,Yes,June,Medium
Punjab,Ferozepur,74.1,4.25,74.9,52.9,28.1,87.8,183.5,1.41,Poor,Agricultural,1022,Yes,June,Medium
Punjab,Amritsar,30.6,3.88,69.9,75.7,27.2,96.1,252.4,3.26,Good,Wetland,412,Yes,July,Medium
Punjab,Amritsar,76.7,5.03,62.2,52.4,29.0,80.4,252.8,1.06,Good,Agricultural,1191,No,July,Low
Punjab,Gurdaspur,104.5,5.0,89.5,60.1,27.3,85.5,199.1,3.2,Poor,Agricultural,275,No,July,Medium
Punjab,Gurdaspur,101.3,4.74,81.4,63.5,24.8,87.7,216.6,1.8,Good,Agricultural,987,No,July,Medium
Punjab,Ferozepur,180.3,5.15,100.0,62.4,23.1,89.4,276.4,1.68,Moderate,Agricultural,196,Yes,July,High
Punjab,Amritsar,170.5,6.24,64.0,53.3,26.7,85.6,258.2,3.39,Moderate,Agricultural,934,Yes,July,High
Punjab,Amritsar,115.7,4.8,61.0,65.2,26.7,88.6,276.4,2.92,Good,Agricultural,904,No,July,Low
Punjab,Gurdaspur,176.4,5.68,80.0,40.9,27.7,72.2,251.5,3.79,Moderate,Urban,8327,No,July,Medium
Punjab,Ferozepur,191.4,5.74,81.4,43.9,25.2,82.9,199.4,2.41,Poor,Urban,9591,Yes,July,High
Punjab,Amritsar,91.6,4.41,80.0,57.5,26.3,84.4,287.2,6.38,Good,Agricultural,639,Yes,July,Medium
Punjab,Gurdaspur,37.2,3.85,73.0,33.8,25.9,90.0,276.1,2.92,Poor,Urban,4905,Yes,July,Medium
Punjab,Ferozepur,259.4,6.21,83.8,47.9,24.1,97.7,296.7,2.3,Moderate,Urban,2154,Yes,July,High
Punjab,Amritsar,138.3,5.02,96.6,67.4,28.1,90.3,189.4,2.35,Moderate,Agricultural,656,No,July,Medium
Punjab,Amritsar,198.7,6.14,72.1,64.0,29.9,84.4,219.8,3.08,Poor,Agricultural,890,No,July,Medium
Punjab,Ferozepur,148.3,5.54,100.0,41.4,28.1,80.1,295.4,1.58,Poor,Urban,14460,No,July,Medium
Punjab,Ferozepur,46.3,3.69,80.6,58.5,26.0,77.1,191.7,3.84,Moderate,Agricultural,1218,No,July,Low
Punjab,Amritsar,130.1,5.11,85.2,40.3,27.1,84.8,271.6,2.17,Moderate,Urban,12709,Yes,July,Medium
Punjab,Ferozepur,40.0,4.32,69.4,31.7,25.1,73.0,238.7,2.11,Good,Urban,4447,Yes,July,Low
Punjab,Ferozepur,156.2,4.89,89.8,68.9,30.3,85.6,217.2,1.3,Poor,Agricultural,745,Yes,July,High
Punjab,Gurdaspur,47.5,4.79,61.0,59.5,27.4,84.1,237.5,5.67,Moderate,Agricultural,503,Yes,July,Medium
Punjab,Gurdaspur,128.5,5.35,83.3,60.1,25.5,91.8,198.3,3.31,Poor,Agricultural,1534,Yes,July,Medium
Punjab,Amritsar,125.0,5.33,76.9,42.6,26.2,81.7,283.6,1.79,Poor,Urban,7623,Yes,July,Medium
Punjab,Amritsar,28.6,3.79,91.2,34.9,25.9,81.9,235.4,4.0,Poor,Urban,7437,Yes,August,Medium
Punjab,Amritsar,135.7,5.45,71.3,43.4,26.2,80.8,226.6,3.14,Poor,Urban,7457,Yes,August,Medium
Punjab,Ferozepur,61.4,4.6,100.0,49.2,24.7,83.1,268.7,1.58,Good,Agricultural,828,Yes,August,Medium
Punjab,Ferozepur,180.4,5.3,79.7,88.2,25.4,88.8,186.3,4.2,Good,Wetland,365,No,August,Medium
Punjab,Amritsar,164.4,5.24,86.9,69.0,26.1,85.8,268.1,3.3,Moderate,Agricultural,680,Yes,August,High
Punjab,Amritsar,152.8,5.35,85.7,55.9,28.8,91.4,180.4,1.86,Moderate,Agricultural,737,No,August,Medium
Punjab,Ferozepur,188.3,5.25,84.5,53.6,27.2,82.7,297.6,2.79,Poor,Urban,13942,No,August,Medium
Punjab,Ferozepur,284.4,6.2,79.4,72.1,27.7,85.4,298.8,4.47,Moderate,Agricultural,500,Yes,August,High
Punjab,Amritsar,239.3,6.24,85.9,49.6,28.1,91.5,208.2,0.4,Moderate,Urban,6153,Yes,August,High
Punjab,Amritsar,184.0,5.69,88.3,69.0,26.7,82.3,241.3,0.28,Good,Agricultural,496,Yes,August,High
Punjab,Ferozepur,152.0,5.31,79.4,65.9,26.4,79.3,277.5,2.32,Moderate,Agricultural,497,Yes,August,High
Punjab,Gurdaspur,279.5,6.11,89.8,76.5,24.9,89.3,279.9,2.95,Moderate,Agricultural,1012,Yes,August,Extreme
Punjab,Ferozepur,205.6,5.8,84.5,49.9,26.2,86.9,194.8,2.35,Poor,Urban,13041,No,August,High
Punjab,Gurdaspur,126.7,5.38,86.1,68.4,27.6,88.0,254.5,2.67,Moderate,Agricultural,545,No,August,Medium
Punjab,Ferozepur,121.9,4.98,73.8,55.8,27.6,78.1,190.9,3.46,Moderate,Agricultural,819,Yes,August,Medium
Punjab,Amritsar,152.8,5.32,82.5,57.5,29.3,90.3,215.0,3.37,Good,Agricultural,558,Yes,August,Medium
Punjab,Amritsar,129.9,4.99,100.0,46.8,27.1,87.1,234.3,1.75,Moderate,Urban,9373,No,August,Medium
Punjab,Amritsar,217.4,6.06,91.6,74.7,23.2,88.7,298.9,2.53,Moderate,Agricultural,803,Yes,August,High
Punjab,Gurdaspur,155.8,5.02,98.8,61.3,25.7,77.8,200.6,4.62,Good,Agricultural,731,Yes,August,Medium
Punjab,Amritsar,39.4,4.32,83.9,52.3,28.1,75.0,190.0,2.44,Poor,Agricultural,593,Yes,August,Medium
Punjab,Amritsar,147.7,5.67,100.0,43.9,24.2,86.1,213.6,2.55,Poor,Urban,5363,Yes,August,High
Punjab,Ferozepur,127.9,4.9,82.9,58.2,25.8,92.9,283.9,3.87,Poor,Agricultural,1363,Yes,August,Medium
Punjab,Amritsar,132.3,5.14,91.4,53.2,22.9,87.4,277.9,2.1,Poor,Urban,14509,No,September,Medium
Punjab,Amritsar,136.4,5.19,91.9,94.3,25.7,96.7,194.8,5.78,Moderate,Wetland,278,Yes,September,High
Punjab,Amritsar,78.2,4.7,84.6,55.3,24.0,84.7,232.8,3.14,Good,Agricultural,909,Yes,September,Medium
Punjab,Amritsar,149.4,4.96,82.6,58.8,27.2,94.5,248.8,1.61,Poor,Agricultural,486,Yes,September,High
Punjab,Gurdaspur,201.0,5.8,98.5,63.6,25.8,91.6,275.8,1.71,Good,Agricultural,574,Yes,September,High
Punjab,Ferozepur,203.3,6.17,100.0,65.2,25.0,87.0,282.0,4.02,Good,Agricultural,949,Yes,September,High
Punjab,Gurdaspur,251.8,5.93,93.3,80.5,24.2,84.7,233.9,2.38,Moderate,Agricultural,541,No,September,High
Punjab,Ferozepur,230.5,5.88,87.4,90.5,25.8,100.0,190.8,4.63,Poor,Wetland,239,Yes,September,High
Punjab,Ferozepur,140.4,5.21,100.0,46.8,26.1,85.2,182.2,3.53,Poor,Urban,7616,Yes,September,Medium
Punjab,Amritsar,172.0,5.58,89.1,64.3,24.8,81.4,201.6,2.21,Good,Agricultural,603,No,September,Medium
Punjab,Amritsar,202.1,5.85,78.3,68.5,25.1,87.8,241.9,0.76,Moderate,Agricultural,686,Yes,September,High
Punjab,Gurdaspur,223.9,5.62,100.0,89.5,26.3,100.0,299.6,0.69,Moderate,Wetland,133,Yes,September,High
Punjab,Amritsar,59.6,4.31,91.1,42.3,24.9,90.1,298.1,3.08,Moderate,Agricultural,496,Yes,September,Medium
Punjab,Amritsar,108.0,4.61,81.4,69.0,27.0,73.5,263.5,1.56,Good,Agricultural,838,Yes,September,Medium
Punjab,Amritsar,103.6,4.32,100.0,39.8,26.8,82.4,298.0,2.5,Moderate,Urban,9947,Yes,September,Medium
Punjab,Gurdaspur,163.5,4.87,96.7,37.5,27.5,85.5,222.0,0.48,Poor,Urban,14225,No,September,Medium
Punjab,Gurdaspur,131.7,4.99,92.1,57.4,25.2,85.2,261.2,0.1,Good,Agricultural,672,Yes,September,Medium
Punjab,Gurdaspur,120.0,5.0,100.0,61.9,25.5,83.5,241.2,2.57,Moderate,Agricultural,570,No,September,Medium
Punjab,Ferozepur,19.9,3.59,100.0,50.5,21.8,80.0,276.6,0.1,Poor,Agricultural,345,Yes,September,Medium
Punjab,Gurdaspur,129.8,5.55,86.3,37.5,26.4,75.6,248.3,1.54,Moderate,Urban,11079,Yes,September,Medium
Punjab,Amritsar,168.0,5.32,100.0,61.4,26.7,89.0,218.5,4.17,Good,Agricultural,215,Yes,September,High
Punjab,Amritsar,179.0,5.33,92.0,43.6,22.1,84.0,266.1,2.18,Poor,Urban,7109,No,September,Medium
Punjab,Ferozepur,47.5,3.39,60.2,33.9,26.0,54.6,196.5,3.78,Good,Urban,11670,Yes,October,Low
Punjab,Ferozepur,17.6,3.69,69.3,34.2,24.2,48.3,267.3,3.53,Poor,Urban,11410,Yes,October,Low
Punjab,Amritsar,41.8,3.3,75.4,50.8,24.7,58.0,276.6,2.7,Moderate,Agricultural,804,Yes,October,Medium
Punjab,Amritsar,40.9,2.82,49.8,28.9,25.9,63.4,251.1,4.2,Poor,Urban,7342,Yes,October,Low
Punjab,Amritsar,18.8,2.72,58.7,45.6,25.0,43.9,290.6,4.74,Good,Agricultural,906,Yes,October,Low
Punjab,Ferozepur,26.1,2.88,47.4,49.6,24.1,64.6,266.3,2.95,Poor,Agricultural,779,Yes,October,Medium
Punjab,Amritsar,0.8,2.29,88.0,45.2,22.0,56.3,244.0,0.1,Good,Agricultural,295,Yes,October,Medium
Punjab,Gurdaspur,37.7,3.09,52.6,51.0,23.5,52.4,263.6,1.7,Good,Agricultural,136,No,October,Low
Punjab,Ferozepur,19.7,3.67,44.0,47.8,26.7,54.5,238.9,2.94,Moderate,Agricultural,269,Yes,October,Low
Punjab,Amritsar,27.3,3.25,59.7,44.1,22.9,52.5,199.5,0.81,Good,Agricultural,955,No,October,Low
Punjab,Ferozepur,24.3,3.46,51.3,48.3,25.2,61.3,180.4,3.78,Good,Agricultural,744,Yes,October,Low
Punjab,Gurdaspur,26.7,3.3,48.0,54.6,25.1,60.5,181.3,0.93,Poor,Agricultural,785,Yes,October,Medium
Punjab,Amritsar,35.6,3.63,54.1,85.3,25.8,74.2,256.0,3.93,Moderate,Wetland,524,Yes,October,Medium
Punjab,Gurdaspur,25.6,3.23,58.0,49.8,23.1,58.7,223.6,3.0,Moderate,Agricultural,442,Yes,October,Low
Punjab,Gurdaspur,32.4,3.44,69.8,54.5,25.9,67.7,182.3,3.73,Moderate,Agricultural,536,No,October,Low
Punjab,Amritsar,36.9,3.24,66.1,30.3,25.3,52.4,187.5,4.55,Poor,Urban,12964,No,October,Low
Punjab,Amritsar,7.1,2.71,44.2,55.2,23.9,54.4,203.2,2.33,Moderate,Agricultural,730,No,October,Low
Punjab,Gurdaspur,12.9,3.77,50.5,34.3,25.1,59.9,278.9,1.4,Poor,Urban,14524,Yes,October,Low
Punjab,Gurdaspur,21.0,2.68,47.0,32.2,24.6,58.7,286.7,3.13,Poor,Urban,9205,No,October,Low
Punjab,Ferozepur,29.0,2.95,53.4,55.0,25.2,53.3,285.7,3.36,Moderate,Agricultural,279,Yes,October,Low
Punjab,Gurdaspur,0.0,3.11,47.0,50.7,27.0,48.6,232.6,0.69,Moderate,Agricultural,797,Yes,October,Low
Punjab,Amritsar,17.2,3.52,46.7,55.7,28.5,64.1,236.9,2.67,Poor,Agricultural,1390,Yes,October,Medium
Punjab,Gurdaspur,16.3,3.31,57.2,46.0,23.3,69.2,278.4,3.83,Moderate,Agricultural,443,Yes,November,Low
Punjab,Amritsar,12.1,3.01,57.6,49.4,19.2,48.8,244.2,3.91,Moderate,Agricultural,648,Yes,November,Low
Punjab,Amritsar,21.5,2.9,60.6,73.1,18.4,68.3,288.8,1.88,Poor,Wetland,534,No,November,Low
Punjab,Gurdaspur,28.3,3.26,37.2,52.1,19.5,64.4,245.8,0.1,Good,Agricultural,143,Yes,November,Low
Punjab,Amritsar,18.7,3.02,53.1,74.6,20.6,60.4,270.7,4.7,Moderate,Wetland,296,Yes,November,Medium
Punjab,Amritsar,32.4,3.16,52.6,47.3,19.4,57.0,192.5,3.77,Poor,Agricultural,771,No,November,Low
Punjab,Gurdaspur,7.6,3.08,54.4,56.0,21.6,60.2,280.3,2.83,Poor,Agricultural,807,No,November,Low
Punjab,Ferozepur,11.0,3.09,46.8,56.6,17.5,52.9,297.1,1.05,Moderate,Agricultural,796,No,November,Low
Punjab,Ferozepur,15.3,3.07,65.5,54.1,20.6,45.5,196.7,1.79,Good,Agricultural,657,Yes,November,Low
Punjab,Amritsar,19.8,3.22,60.0,48.3,17.2,56.0,275.7,3.69,Good,Agricultural,693,Yes,November,Low
Punjab,Gurdaspur,19.4,3.58,62.2,79.4,21.5,80.1,188.2,2.28,Moderate,Wetland,390,Yes,November,Medium
Punjab,Ferozepur,26.6,3.18,44.7,60.7,19.4,59.4,191.4,2.88,Moderate,Agricultural,726,Yes,November,Medium
Punjab,Ferozepur,12.9,3.1,45.5,46.7,19.6,55.5,283.4,1.04,Good,Agricultural,587,Yes,November,Low
Punjab,Ferozepur,2.1,3.47,61.5,51.8,20.3,54.0,222.9,2.23,Poor,Agricultural,679,Yes,November,Medium
Punjab,Ferozepur,14.1,2.95,48.0,53.9,18.9,55.2,262.7,4.89,Good,Agricultural,938,No,November,Low
Punjab,Amritsar,32.4,3.21,58.9,31.8,17.9,53.3,289.4,5.73,Moderate,Urban,8101,Yes,November,Low
Punjab,Ferozepur,27.8,3.41,55.7,30.7,20.3,56.5,270.7,0.43,Poor,Urban,2277,Yes,November,Medium
Punjab,Amritsar,36.7,3.34,42.9,82.2,17.9,67.3,240.3,0.1,Good,Wetland,321,Yes,November,Medium
Punjab,Amritsar,13.1,3.11,42.1,48.3,21.3,51.6,297.4,2.85,Moderate,Agricultural,1114,No,November,Low
Punjab,Amritsar,12.5,2.8,76.6,61.1,18.7,53.3,210.4,2.29,Good,Agricultural,630,No,November,Low
Punjab,Ferozepur,9.2,2.9,50.4,22.2,17.5,62.1,199.6,5.36,Moderate,Urban,11745,No,November,Low
Punjab,Gurdaspur,34.3,3.45,56.7,45.1,24.7,48.7,198.9,0.39,Poor,Agricultural,1207,No,November,Low
Punjab,Gurdaspur,13.0,3.64,55.5,28.7,15.9,60.3,194.7,2.33,Moderate,Urban,4733,Yes,December,Low
Punjab,Gurdaspur,31.5,3.69,61.8,72.6,15.4,71.8,285.7,2.74,Poor,Wetland,388,Yes,December,Medium
Punjab,Amritsar,45.3,3.43,55.0,57.6,16.5,57.6,245.0,2.85,Moderate,Agricultural,745,Yes,December,Medium
Punjab,Amritsar,25.7,3.01,40.1,50.1,14.5,54.9,286.5,3.83,Good,Agricultural,737,Yes,December,Low
Punjab,Gurdaspur,10.1,2.56,53.4,50.9,19.3,56.5,191.7,4.88,Poor,Agricultural,474,No,December,Low
Punjab,Amritsar,10.3,3.48,47.0,36.4,18.8,68.3,294.8,2.89,Moderate,Urban,16231,Yes,December,Low
Punjab,Gurdaspur,34.4,3.25,55.0,70.0,17.3,65.2,180.6,4.14,Poor,Wetland,488,Yes,December,Medium
Punjab,Amritsar,2.1,3.06,62.5,28.5,17.1,49.4,223.5,0.61,Poor,Urban,8660,No,December,Low
Punjab,Amritsar,20.5,3.16,47.9,59.3,15.5,59.1,198.3,4.27,Moderate,Agricultural,207,Yes,December,Low
Punjab,Amritsar,13.6,2.43,58.0,29.2,18.1,51.7,237.9,3.28,Poor,Urban,6924,Yes,December,Low
Punjab,Amritsar,30.2,3.1,44.4,32.6,16.3,65.8,286.4,0.86,Good,Urban,4860,Yes,December,Low
Punjab,Amritsar,4.9,2.55,61.0,30.1,17.4,53.0,281.9,0.1,Poor,Urban,4953,Yes,December,Low
Punjab,Gurdaspur,28.3,3.66,54.5,55.7,15.1,53.0,210.6,3.85,Good,Agricultural,419,No,December,Low
Punjab,Ferozepur,34.0,3.02,47.0,58.9,16.5,57.3,278.4,4.16,Moderate,Agricultural,739,Yes,December,Low
Punjab,Ferozepur,19.7,2.51,50.0,37.6,14.6,58.7,267.9,4.21,Poor,Urban,10953,No,December,Low
Punjab,Gurdaspur,1.1,3.16,52.0,75.5,17.7,65.9,236.8,4.37,Poor,Wetland,480,Yes,December,Medium
Punjab,Amritsar,17.2,3.34,41.4,61.4,14.3,55.8,221.7,2.96,Good,Agricultural,441,Yes,December,Low
Punjab,Amritsar,7.1,3.59,48.8,63.9,15.7,53.9,195.5,4.28,Good,Agricultural,1203,Yes,December,Low
Punjab,Amritsar,24.4,3.17,61.7,54.5,16.6,60.9,253.2,0.1,Good,Agricultural,1034,Yes,December,Low
Punjab,Amritsar,22.2,3.32,76.9,39.6,16.0,55.8,217.9,4.44,Moderate,Agricultural,736,No,December,Low
Punjab,Ferozepur,29.7,3.42,57.6,49.5,16.4,54.9,255.4,2.42,Good,Agricultural,931,Yes,December,Low
Punjab,Amritsar,21.0,3.66,56.6,53.6,15.8,45.0,181.2,2.82,Moderate,Agricultural,450,Yes,December,Low
Haryana,Karnal,15.6,3.32,52.6,41.0,17.0,47.6,219.1,3.83,Poor,Urban,7209,Yes,January,Low
Haryana,Karnal,26.6,3.38,64.2,73.9,16.7,65.9,202.3,4.25,Good,Wetland,377,Yes,January,Medium
Haryana,Yamunanagar,22.9,3.21,63.9,46.9,14.5,57.2,236.8,4.75,Moderate,Agricultural,474,No,January,Low
Haryana,Ambala,10.4,3.22,53.2,48.4,14.0,57.0,278.8,1.6,Moderate,Agricultural,230,Yes,January,Low
Haryana,Yamunanagar,18.4,3.46,56.9,56.1,16.2,60.9,223.6,1.96,Poor,Agricultural,678,No,January,Low
Haryana,Yamunanagar,17.2,3.21,65.0,49.4,14.9,61.8,268.3,2.5,Good,Agricultural,272,No,January,Low
Haryana,Yamunanagar,13.0,3.03,54.8,25.6,17.7,62.3,236.3,0.69,Moderate,Urban,10563,Yes,January,Low
Haryana,Ambala,27.8,3.15,69.3,52.1,16.2,52.6,227.2,1.37,Poor,Agricultural,84,Yes,January,Medium
Haryana,Karnal,25.5,2.87,51.9,80.6,15.5,72.1,274.0,1.79,Poor,Wetland,164,No,January,Low
Haryana,Ambala,24.9,3.16,74.0,56.7,18.6,56.8,251.5,2.44,Good,Agricultural,518,No,January,Low
Haryana,Karnal,22.5,3.06,40.8,49.4,14.5,50.7,235.3,0.1,Moderate,Agricultural,895,No,January,Low
Haryana,Yamunanagar,15.1,3.56,71.6,51.9,18.1,47.0,221.8,2.97,Moderate,Agricultural,445,Yes,January,Medium
Haryana,Yamunanagar,37.5,3.4,57.9,32.6,15.4,64.7,272.2,3.2,Poor,Urban,8135,Yes,January,Low
Haryana,Karnal,13.5,3.28,53.2,51.6,18.1,60.3,254.1,4.57,Good,Agricultural,440,No,January,Low
Haryana,Karnal,15.4,3.14,53.0,36.3,18.5,48.1,252.2,3.91,Good,Urban,3151,Yes,January,Low
Haryana,Karnal,38.3,4.2,53.9,54.9,18.7,60.2,225.3,3.75,Moderate,Agricultural,52,No,January,Low
Haryana,Ambala,7.7,2.75,73.3,60.0,18.2,57.1,226.2,2.68,Moderate,Agricultural,281,No,January,Low
Haryana,Ambala,44.2,3.43,48.3,34.4,15.4,58.6,227.5,2.3,Good,Urban,7560,Yes,January,Low
Haryana,Ambala,13.2,2.86,54.2,41.9,15.6,50.8,267.4,4.81,Poor,Urban,10775,No,January,Low
Haryana,Yamunanagar,33.0,3.25,50.9,46.0,16.9,60.6,277.6,4.05,Good,Agricultural,364,No,January,Low
Haryana,Yamunanagar,20.1,4.07,63.3,50.7,18.2,57.8,229.3,0.47,Moderate,Agricultural,354,Yes,January,Medium
Haryana,Yamunanagar,22.6,3.38,49.1,45.5,17.3,56.2,223.9,0.1,Moderate,Agricultural,900,No,January,Low
Haryana,Karnal,15.1,2.8,47.2,81.2,17.5,60.8,257.3,0.1,Good,Wetland,748,No,February,Low
Haryana,Yamunanagar,36.5,3.66,42.8,41.4,18.7,59.9,271.2,4.01,Poor,Agricultural,577,No,February,Low
Haryana,Yamunanagar,11.7,3.06,56.7,50.6,17.7,49.4,260.4,1.22,Moderate,Agricultural,632,Yes,February,Low
Haryana,Yamunanagar,15.5,3.46,47.8,45.6,21.1,49.3,215.5,4.48,Good,Agricultural,856,No,February,Low
Haryana,Karnal,13.2,2.93,63.0,19.0,21.6,61.5,208.4,4.37,Poor,Urban,12041,No,February,Low
Haryana,Ambala,10.3,3.35,48.7,56.2,19.3,53.4,212.8,2.9,Moderate,Agricultural,465,No,February,Low
Haryana,Ambala,9.9,3.19,45.1,45.5,17.7,47.7,220.1,0.54,Moderate,Agricultural,832,No,February,Low
Haryana,Yamunanagar,15.8,3.34,45.4,85.0,20.5,60.0,218.5,4.26,Moderate,Wetland,680,No,February,Low
Haryana,Yamunanagar,17.6,2.92,49.7,45.0,19.9,55.3,200.3,4.14,Good,Agricultural,590,No,February,Low
Haryana,Ambala,11.8,3.69,50.4,54.3,19.9,58.4,205.4,2.24,Moderate,Agricultural,534,Yes,February,Low
Haryana,Ambala,23.9,3.49,55.4,84.7,21.4,54.0,210.2,0.1,Good,Wetland,464,No,February,Low
Haryana,Ambala,46.0,3.49,59.9,61.3,17.7,54.0,241.1,4.42,Moderate,Agricultural,1497,No,February,Low
Haryana,Ambala,24.9,3.21,74.3,53.8,18.9,61.3,243.8,2.06,Moderate,Agricultural,690,No,February,Low
Haryana,Karnal,14.5,2.67,62.4,54.6,20.2,52.4,244.0,2.71,Poor,Agricultural,644,No,February,Low
Haryana,Ambala,0.0,3.17,57.0,31.5,21.2,59.0,269.9,0.87,Poor,Urban,6596,No,February,Low
Haryana,Ambala,45.2,3.92,64.8,35.2,18.2,66.9,272.8,4.44,Poor,Urban,7248,No,February,Low
Haryana,Karnal,26.7,3.44,42.8,68.7,17.3,69.4,275.4,4.7,Good,Wetland,568,Yes,February,Low
Haryana,Karnal,10.1,2.66,74.4,52.8,19.2,55.3,222.4,2.69,Good,Agricultural,348,Yes,February,Low
Haryana,Ambala,14.5,3.14,66.0,38.5,17.3,50.5,202.6,1.76,Moderate,Urban,14298,No,February,Low
Haryana,Yamunanagar,29.4,3.57,46.8,41.6,19.3,58.6,255.3,0.1,Poor,Agricultural,1067,No,February,Low
Haryana,Ambala,0.0,3.0,57.3,32.1,19.0,49.3,274.5,2.41,Poor,Urban,15044,No,February,Low
Haryana,Ambala,19.1,3.09,54.4,53.2,21.2,54.7,234.9,2.87,Moderate,Agricultural,111,Yes,February,Low
Haryana,Ambala,6.8,2.58,72.1,60.6,21.5,62.5,249.3,2.62,Moderate,Agricultural,419,Yes,March,Medium
Haryana,Karnal,36.9,2.93,58.6,56.8,24.2,49.2,241.7,2.46,Moderate,Agricultural,1172,No,March,Low
Haryana,Ambala,2.2,3.48,71.0,36.9,25.2,52.3,205.4,4.42,Moderate,Urban,4816,No,March,Low
Haryana,Yamunanagar,6.8,3.11,60.5,60.5,24.7,59.4,258.3,2.91,Good,Agricultural,154,Yes,March,Low
Haryana,Yamunanagar,55.1,3.49,48.3,26.1,23.9,61.1,231.0,3.06,Moderate,Urban,12406,Yes,March,Low
Haryana,Yamunanagar,2.3,2.36,59.6,85.8,24.9,69.0,222.3,5.87,Moderate,Wetland,274,Yes,March,Medium
Haryana,Yamunanagar,20.9,3.65,53.3,34.2,26.8,57.8,276.8,1.54,Moderate,Urban,10464,Yes,March,Low
Haryana,Ambala,21.8,3.83,49.3,47.0,27.1,55.1,272.2,3.29,Poor,Agricultural,749,No,March,Low
Haryana,Karnal,27.9,2.97,56.6,50.3,27.0,53.7,232.4,2.61,Moderate,Agricultural,484,Yes,March,Low
Haryana,Yamunanagar,39.7,3.27,50.4,32.6,27.9,63.6,232.3,0.1,Good,Urban,5285,Yes,March,Low
Haryana,Yamunanagar,8.3,3.13,64.1,74.5,27.6,52.1,243.7,4.87,Moderate,Wetland,480,No,March,Low
Haryana,Ambala,16.0,3.1,52.0,45.4,27.6,65.8,270.9,3.97,Moderate,Agricultural,743,No,March,Low
Haryana,Ambala,0.2,3.21,60.7,39.4,27.2,56.0,234.8,3.54,Moderate,Agricultural,50,Yes,March,Low
Haryana,Karnal,17.1,3.42,42.8,52.5,26.0,56.6,215.4,2.24,Good,Agricultural,1051,Yes,March,Low
Haryana,Ambala,25.8,3.18,41.8,90.6,27.4,68.5,272.7,5.25,Poor,Wetland,411,No,March,Low
Haryana,Karnal,6.7,3.19,65.1,33.1,23.2,54.9,230.1,1.33,Poor,Urban,3757,Yes,March,Medium
Haryana,Karnal,28.9,3.55,64.2,27.1,25.0,58.1,257.9,1.56,Poor,Urban,5571,Yes,March,Medium
Haryana,Ambala,35.6,3.99,52.6,54.6,25.8,57.9,248.8,3.6,Good,Agricultural,706,Yes,March,Low
Haryana,Ambala,28.7,3.03,61.5,54.4,24.7,49.6,267.0,2.31,Moderate,Agricultural,399,No,March,Low
Haryana,Karnal,14.4,3.11,65.2,50.8,24.6,54.9,247.2,2.92,Moderate,Agricultural,810,No,March,Low
Haryana,Ambala,34.7,3.1,52.8,74.5,24.9,62.6,245.8,0.61,Moderate,Wetland,372,No,March,Low
Haryana,Karnal,30.4,2.56,58.9,26.9,26.0,54.5,268.9,0.1,Moderate,Urban,11362,No,March,Low
Haryana,Yamunanagar,34.4,3.49,53.5,52.2,31.8,57.0,209.3,1.99,Poor,Agricultural,953,Yes,April,Medium
Haryana,Yamunanagar,6.5,3.31,45.7,28.0,30.7,63.5,260.0,4.46,Poor,Urban,9504,Yes,April,Low
Haryana,Karnal,23.1,2.96,47.9,54.3,32.5,51.8,241.4,0.1,Moderate,Agricultural,436,Yes,April,Low
Haryana,Yamunanagar,34.4,3.69,63.1,51.0,28.9,52.6,227.6,2.79,Moderate,Agricultural,445,Yes,April,Medium
Haryana,Karnal,15.9,2.92,65.1,30.6,29.5,55.0,272.5,2.33,Good,Urban,11492,No,April,Low
Haryana,Ambala,19.9,3.52,52.9,29.8,31.1,61.3,217.1,1.56,Good,Urban,4790,Yes,April,Low
Haryana,Karnal,35.8,3.95,65.3,58.4,27.7,60.7,271.2,1.83,Moderate,Agricultural,226,No,April,Low
Haryana,Karnal,27.6,2.76,59.0,55.1,27.7,57.9,251.8,1.73,Good,Agricultural,826,No,April,Low
Haryana,Karnal,21.9,3.4,54.4,53.3,30.8,49.8,271.8,3.12,Moderate,Agricultural,757,No,April,Low
Haryana,Yamunanagar,26.9,3.52,60.7,59.3,31.2,52.5,206.6,2.82,Moderate,Agricultural,571,Yes,April,Medium
Haryana,Karnal,25.2,2.98,46.5,49.5,30.5,60.4,246.7,1.1,Moderate,Agricultural,977,Yes,April,Low
Haryana,Yamunanagar,6.7,3.49,46.9,26.6,28.2,57.1,218.9,4.68,Poor,Urban,8688,No,April,Low
Haryana,Ambala,34.9,2.88,49.2,82.5,30.3,63.8,273.5,2.55,Poor,Wetland,563,Yes,April,Medium
Haryana,Ambala,18.8,3.54,39.1,55.8,31.3,53.3,278.8,2.4,Moderate,Agricultural,521,Yes,April,Low
Haryana,Yamunanagar,6.6,3.27,40.3,30.7,32.3,52.1,264.4,3.56,Poor,Urban,6759,No,April,Low
Haryana,Ambala,7.9,3.13,54.6,57.0,26.8,61.9,228.1,3.66,Good,Agricultural,998,Yes,April,Low
Haryana,Ambala,22.2,2.88,52.4,81.7,33.7,60.5,220.8,0.98,Poor,Wetland,642,Yes,April,Medium
Haryana,Karnal,35.4,3.35,64.3,55.2,32.2,59.2,210.1,0.1,Good,Agricultural,1090,No,April,Low
Haryana,Ambala,19.0,3.5,46.6,55.6,32.6,55.4,219.3,2.71,Poor,Agricultural,1328,No,April,Low
Haryana,Ambala,20.5,3.15,65.7,71.5,31.8,66.1,263.7,1.06,Moderate,Wetland,131,No,April,Low
Haryana,Ambala,34.2,3.27,69.3,50.1,30.9,55.7,226.2,3.79,Good,Agricultural,788,No,April,Low
Haryana,Yamunanagar,9.6,2.3,48.3,29.7,33.3,51.6,246.6,1.54,Poor,Urban,6996,No,April,Low
Haryana,Yamunanagar,14.9,3.02,55.5,32.4,33.7,62.6,253.4,3.38,Moderate,Urban,9615,No,May,Low
Haryana,Karnal,18.7,3.33,56.8,50.2,30.4,46.2,275.8,4.89,Moderate,Agricultural,175,Yes,May,Low
Haryana,Karnal,15.2,3.16,68.0,44.3,30.5,62.9,251.3,2.88,Good,Agricultural,1025,No,May,Low
Haryana,Karnal,31.9,2.75,48.9,80.9,30.5,70.7,265.8,4.83,Moderate,Wetland,364,No,May,Low
Haryana,Yamunanagar,13.5,2.9,55.0,26.1,33.4,53.9,205.6,3.76,Poor,Urban,9349,No,May,Low
Haryana,Yamunanagar,34.0,3.85,52.1,62.0,34.2,63.5,204.9,3.69,Moderate,Agricultural,1075,Yes,May,Low
Haryana,Ambala,8.6,3.42,43.2,21.8,31.1,56.9,223.6,0.52,Poor,Urban,7320,No,May,Low
Haryana,Karnal,25.4,3.25,50.0,26.3,32.8,51.2,270.9,2.77,Good,Urban,14617,No,May,Low
Haryana,Yamunanagar,7.9,2.99,40.7,46.5,30.6,53.2,278.8,3.12,Poor,Agricultural,321,No,May,Low
Haryana,Yamunanagar,16.6,3.24,56.0,28.4,35.7,63.2,239.3,3.33,Poor,Urban,11227,No,May,Low
Haryana,Karnal,0.0,2.37,73.0,46.9,33.4,57.4,203.5,1.51,Moderate,Agricultural,640,No,May,Low
Haryana,Karnal,27.4,3.66,55.0,51.2,36.1,58.8,223.6,6.48,Good,Agricultural,740,No,May,Low
Haryana,Yamunanagar,35.1,3.69,72.7,66.2,30.5,60.2,252.3,3.66,Moderate,Agricultural,416,Yes,May,Medium
Haryana,Yamunanagar,16.7,3.12,61.0,46.3,31.6,58.3,274.8,2.75,Moderate,Agricultural,739,Yes,May,Low
Haryana,Ambala,5.7,3.05,68.5,24.4,31.6,57.0,260.6,3.34,Poor,Urban,9436,No,May,Low
Haryana,Ambala,25.5,3.57,53.5,58.9,34.1,52.6,200.6,0.1,Moderate,Agricultural,186,No,May,Low
Haryana,Karnal,18.3,3.24,55.3,49.4,32.2,50.6,201.8,2.96,Poor,Agricultural,50,No,May,Low
Haryana,Yamunanagar,18.6,3.76,51.4,61.3,31.3,46.2,237.6,2.48,Moderate,Agricultural,535,Yes,May,Low
Haryana,Karnal,20.3,3.3,59.3,58.8,31.9,44.2,277.1,1.26,Moderate,Agricultural,887,No,May,Low
Haryana,Yamunanagar,0.0,3.03,65.2,45.9,31.1,55.1,266.3,3.0,Moderate,Agricultural,625,No,May,Low
Haryana,Ambala,21.4,3.51,67.9,53.6,33.6,53.6,204.5,2.03,Poor,Agricultural,698,Yes,May,Medium
Haryana,Ambala,31.6,3.3,45.6,53.5,30.2,55.2,277.0,0.1,Poor,Agricultural,663,Yes,May,Medium
Haryana,Yamunanagar,164.0,5.24,64.9,65.9,28.9,82.3,247.2,3.42,Moderate,Agricultural,447,Yes,June,Medium
Haryana,Ambala,202.9,5.36,71.4,70.2,27.2,80.4,211.8,4.06,Moderate,Agricultural,1196,Yes,June,High
Haryana,Yamunanagar,168.9,5.17,63.7,43.1,28.4,91.5,264.4,0.13,Moderate,Urban,8683,No,June,Medium
Haryana,Yamunanagar,231.4,5.78,69.1,65.7,31.2,84.3,239.5,3.45,Moderate,Agricultural,831,Yes,June,High
Haryana,Yamunanagar,163.0,5.7,86.8,48.1,30.1,78.0,231.4,0.19,Poor,Urban,10961,No,June,Medium
Haryana,Ambala,241.4,6.53,76.6,44.4,33.1,84.9,265.9,4.41,Moderate,Urban,15865,Yes,June,High
Haryana,Yamunanagar,246.6,6.22,90.5,74.8,29.2,80.9,255.2,4.53,Moderate,Agricultural,517,No,June,High
Haryana,Ambala,54.0,4.74,65.7,56.2,29.6,77.1,221.8,3.28,Poor,Agricultural,631,Yes,June,Medium
Haryana,Ambala,158.1,5.56,82.7,59.6,28.5,87.9,259.4,5.26,Good,Agricultural,937,Yes,June,Medium
Haryana,Yamunanagar,167.1,5.29,79.8,70.6,31.3,80.4,219.9,4.94,Good,Agricultural,652,No,June,Medium
Haryana,Yamunanagar,196.2,5.44,93.4,62.4,29.4,83.6,256.5,3.84,Moderate,Agricultural,573,Yes,June,High
Haryana,Karnal,192.4,5.52,63.9,51.4,28.1,96.1,275.1,3.24,Moderate,Urban,10705,No,June,Medium
Haryana,Karnal,173.8,5.66,70.2,64.9,30.9,91.8,229.5,4.26,Good,Agricultural,671,No,June,Medium
Haryana,Ambala,189.0,5.4,75.5,47.9,30.8,87.2,208.5,3.19,Good,Urban,3624,No,June,Medium
Haryana,Karnal,127.2,5.11,67.0,65.1,31.0,77.5,260.8,0.98,Good,Agricultural,794,Yes,June,Medium
Haryana,Ambala,133.9,5.06,61.6,40.1,30.7,86.1,224.8,2.55,Moderate,Urban,10190,No,June,Low
Haryana,Karnal,61.3,4.58,68.0,60.4,29.3,89.9,220.4,3.21,Good,Agricultural,510,Yes,June,Medium
Haryana,Ambala,158.3,5.74,70.4,93.0,29.6,98.5,267.6,2.55,Poor,Wetland,446,No,June,High
Haryana,Ambala,94.9,4.87,72.3,58.2,29.9,86.2,201.0,1.75,Moderate,Agricultural,799,Yes,June,Medium
Haryana,Karnal,78.6,4.22,72.1,43.9,30.1,89.2,268.7,0.1,Poor,Urban,8910,Yes,June,Medium
Haryana,Karnal,129.8,5.13,59.9,64.8,29.5,90.5,239.4,2.61,Moderate,Agricultural,782,Yes,June,Medium
Haryana,Karnal,220.8,5.52,57.8,67.5,29.7,87.8,271.5,3.33,Poor,Agricultural,511,Yes,June,High
Haryana,Karnal,157.3,5.09,75.8,70.0,25.4,84.3,258.9,2.47,Moderate,Agricultural,487,No,July,Medium
Haryana,Karnal,50.8,4.2,73.0,51.5,25.9,80.8,219.5,2.0,Moderate,Agricultural,1098,No,July,Low
Haryana,Yamunanagar,218.3,6.88,77.7,68.2,27.6,89.6,210.2,2.25,Moderate,Agricultural,551,Yes,July,High
Haryana,Karnal,178.8,5.83,77.0,70.1,26.0,85.7,253.0,1.17,Moderate,Agricultural,928,No,July,Medium
Haryana,Ambala,172.8,5.58,98.2,51.1,30.2,78.6,267.5,2.88,Moderate,Urban,11271,Yes,July,High
Haryana,Karnal,227.4,6.08,88.5,75.2,24.5,86.9,201.9,3.14,Good,Agricultural,756,No,July,High
Haryana,Karnal,105.9,5.59,78.2,88.5,27.0,92.0,246.2,1.74,Moderate,Wetland,675,No,July,Medium
Haryana,Karnal,142.9,5.1,83.1,39.6,26.6,85.0,275.1,4.17,Poor,Urban,14143,Yes,July,Medium
Haryana,Ambala,192.6,6.0,77.7,61.6,25.4,85.5,257.3,3.51,Moderate,Agricultural,808,No,July,Medium
Haryana,Yamunanagar,234.5,6.15,68.4,66.9,26.4,92.4,226.5,2.46,Good,Agricultural,1001,Yes,July,High
Haryana,Yamunanagar,242.8,6.28,76.4,74.0,27.6,93.3,223.0,3.26,Moderate,Agricultural,501,No,July,High
Haryana,Yamunanagar,97.7,4.75,72.5,42.1,27.9,76.8,279.6,5.2,Poor,Urban,9394,No,July,Low
Haryana,Yamunanagar,124.7,4.84,64.5,62.6,24.6,90.6,263.4,0.52,Moderate,Agricultural,740,Yes,July,Medium
Haryana,Ambala,36.6,3.63,62.8,40.7,25.0,80.1,247.8,1.72,Poor,Urban,8957,No,July,Low
Haryana,Yamunanagar,107.7,4.82,91.7,83.9,27.9,96.9,211.1,3.4,Moderate,Wetland,516,Yes,July,Medium
Haryana,Yamunanagar,24.8,3.81,80.4,50.0,24.8,81.8,216.6,4.09,Moderate,Agricultural,696,No,July,Low
Haryana,Ambala,144.7,5.17,64.9,59.2,29.4,89.9,227.8,3.5,Poor,Agricultural,874,Yes,July,Medium
Haryana,Yamunanagar,13.0,4.06,83.3,60.2,26.7,86.5,257.3,1.35,Good,Agricultural,1028,No,July,Low
Haryana,Karnal,57.4,4.05,79.4,80.6,26.2,89.1,262.6,1.98,Poor,Wetland,800,Yes,July,Medium
Haryana,Yamunanagar,24.6,4.15,54.5,30.2,29.4,72.6,221.2,1.71,Moderate,Urban,12448,No,July,Low
Haryana,Yamunanagar,112.5,4.76,79.5,61.5,26.0,82.9,250.8,1.78,Moderate,Agricultural,735,Yes,July,Medium
Haryana,Ambala,32.6,3.56,63.0,55.9,30.1,66.5,216.9,1.51,Good,Agricultural,209,No,July,Low
Haryana,Karnal,141.4,4.88,100.0,42.4,24.7,88.5,250.7,1.0,Poor,Urban,4368,No,August,Medium
Haryana,Yamunanagar,225.3,6.48,80.5,82.3,24.9,81.9,223.3,2.54,Moderate,Agricultural,794,Yes,August,High
Haryana,Karnal,184.4,5.99,59.9,46.5,27.3,88.1,253.5,3.03,Moderate,Urban,4554,No,August,Medium
Haryana,Karnal,66.6,3.69,81.2,39.8,25.6,76.2,273.1,2.78,Moderate,Urban,6813,No,August,Low
Haryana,Ambala,139.4,5.11,99.0,64.6,26.0,93.9,210.4,0.1,Good,Agricultural,675,No,August,Medium
Haryana,Ambala,209.9,5.7,94.8,47.6,25.4,78.9,233.6,0.49,Good,Urban,5737,Yes,August,High
Haryana,Karnal,227.0,6.18,89.1,68.7,28.4,96.6,277.0,2.5,Good,Agricultural,960,Yes,August,High
Haryana,Yamunanagar,41.2,4.34,69.2,28.0,25.2,82.9,273.2,0.63,Poor,Urban,8702,No,August,Low
Haryana,Karnal,124.2,4.53,78.4,57.8,24.5,85.3,253.2,1.97,Moderate,Agricultural,1123,No,August,Medium
Haryana,Ambala,190.3,5.42,100.0,41.1,23.4,91.8,256.3,2.65,Moderate,Urban,9473,Yes,August,High
Haryana,Karnal,107.5,4.4,67.1,58.5,27.3,80.4,222.9,4.22,Moderate,Agricultural,798,Yes,August,Medium
Haryana,Yamunanagar,107.0,4.56,100.0,61.1,28.0,78.9,267.6,0.8,Poor,Agricultural,1030,Yes,August,High
Haryana,Ambala,150.6,5.02,89.9,61.5,29.0,85.1,240.6,3.32,Moderate,Agricultural,73,No,August,Medium
Haryana,Yamunanagar,183.9,5.12,92.4,41.3,27.7,92.3,261.0,0.1,Poor,Urban,11335,No,August,Medium
Haryana,Yamunanagar,206.2,5.65,94.2,70.9,25.9,82.4,243.0,3.49,Moderate,Agricultural,516,No,August,Medium
Haryana,Yamunanagar,80.8,4.6,88.0,66.4,26.7,82.0,212.9,3.44,Good,Agricultural,701,No,August,Low
Haryana,Yamunanagar,160.6,5.04,80.4,47.7,25.5,88.0,279.0,1.09,Moderate,Urban,8638,No,August,Medium
Haryana,Karnal,111.0,4.39,97.7,42.7,26.1,85.3,245.9,2.17,Poor,Urban,7057,No,August,Medium
Haryana,Karnal,212.6,5.85,96.3,68.6,25.8,79.8,269.6,1.86,Good,Agricultural,873,No,August,High
Haryana,Yamunanagar,166.9,5.4,90.9,86.3,26.3,91.3,252.6,1.0,Moderate,Wetland,302,Yes,August,High
Haryana,Yamunanagar,28.3,4.14,79.0,76.0,27.4,96.3,222.4,0.91,Moderate,Wetland,437,No,August,Low
Haryana,Ambala,209.7,6.16,96.9,69.3,26.3,92.9,272.6,0.1,Good,Agricultural,739,Yes,August,High
Haryana,Karnal,164.8,5.07,96.1,61.1,25.1,83.6,227.0,3.03,Moderate,Agricultural,212,No,September,Medium
Haryana,Ambala,164.5,6.02,100.0,56.9,27.3,88.6,225.3,3.58,Moderate,Agricultural,637,No,September,Medium
Haryana,Yamunanagar,37.6,4.34,100.0,31.5,26.1,86.3,212.2,3.9,Poor,Urban,4285,Yes,September,Medium
Haryana,Ambala,108.6,4.65,100.0,51.6,25.2,93.3,207.8,1.26,Moderate,Agricultural,878,No,September,Medium
Haryana,Ambala,161.9,5.02,93.5,45.0,28.0,75.1,264.1,4.32,Moderate,Urban,5675,No,September,Medium
Haryana,Karnal,221.2,6.34,99.2,47.6,25.3,82.5,253.4,2.9,Moderate,Urban,9218,Yes,September,High
Haryana,Yamunanagar,56.9,4.14,100.0,54.7,25.9,82.1,219.9,1.46,Good,Agricultural,427,Yes,September,Medium
Haryana,Karnal,305.6,6.94,94.7,56.4,24.7,86.9,200.3,3.63,Poor,Urban,5973,Yes,September,Extreme
Haryana,Yamunanagar,227.5,6.13,91.9,53.4,25.8,90.8,253.7,0.74,Good,Urban,8196,Yes,September,High
Haryana,Ambala,225.9,6.16,100.0,70.3,24.0,88.6,206.9,0.35,Poor,Agricultural,531,Yes,September,High
Haryana,Karnal,118.9,4.59,98.6,64.6,23.0,88.2,253.9,1.23,Good,Agricultural,546,No,September,Medium
Haryana,Ambala,221.2,6.21,98.0,68.0,25.5,84.5,219.0,2.66,Good,Agricultural,651,Yes,September,High
Haryana,Yamunanagar,160.5,5.27,100.0,65.8,25.4,90.9,206.5,1.77,Moderate,Agricultural,410,No,September,Medium
Haryana,Yamunanagar,37.2,4.09,100.0,39.9,25.3,78.7,263.4,2.55,Moderate,Urban,5579,No,September,Low
Haryana,Karnal,200.2,5.59,98.0,73.7,27.7,88.9,202.4,1.06,Good,Agricultural,1127,Yes,September,High
Haryana,Yamunanagar,265.2,6.43,97.7,78.4,27.9,95.1,227.5,0.47,Moderate,Agricultural,830,No,September,High
Haryana,Karnal,163.0,5.53,78.8,65.9,25.0,99.0,271.3,4.37,Moderate,Agricultural,854,Yes,September,High
Haryana,Yamunanagar,171.2,5.47,92.1,40.0,24.2,92.2,266.1,0.1,Moderate,Urban,15519,Yes,September,High
Haryana,Ambala,136.4,5.3,86.9,46.1,25.7,94.2,228.4,1.81,Poor,Urban,8492,Yes,September,High
Haryana,Karnal,154.3,5.15,79.8,53.7,25.7,80.4,223.1,0.15,Poor,Urban,7597,Yes,September,High
Haryana,Yamunanagar,197.1,5.42,84.0,69.0,25.9,94.2,259.1,2.67,Good,Agricultural,964,No,September,Medium
Haryana,Yamunanagar,131.3,5.16,89.5,70.9,26.0,85.3,267.0,2.62,Good,Agricultural,361,Yes,September,Medium
Haryana,Karnal,40.3,3.02,59.2,44.6,23.3,57.0,219.3,0.5,Moderate,Agricultural,440,No,October,Low
Haryana,Yamunanagar,15.5,3.8,59.6,37.1,25.7,51.1,249.0,1.96,Poor,Urban,12679,Yes,October,Medium
Haryana,Karnal,44.5,3.17,34.8,56.9,24.4,58.2,226.9,2.85,Moderate,Agricultural,641,No,October,Low
Haryana,Karnal,19.3,3.47,57.1,53.8,24.4,61.0,256.8,0.65,Poor,Agricultural,529,No,October,Low
Haryana,Karnal,12.6,3.42,49.2,32.7,26.8,60.3,212.0,6.58,Moderate,Urban,8844,Yes,October,Low
Haryana,Yamunanagar,30.6,3.23,58.9,43.3,23.7,63.2,201.0,0.3,Poor,Urban,8263,No,October,Low
Haryana,Ambala,20.3,2.71,57.9,59.9,24.9,68.4,255.6,4.82,Moderate,Agricultural,847,No,October,Low
Haryana,Karnal,9.0,3.46,64.6,59.2,24.3,54.8,264.7,5.14,Moderate,Agricultural,181,No,October,Low
Haryana,Ambala,19.1,3.23,61.7,45.9,26.6,57.2,217.1,2.35,Moderate,Agricultural,442,Yes,October,Low
Haryana,Yamunanagar,13.9,2.74,45.3,49.7,24.4,47.4,208.7,4.83,Moderate,Agricultural,976,No,October,Low
Haryana,Karnal,8.2,3.11,54.2,56.7,26.4,51.8,274.4,1.13,Moderate,Agricultural,654,No,October,Low
Haryana,Karnal,9.4,3.36,66.4,30.0,23.6,49.7,251.4,3.31,Poor,Urban,8729,Yes,October,Low
Haryana,Yamunanagar,25.8,3.54,52.8,27.0,26.8,56.2,234.9,4.49,Poor,Urban,9706,Yes,October,Low
Haryana,Ambala,26.0,3.36,65.3,53.4,24.5,49.4,222.5,2.67,Good,Agricultural,629,Yes,October,Low
Haryana,Yamunanagar,28.5,3.27,51.3,71.4,24.4,68.3,249.2,0.93,Moderate,Wetland,221,No,October,Low
Haryana,Yamunanagar,22.9,3.04,41.0,42.1,25.0,55.2,270.3,0.1,Poor,Urban,7281,No,October,Low
Haryana,Karnal,28.5,3.32,60.5,63.3,22.8,54.3,218.4,3.07,Moderate,Agricultural,760,Yes,October,Low
Haryana,Ambala,15.0,3.59,62.4,88.8,24.6,67.9,227.6,3.74,Poor,Wetland,624,No,October,Low
Haryana,Yamunanagar,32.3,3.74,66.4,59.7,22.8,56.5,262.7,3.72,Moderate,Agricultural,409,No,October,Low
Haryana,Karnal,38.7,3.22,72.1,40.2,24.7,52.5,238.8,1.78,Moderate,Urban,3072,No,October,Low
Haryana,Karnal,21.6,3.24,51.5,33.0,23.0,55.7,277.0,2.44,Poor,Urban,2525,No,October,Low
Haryana,Karnal,32.6,3.62,42.2,53.2,25.9,51.6,226.8,2.72,Moderate,Agricultural,728,No,October,Low
Haryana,Karnal,34.8,3.18,55.1,42.2,20.1,54.9,250.1,4.66,Moderate,Agricultural,702,Yes,November,Low
Haryana,Ambala,19.9,3.12,61.9,61.4,18.8,49.6,209.8,4.64,Poor,Agricultural,942,No,November,Low
Haryana,Karnal,13.6,2.83,45.5,35.0,22.1,54.0,207.4,3.43,Poor,Urban,12432,No,November,Low
Haryana,Karnal,35.3,3.75,56.2,50.7,22.4,56.9,213.9,1.37,Moderate,Agricultural,862,Yes,November,Medium
Haryana,Yamunanagar,42.3,3.25,63.3,46.5,20.0,52.8,213.8,2.22,Good,Urban,11554,No,November,Low
Haryana,Ambala,19.8,3.65,57.6,79.2,21.1,74.6,210.0,4.56,Poor,Wetland,324,No,November,Low
Haryana,Ambala,30.5,3.53,74.5,44.9,22.6,58.4,243.6,1.53,Moderate,Agricultural,605,No,November,Low
Haryana,Ambala,14.9,3.41,48.9,53.0,21.9,61.0,224.2,3.27,Moderate,Agricultural,125,No,November,Low
Haryana,Yamunanagar,29.6,3.5,59.2,45.9,21.8,56.6,233.6,2.44,Good,Agricultural,50,No,November,Low
Haryana,Karnal,8.7,3.19,55.2,22.4,23.2,54.8,204.2,2.86,Moderate,Urban,11302,Yes,November,Low
Haryana,Ambala,18.2,3.08,78.7,40.0,21.1,63.4,237.3,4.37,Moderate,Urban,15056,No,November,Low
Haryana,Ambala,37.3,3.19,44.4,83.7,18.3,66.4,254.7,3.0,Moderate,Wetland,397,No,November,Low
Haryana,Ambala,10.5,3.61,81.7,56.2,20.0,52.8,278.8,3.2,Moderate,Agricultural,762,No,November,Low
Haryana,Yamunanagar,17.4,2.88,58.6,75.1,17.9,61.4,205.4,3.03,Moderate,Wetland,522,No,November,Low
Haryana,Karnal,0.0,3.29,65.9,63.4,20.6,67.4,278.9,4.91,Good,Wetland,359,No,November,Low
Haryana,Karnal,25.3,2.98,35.8,25.1,20.0,57.9,253.8,2.01,Moderate,Urban,9695,No,November,Low
Haryana,Yamunanagar,26.7,3.76,54.3,50.6,18.3,54.0,204.5,2.32,Poor,Agricultural,1088,No,November,Low
Haryana,Yamunanagar,12.8,2.67,48.2,47.3,23.0,58.2,229.5,3.45,Good,Agricultural,962,Yes,November,Low
Haryana,Yamunanagar,22.4,3.16,65.7,52.7,22.4,64.4,244.4,3.21,Good,Agricultural,783,No,November,Low
Haryana,Ambala,28.8,3.45,37.7,37.8,21.5,49.9,229.1,1.67,Poor,Urban,9567,Yes,November,Low
Haryana,Ambala,15.2,2.84,64.0,50.4,19.7,57.5,271.6,2.29,Good,Agricultural,50,No,November,Low
Haryana,Yamunanagar,45.4,3.84,59.9,49.5,18.6,56.5,249.4,4.37,Moderate,Agricultural,570,Yes,November,Low
Haryana,Ambala,26.1,3.44,63.5,25.0,19.8,59.4,255.7,4.55,Poor,Urban,8285,Yes,December,Low
Haryana,Yamunanagar,39.8,3.4,28.0,31.8,16.5,52.2,225.5,2.56,Poor,Urban,11420,No,December,Low
Haryana,Yamunanagar,28.7,3.62,38.2,31.1,16.9,53.3,249.0,2.4,Poor,Urban,10815,No,December,Low
Haryana,Yamunanagar,0.0,3.19,57.7,41.4,15.4,57.5,260.7,1.06,Moderate,Agricultural,1168,Yes,December,Low
Haryana,Yamunanagar,15.7,3.4,68.0,48.9,16.8,53.7,262.0,4.75,Moderate,Agricultural,481,No,December,Low
Haryana,Yamunanagar,17.2,3.76,55.9,45.1,15.7,52.5,272.5,2.91,Moderate,Agricultural,1233,No,December,Low
Haryana,Yamunanagar,9.9,3.25,51.2,30.1,16.9,63.3,244.1,1.9,Poor,Urban,10841,No,December,Low
Haryana,Karnal,38.4,3.8,60.8,30.3,15.4,54.2,256.5,0.1,Poor,Urban,8093,No,December,Low
Haryana,Karnal,14.6,3.07,44.5,29.7,17.1,52.3,249.6,2.47,Moderate,Urban,10388,No,December,Low
Haryana,Ambala,0.0,2.87,61.7,47.6,18.7,61.1,267.7,2.81,Poor,Agricultural,895,No,December,Low
Haryana,Karnal,16.6,3.45,66.5,24.8,16.2,62.8,207.5,4.01,Poor,Urban,10584,No,December,Low
Haryana,Karnal,20.6,3.44,54.3,56.6,16.7,54.1,235.9,5.34,Good,Agricultural,214,Yes,December,Low
Haryana,Karnal,0.0,3.15,59.7,42.9,17.1,60.5,225.5,2.66,Poor,Agricultural,1052,No,December,Low
Haryana,Yamunanagar,26.2,3.0,48.9,39.0,16.1,55.0,263.4,2.79,Poor,Urban,11387,No,December,Low
Haryana,Ambala,5.9,3.05,54.3,60.4,16.7,52.7,273.4,1.31,Poor,Agricultural,715,No,December,Low
Haryana,Ambala,17.3,3.57,61.5,35.3,13.9,55.2,206.7,4.59,Poor,Urban,7899,No,December,Low
Haryana,Yamunanagar,18.8,3.14,58.4,79.0,13.0,64.0,266.1,4.51,Moderate,Wetland,376,Yes,December,Medium
Haryana,Yamunanagar,17.1,3.45,67.3,80.7,14.2,66.9,270.6,2.6,Poor,Wetland,425,No,December,Low
Haryana,Yamunanagar,35.2,3.04,73.7,81.1,13.0,65.8,273.2,3.35,Good,Wetland,447,No,December,Low
Haryana,Ambala,25.0,2.86,44.3,24.4,15.5,58.5,227.6,2.84,Poor,Urban,8539,No,December,Low
Haryana,Karnal,7.9,3.0,56.3,31.2,17.2,50.3,234.3,3.03,Poor,Urban,12931,Yes,December,Low
Haryana,Ambala,14.3,3.22,69.4,75.4,16.8,54.7,242.5,1.37,Poor,Wetland,619,No,December,Low
Rajasthan,Bharatpur,39.1,2.23,52.9,50.4,16.4,60.7,365.4,1.14,Poor,Agricultural,677,No,January,Low
Rajasthan,Alwar,29.5,2.1,42.4,54.1,13.5,67.4,478.4,0.1,Good,Forest,165,No,January,Low
Rajasthan,Kota,16.2,2.5,57.3,29.2,18.0,62.3,239.9,2.47,Good,Urban,11912,No,January,Low
Rajasthan,Kota,15.3,2.25,48.8,52.7,15.7,51.9,441.0,3.07,Poor,Agricultural,744,No,January,Low
Rajasthan,Alwar,14.2,2.22,51.8,55.7,16.1,58.3,442.1,2.88,Moderate,Agricultural,1324,No,January,Low
Rajasthan,Bharatpur,21.8,1.96,54.2,60.3,14.0,52.6,427.4,4.86,Good,Agricultural,918,No,January,Low
Rajasthan,Bharatpur,14.1,1.79,36.3,49.7,15.0,59.6,305.3,2.0,Poor,Agricultural,700,Yes,January,Low
Rajasthan,Kota,18.0,2.56,46.9,67.5,14.9,71.7,417.7,3.27,Poor,Forest,39,No,January,Low
Rajasthan,Kota,38.2,2.37,31.2,52.9,17.1,59.5,214.5,1.01,Good,Agricultural,791,No,January,Low
Rajasthan,Bharatpur,32.8,2.38,53.4,60.4,14.8,61.3,349.2,4.28,Poor,Agricultural,662,No,January,Low
Rajasthan,Alwar,6.0,2.36,51.2,23.4,16.0,58.3,320.1,2.14,Poor,Urban,3959,Yes,January,Low
Rajasthan,Kota,32.0,1.84,58.2,33.3,18.4,65.5,359.1,7.48,Moderate,Urban,7027,No,January,Low
Rajasthan,Kota,17.4,1.77,48.4,53.2,14.6,52.1,327.2,5.95,Moderate,Agricultural,844,Yes,January,Low
Rajasthan,Alwar,22.8,2.01,47.3,50.1,15.7,61.8,278.7,1.97,Poor,Agricultural,793,Yes,January,Medium
Rajasthan,Bharatpur,40.2,2.24,43.3,43.7,14.1,44.1,307.7,2.43,Moderate,Agricultural,348,No,January,Low
Rajasthan,Kota,0.0,2.27,45.5,48.7,15.4,57.7,410.1,4.3,Moderate,Agricultural,730,No,January,Low
Rajasthan,Alwar,24.2,2.36,64.4,57.3,15.3,64.2,279.1,3.44,Good,Agricultural,841,Yes,January,Low
Rajasthan,Bharatpur,21.1,1.98,35.6,52.4,16.9,60.4,443.3,5.93,Good,Forest,64,No,January,Low
Rajasthan,Kota,0.0,2.29,29.4,65.1,16.2,67.3,293.2,5.32,Moderate,Forest,248,Yes,January,Low
Rajasthan,Kota,15.0,2.1,41.2,61.1,14.4,61.7,372.2,3.66,Moderate,Agricultural,606,No,January,Low
Rajasthan,Kota,21.6,2.48,44.9,50.6,14.6,69.8,468.7,7.33,Good,Forest,162,No,January,Low
Rajasthan,Alwar,18.1,2.45,44.5,62.3,14.3,73.9,445.3,4.72,Good,Forest,96,No,January,Low
Rajasthan,Alwar,26.0,2.67,59.4,53.9,15.4,61.1,467.6,3.11,Moderate,Agricultural,595,Yes,February,Low
Rajasthan,Alwar,43.7,2.96,57.9,40.2,17.3,59.3,454.0,0.37,Moderate,Urban,10018,No,February,Low
Rajasthan,Kota,31.5,2.51,61.5,26.7,20.0,57.7,366.3,3.52,Moderate,Urban,8090,No,February,Low
Rajasthan,Alwar,18.8,2.47,52.1,62.0,18.3,71.0,306.7,4.06,Good,Forest,143,No,February,Low
Rajasthan,Kota,23.8,1.84,45.3,54.5,19.2,47.8,248.7,2.27,Poor,Agricultural,800,No,February,Low
Rajasthan,Alwar,23.0,2.24,42.7,56.8,19.4,64.0,286.0,3.77,Good,Forest,148,No,February,Low
Rajasthan,Kota,22.1,2.11,43.0,30.6,19.7,57.7,216.4,5.58,Poor,Urban,10009,No,February,Low
Rajasthan,Bharatpur,1.0,1.82,52.0,45.7,19.3,56.4,409.6,4.16,Poor,Agricultural,1120,No,February,Low
Rajasthan,Alwar,19.4,2.33,39.4,25.6,17.2,57.4,390.5,5.72,Moderate,Urban,6523,No,February,Low
Rajasthan,Kota,17.6,2.44,43.9,52.8,19.7,61.8,248.8,3.91,Poor,Agricultural,642,No,February,Low
Rajasthan,Alwar,32.9,2.76,32.8,54.7,18.3,50.2,329.9,6.44,Good,Agricultural,548,No,February,Low
Rajasthan,Bharatpur,1.4,2.64,54.3,48.2,21.7,58.2,287.6,5.44,Good,Agricultural,1025,No,February,Low
Rajasthan,Kota,13.7,2.31,35.1,55.5,19.0,61.5,332.3,2.43,Moderate,Agricultural,681,Yes,February,Low
Rajasthan,Alwar,32.7,2.6,39.3,54.6,17.3,65.4,413.8,2.32,Good,Forest,279,Yes,February,Low
Rajasthan,Kota,11.3,2.34,44.3,51.5,21.3,61.5,388.4,5.11,Moderate,Agricultural,1175,No,February,Low
Rajasthan,Kota,25.5,2.08,51.6,37.7,19.4,52.8,381.4,1.37,Poor,Urban,8106,No,February,Low
Rajasthan,Bharatpur,15.3,2.41,50.7,44.9,18.7,50.5,348.6,3.17,Good,Agricultural,173,Yes,February,Low
Rajasthan,Alwar,15.9,2.61,48.9,55.8,19.6,43.1,306.1,5.06,Good,Agricultural,894,No,February,Low
Rajasthan,Bharatpur,28.6,2.3,52.9,52.0,22.5,52.5,498.3,4.6,Moderate,Agricultural,1045,Yes,February,Low
Rajasthan,Bharatpur,15.7,2.03,53.4,47.5,18.5,60.6,429.7,4.17,Moderate,Agricultural,998,Yes,February,Low
Rajasthan,Alwar,20.6,2.49,45.3,38.8,21.3,54.9,209.4,0.1,Moderate,Urban,7578,No,February,Low
Rajasthan,Alwar,20.6,1.97,53.5,47.1,18.3,54.5,438.4,2.61,Poor,Agricultural,1200,Yes,February,Medium
Rajasthan,Kota,38.8,2.53,52.5,28.9,26.2,66.8,323.5,0.36,Moderate,Urban,11106,No,March,Low
Rajasthan,Bharatpur,3.6,1.68,22.8,55.2,24.1,55.4,408.6,3.79,Good,Agricultural,651,Yes,March,Low
Rajasthan,Kota,11.5,1.78,41.6,52.7,23.3,51.1,341.6,1.67,Moderate,Agricultural,1023,No,March,Low
Rajasthan,Kota,24.0,2.03,29.8,53.4,24.6,58.7,416.8,3.46,Moderate,Agricultural,1505,Yes,March,Low
Rajasthan,Bharatpur,14.9,2.61,37.6,61.3,25.9,65.2,321.8,3.11,Good,Forest,197,No,March,Low
Rajasthan,Bharatpur,24.4,2.11,59.6,49.6,24.0,67.8,375.9,3.05,Moderate,Forest,195,Yes,March,Low
Rajasthan,Alwar,19.2,2.12,28.8,53.4,26.2,55.3,256.6,3.4,Good,Agricultural,797,No,March,Low
Rajasthan,Bharatpur,26.7,1.9,44.4,57.1,26.5,62.8,350.8,2.89,Good,Agricultural,866,No,March,Low
Rajasthan,Alwar,23.1,2.5,64.2,55.0,22.6,56.7,446.0,0.14,Poor,Agricultural,706,No,March,Low
Rajasthan,Kota,25.2,2.45,46.8,58.2,25.3,47.6,407.4,0.1,Poor,Agricultural,818,Yes,March,Medium
Rajasthan,Kota,22.2,1.95,50.7,29.3,25.2,53.5,307.9,4.8,Moderate,Urban,10910,Yes,March,Low
Rajasthan,Kota,15.0,1.88,35.0,33.9,25.4,63.2,204.0,3.78,Poor,Urban,6702,No,March,Low
Rajasthan,Kota,27.5,2.12,59.3,33.7,24.1,61.4,418.6,3.66,Poor,Urban,7792,Yes,March,Low
Rajasthan,Alwar,27.8,2.44,50.5,47.2,23.2,60.9,290.4,1.3,Moderate,Agricultural,874,Yes,March,Low
Rajasthan,Alwar,21.4,2.24,39.0,56.3,24.2,56.5,355.7,6.16,Moderate,Agricultural,1346,Yes,March,Low
Rajasthan,Bharatpur,22.1,2.46,42.6,58.0,21.7,62.9,489.6,5.07,Good,Forest,10,No,March,Low
Rajasthan,Alwar,22.6,1.96,52.2,36.2,24.0,56.8,356.1,6.08,Poor,Urban,2109,No,March,Low
Rajasthan,Bharatpur,3.5,2.17,49.5,56.3,25.1,64.7,282.4,0.81,Moderate,Agricultural,707,No,March,Low
Rajasthan,Bharatpur,14.1,2.01,65.3,51.8,23.5,59.0,439.6,1.92,Poor,Agricultural,919,No,March,Low
Rajasthan,Alwar,0.3,2.13,45.5,28.9,27.8,50.0,390.9,4.2,Poor,Urban,9316,Yes,March,Low
Rajasthan,Kota,30.4,2.37,55.1,55.6,23.4,64.8,481.2,2.18,Moderate,Agricultural,577,No,March,Low
Rajasthan,Alwar,23.0,2.29,27.9,55.8,25.7,55.8,446.3,1.5,Poor,Agricultural,737,Yes,March,Medium
Rajasthan,Bharatpur,0.0,1.49,54.4,46.5,32.8,54.2,246.8,7.4,Moderate,Agricultural,445,No,April,Low
Rajasthan,Bharatpur,17.1,2.42,37.8,32.2,29.1,42.1,246.6,1.51,Moderate,Urban,6724,No,April,Low
Rajasthan,Bharatpur,18.8,2.16,43.8,52.5,30.3,56.0,388.4,3.53,Poor,Agricultural,279,Yes,April,Low
Rajasthan,Alwar,37.4,1.96,39.0,68.3,29.2,57.4,454.7,2.04,Moderate,Forest,160,No,April,Low
Rajasthan,Bharatpur,22.0,2.26,50.7,24.2,29.7,56.0,345.8,3.9,Moderate,Urban,9195,No,April,Low
Rajasthan,Kota,40.6,2.77,47.8,61.0,28.3,51.7,461.7,1.71,Moderate,Agricultural,195,No,April,Low
Rajasthan,Bharatpur,26.7,2.58,36.3,46.5,31.1,60.1,461.7,5.29,Good,Agricultural,294,No,April,Low
Rajasthan,Kota,27.8,2.0,25.2,52.7,26.5,56.2,486.7,3.88,Poor,Agricultural,1067,No,April,Low
Rajasthan,Kota,12.8,1.71,59.7,50.5,32.5,65.7,381.4,4.09,Good,Forest,10,No,April,Low
Rajasthan,Bharatpur,6.1,1.95,47.9,63.4,31.5,65.1,381.4,4.05,Good,Forest,69,Yes,April,Low
Rajasthan,Alwar,16.6,2.27,33.7,62.0,27.3,70.6,412.5,4.0,Good,Forest,238,Yes,April,Low
Rajasthan,Alwar,15.7,1.77,40.7,25.5,29.9,57.3,291.8,4.82,Moderate,Urban,7663,Yes,April,Low
Rajasthan,Alwar,-0.0,2.42,35.4,48.8,29.7,54.0,316.9,3.39,Good,Agricultural,568,No,April,Low
Rajasthan,Alwar,32.5,1.92,27.9,53.3,30.3,50.9,291.4,0.1,Poor,Agricultural,313,No,April,Low
Rajasthan,Kota,22.1,2.3,39.0,31.0,31.6,56.7,485.9,2.58,Poor,Urban,8888,Yes,April,Low
Rajasthan,Alwar,24.2,2.77,35.1,49.4,28.0,54.6,275.9,2.34,Poor,Agricultural,1201,Yes,April,Medium
Rajasthan,Kota,26.2,2.08,51.9,49.6,31.6,62.0,378.8,2.84,Moderate,Agricultural,773,No,April,Low
Rajasthan,Kota,28.4,2.6,53.2,64.2,29.8,68.9,483.9,4.14,Good,Forest,143,Yes,April,Low
Rajasthan,Bharatpur,23.0,2.12,46.8,32.5,30.1,54.3,448.3,3.88,Poor,Urban,11648,No,April,Low
Rajasthan,Bharatpur,24.8,2.52,49.3,52.0,27.8,55.1,371.0,6.06,Poor,Agricultural,863,Yes,April,Low
Rajasthan,Kota,49.6,2.7,44.4,52.9,32.1,51.4,432.9,3.78,Good,Agricultural,785,Yes,April,Low
Rajasthan,Kota,27.7,2.32,44.7,50.9,33.5,57.7,306.7,1.56,Moderate,Agricultural,741,No,April,Low
Rajasthan,Kota,0.0,1.71,41.6,45.0,30.1,53.6,454.2,6.25,Moderate,Agricultural,900,No,May,Low
Rajasthan,Alwar,27.8,2.72,27.0,49.5,32.4,52.4,231.1,2.87,Moderate,Agricultural,1072,No,May,Low
Rajasthan,Kota,17.2,2.75,62.8,47.2,31.9,55.6,323.9,3.83,Good,Agricultural,756,Yes,May,Low
Rajasthan,Alwar,18.0,2.25,35.5,28.3,30.2,57.6,476.4,4.41,Poor,Urban,13239,No,May,Low
Rajasthan,Kota,37.0,2.65,42.1,54.1,29.7,44.9,343.0,6.0,Good,Agricultural,1030,No,May,Low
Rajasthan,Kota,11.1,1.9,45.9,47.9,32.3,50.1,470.4,2.35,Moderate,Agricultural,937,No,May,Low
Rajasthan,Alwar,34.2,2.76,44.3,45.2,30.4,49.2,209.2,2.6,Moderate,Agricultural,572,Yes,May,Low
Rajasthan,Alwar,24.8,2.26,63.1,66.3,33.3,61.8,236.7,3.83,Good,Forest,168,Yes,May,Low
Rajasthan,Bharatpur,14.8,1.91,40.5,27.2,30.3,53.8,396.4,5.8,Moderate,Urban,8419,No,May,Low
Rajasthan,Alwar,26.2,2.45,52.0,58.2,31.2,51.3,335.7,2.64,Poor,Agricultural,987,Yes,May,Medium
Rajasthan,Kota,30.9,2.54,36.5,38.8,34.2,51.6,245.7,1.34,Poor,Urban,7505,Yes,May,Low
Rajasthan,Alwar,11.2,2.07,22.8,53.6,29.9,59.6,307.3,1.37,Moderate,Agricultural,444,No,May,Low
Rajasthan,Kota,21.2,2.31,45.0,33.4,30.1,47.8,412.8,5.39,Good,Urban,8747,No,May,Low
Rajasthan,Bharatpur,10.7,2.08,47.2,54.6,34.1,52.1,243.9,6.01,Good,Agricultural,920,No,May,Low
Rajasthan,Bharatpur,4.3,1.71,51.0,38.7,32.7,48.7,357.6,1.87,Moderate,Urban,9857,Yes,May,Low
Rajasthan,Alwar,4.8,2.08,47.4,49.9,30.1,55.8,401.9,4.34,Moderate,Agricultural,884,No,May,Low
Rajasthan,Kota,12.2,2.38,32.5,49.8,34.0,54.1,328.5,2.13,Good,Agricultural,1036,Yes,May,Low
Rajasthan,Kota,13.5,2.0,56.2,42.1,31.7,56.0,357.0,3.19,Moderate,Agricultural,1031,No,May,Low
Rajasthan,Alwar,13.5,2.47,39.4,45.7,33.1,60.8,282.0,7.93,Moderate,Agricultural,822,No,May,Low
Rajasthan,Kota,13.3,2.55,34.4,54.6,33.8,61.0,235.7,0.1,Good,Agricultural,1001,No,May,Low
Rajasthan,Alwar,5.0,2.36,55.2,32.7,33.3,50.8,244.6,4.66,Good,Urban,12072,Yes,May,Low
Rajasthan,Alwar,24.9,2.31,30.7,47.0,29.1,54.2,490.2,6.14,Moderate,Agricultural,659,Yes,May,Low
Rajasthan,Alwar,114.2,3.69,74.5,61.7,29.9,86.7,469.9,6.31,Moderate,Agricultural,772,No,June,Low
Rajasthan,Kota,237.7,4.83,56.1,64.2,29.8,85.2,280.6,3.19,Good,Agricultural,578,Yes,June,High
Rajasthan,Bharatpur,150.5,4.51,40.6,44.4,29.0,75.3,203.7,5.21,Poor,Urban,2684,No,June,Medium
Rajasthan,Bharatpur,174.2,4.7,48.8,73.8,27.8,95.3,309.8,6.78,Moderate,Forest,150,No,June,Medium
Rajasthan,Kota,169.7,3.75,70.0,69.5,27.9,93.1,300.9,1.96,Good,Forest,10,No,June,Medium
Rajasthan,Kota,161.3,4.49,51.1,66.1,27.3,96.4,256.8,5.17,Good,Forest,235,Yes,June,Medium
Rajasthan,Bharatpur,85.8,3.49,49.8,67.5,27.4,86.0,467.5,3.83,Good,Forest,217,Yes,June,Medium
Rajasthan,Kota,86.7,3.73,51.8,30.0,26.7,73.7,216.1,3.7,Moderate,Urban,10719,No,June,Low
Rajasthan,Bharatpur,100.4,3.87,63.0,60.9,26.3,82.9,286.8,3.71,Good,Agricultural,546,No,June,Low
Rajasthan,Bharatpur,56.5,3.17,52.1,54.5,28.7,80.2,345.3,0.88,Moderate,Agricultural,175,No,June,Low
Rajasthan,Bharatpur,231.2,5.13,53.9,48.1,28.9,87.8,345.1,4.35,Good,Urban,10444,No,June,Medium
Rajasthan,Kota,195.3,4.73,60.5,69.1,29.6,82.5,240.3,1.24,Good,Agricultural,679,Yes,June,High
Rajasthan,Alwar,78.9,3.22,46.1,30.1,31.0,82.5,238.2,3.25,Moderate,Urban,5063,No,June,Low
Rajasthan,Alwar,166.4,4.59,57.6,69.6,28.1,82.1,247.5,2.5,Moderate,Agricultural,595,No,June,Medium
Rajasthan,Bharatpur,161.8,3.81,54.5,61.6,29.5,92.5,357.6,0.1,Moderate,Agricultural,264,No,June,Medium
Rajasthan,Kota,125.2,3.85,73.3,27.7,28.3,90.2,441.7,6.66,Good,Urban,9941,No,June,Low
Rajasthan,Alwar,188.0,4.65,56.7,65.1,29.6,79.4,246.4,4.01,Poor,Agricultural,873,No,June,Medium
Rajasthan,Bharatpur,83.7,3.39,63.2,61.1,28.2,95.5,437.1,3.05,Good,Forest,105,No,June,Low
Rajasthan,Alwar,186.7,4.41,45.6,45.8,28.6,85.7,359.9,5.16,Moderate,Urban,10973,Yes,June,Medium
Rajasthan,Bharatpur,209.1,4.37,74.0,83.1,27.5,95.3,443.3,6.15,Poor,Forest,142,No,June,Medium
Rajasthan,Alwar,106.4,3.6,69.2,36.7,27.5,79.7,443.0,3.94,Poor,Urban,12215,Yes,June,Medium
Rajasthan,Alwar,158.3,4.53,49.5,67.1,31.5,86.6,383.9,1.29,Moderate,Agricultural,553,No,June,Medium
Rajasthan,Bharatpur,138.2,3.72,61.7,56.5,24.7,80.7,210.1,3.55,Good,Agricultural,1245,No,July,Low
Rajasthan,Alwar,85.9,3.72,54.9,65.2,27.8,82.5,205.5,6.01,Moderate,Agricultural,862,No,July,Low
Rajasthan,Bharatpur,135.6,3.97,83.8,59.0,26.1,86.3,417.2,3.91,Moderate,Agricultural,614,No,July,Medium
Rajasthan,Alwar,131.1,4.07,65.1,66.8,26.7,85.3,332.1,3.27,Moderate,Agricultural,1020,No,July,Low
Rajasthan,Alwar,176.9,4.66,68.8,72.3,24.3,79.7,339.8,1.8,Moderate,Agricultural,876,No,July,Medium
Rajasthan,Bharatpur,284.6,5.71,61.3,52.2,22.9,86.9,470.4,6.53,Poor,Urban,4536,No,July,High
Rajasthan,Kota,94.7,3.59,62.9,35.7,29.7,83.8,223.1,4.94,Poor,Urban,10514,No,July,Low
Rajasthan,Bharatpur,235.0,5.44,73.7,75.6,26.7,93.4,301.7,4.89,Moderate,Agricultural,1122,No,July,High
Rajasthan,Bharatpur,104.7,3.75,72.1,41.4,25.0,77.0,240.9,5.31,Poor,Urban,3125,Yes,July,Medium
Rajasthan,Alwar,77.1,3.88,73.4,44.4,26.5,72.8,237.5,4.19,Moderate,Urban,10021,Yes,July,Medium
Rajasthan,Kota,223.1,5.32,70.9,73.6,28.0,100.0,365.4,5.85,Poor,Forest,179,No,July,High
Rajasthan,Kota,150.1,4.22,63.2,38.8,26.9,91.6,250.8,4.23,Moderate,Urban,8831,Yes,July,Medium
Rajasthan,Bharatpur,162.3,4.19,83.2,58.8,28.3,87.8,231.6,6.05,Good,Agricultural,1486,No,July,Medium
Rajasthan,Bharatpur,143.4,4.29,80.2,65.1,25.2,87.4,333.9,3.58,Moderate,Agricultural,856,No,July,Medium
Rajasthan,Bharatpur,177.0,4.76,77.3,83.3,26.0,86.7,331.4,2.31,Good,Forest,194,Yes,July,High
Rajasthan,Alwar,135.2,4.01,60.9,64.3,28.6,91.8,214.2,6.44,Good,Agricultural,475,No,July,Low
Rajasthan,Kota,154.6,3.88,70.7,69.6,26.6,87.0,291.5,2.39,Moderate,Agricultural,722,Yes,July,Medium
Rajasthan,Bharatpur,127.8,4.31,56.6,57.4,23.2,84.5,257.2,5.24,Moderate,Agricultural,1038,Yes,July,Medium
Rajasthan,Bharatpur,169.3,4.54,80.8,69.2,27.7,86.7,285.7,5.06,Good,Agricultural,947,No,July,Medium
Rajasthan,Kota,133.0,4.19,78.9,57.3,24.4,88.1,340.0,6.03,Moderate,Agricultural,118,No,July,Medium
Rajasthan,Bharatpur,112.1,4.08,67.2,59.2,25.6,81.7,311.6,4.94,Moderate,Agricultural,468,Yes,July,Medium
Rajasthan,Bharatpur,73.4,3.83,68.1,38.0,26.5,86.7,216.4,1.13,Moderate,Urban,9257,No,July,Low
Rajasthan,Bharatpur,68.5,3.68,88.3,54.3,25.1,80.9,216.7,6.03,Good,Agricultural,1422,Yes,August,Medium
Rajasthan,Bharatpur,80.9,3.48,89.4,64.2,27.0,85.7,454.7,3.17,Moderate,Agricultural,310,No,August,Low
Rajasthan,Kota,195.9,4.63,78.3,51.1,26.6,81.6,387.3,4.77,Good,Urban,12809,No,August,Medium
Rajasthan,Alwar,134.7,4.46,79.5,73.0,26.0,99.2,425.4,8.81,Good,Forest,89,No,August,Medium
Rajasthan,Kota,133.4,3.63,98.4,38.1,26.8,88.0,305.7,1.72,Poor,Urban,8620,No,August,Medium
Rajasthan,Kota,148.9,4.39,73.8,52.1,24.3,81.5,378.0,4.9,Moderate,Urban,9670,Yes,August,Medium
Rajasthan,Alwar,57.0,3.51,74.7,30.7,26.9,84.1,458.1,3.96,Poor,Urban,13467,No,August,Low
Rajasthan,Bharatpur,153.7,3.77,80.0,60.3,25.6,86.6,292.2,3.95,Good,Agricultural,573,Yes,August,Medium
Rajasthan,Kota,93.2,3.98,66.4,57.6,25.2,72.6,340.4,2.95,Moderate,Agricultural,1272,No,August,Low
Rajasthan,Kota,207.4,4.95,81.0,72.7,22.3,86.9,275.0,5.03,Moderate,Agricultural,693,No,August,Medium
Rajasthan,Bharatpur,134.7,4.35,78.1,40.9,25.6,82.8,346.7,4.17,Poor,Urban,7690,Yes,August,Medium
Rajasthan,Alwar,155.8,4.36,99.7,66.0,27.0,78.8,394.8,0.1,Poor,Agricultural,855,Yes,August,High
Rajasthan,Bharatpur,103.1,3.36,74.3,42.8,25.8,78.5,284.5,0.1,Poor,Urban,10707,Yes,August,Medium
Rajasthan,Bharatpur,130.9,4.16,86.5,57.1,25.9,82.1,215.4,4.19,Poor,Agricultural,690,No,August,Medium
Rajasthan,Alwar,117.4,4.11,57.3,59.5,26.9,84.9,251.0,6.03,Moderate,Agricultural,244,No,August,Low
Rajasthan,Bharatpur,136.6,3.78,63.0,39.7,24.6,77.4,217.7,2.99,Poor,Urban,6192,No,August,Medium
Rajasthan,Alwar,167.4,4.3,81.8,39.8,29.3,80.9,357.6,6.32,Moderate,Urban,5401,No,August,Medium
Rajasthan,Alwar,70.6,4.1,70.0,61.4,22.9,85.3,478.4,4.18,Good,Agricultural,468,Yes,August,Medium
Rajasthan,Bharatpur,271.4,5.28,76.3,53.0,24.4,91.7,245.6,2.21,Poor,Urban,10037,Yes,August,High
Rajasthan,Alwar,195.8,5.04,68.9,77.7,27.1,90.3,262.6,4.85,Good,Forest,224,Yes,August,High
Rajasthan,Alwar,102.7,3.94,74.7,51.2,27.2,83.6,373.2,2.12,Good,Agricultural,169,No,August,Low
Rajasthan,Alwar,188.2,4.67,67.1,44.7,24.2,80.1,283.4,2.24,Moderate,Urban,12029,No,August,Medium
Rajasthan,Alwar,188.3,4.61,92.0,60.4,24.4,82.4,486.1,5.87,Poor,Agricultural,544,No,September,Medium
Rajasthan,Bharatpur,138.3,4.28,78.2,56.7,23.6,84.6,499.0,3.54,Poor,Agricultural,736,No,September,Medium
Rajasthan,Kota,170.9,4.61,87.4,65.8,24.8,83.0,300.0,3.09,Good,Agricultural,1242,Yes,September,High
Rajasthan,Alwar,81.4,3.56,79.3,65.5,25.6,79.2,361.3,3.93,Moderate,Agricultural,872,No,September,Low
Rajasthan,Alwar,173.4,4.21,87.4,64.9,23.5,98.1,236.1,4.5,Good,Agricultural,556,No,September,Medium
Rajasthan,Alwar,193.1,4.62,88.8,72.2,25.6,86.8,349.6,0.1,Moderate,Agricultural,623,No,September,Medium
Rajasthan,Bharatpur,304.3,5.85,60.4,67.5,24.4,90.0,326.4,4.23,Moderate,Agricultural,1166,Yes,September,High
Rajasthan,Kota,91.6,3.34,80.6,37.9,24.5,79.1,207.5,1.99,Poor,Urban,8884,Yes,September,Medium
Rajasthan,Bharatpur,179.7,4.49,94.0,57.9,23.8,84.4,470.0,2.59,Moderate,Urban,10578,No,September,Medium
Rajasthan,Kota,204.1,4.94,84.2,66.8,27.7,80.8,201.9,3.67,Good,Agricultural,828,Yes,September,High
Rajasthan,Kota,155.4,4.22,100.0,60.6,25.3,85.7,352.7,1.76,Moderate,Agricultural,305,Yes,September,High
Rajasthan,Bharatpur,47.3,3.12,85.9,63.0,25.8,85.8,256.5,8.08,Good,Agricultural,905,Yes,September,Medium
Rajasthan,Alwar,170.0,3.89,77.0,69.9,24.8,90.3,341.7,1.78,Good,Forest,224,Yes,September,Medium
Rajasthan,Bharatpur,119.5,3.34,92.3,35.4,24.6,83.3,268.9,0.1,Poor,Urban,6219,No,September,Medium
Rajasthan,Alwar,70.8,3.75,89.0,54.3,26.1,73.8,239.8,3.42,Poor,Agricultural,960,No,September,Low
Rajasthan,Bharatpur,122.2,4.15,93.6,62.2,24.4,84.2,499.1,2.74,Poor,Agricultural,1206,Yes,September,High
Rajasthan,Kota,148.1,4.35,99.8,44.3,25.8,84.5,345.1,0.11,Poor,Urban,10742,No,September,Medium
Rajasthan,Alwar,160.2,4.2,91.6,70.7,24.8,80.2,433.1,4.49,Poor,Agricultural,1203,No,September,Medium
Rajasthan,Kota,185.8,5.1,96.2,63.6,25.1,90.7,341.5,3.81,Moderate,Agricultural,674,Yes,September,High
Rajasthan,Bharatpur,128.6,4.68,85.6,61.3,25.4,79.4,209.8,7.43,Moderate,Agricultural,296,Yes,September,Medium
Rajasthan,Bharatpur,181.3,4.47,89.5,50.6,24.4,81.2,253.1,2.57,Poor,Agricultural,713,No,September,Medium
Rajasthan,Kota,144.2,3.98,80.4,65.3,20.3,83.6,418.3,2.36,Moderate,Agricultural,732,No,September,Medium
Rajasthan,Alwar,10.2,2.04,51.6,58.1,22.7,57.8,341.1,0.75,Good,Agricultural,614,Yes,October,Low
Rajasthan,Alwar,14.0,2.42,39.4,49.5,26.6,59.2,356.9,4.44,Good,Agricultural,772,No,October,Low
Rajasthan,Alwar,25.2,2.13,38.3,51.0,27.8,60.1,253.4,5.61,Moderate,Agricultural,628,No,October,Low
Rajasthan,Alwar,22.0,2.28,32.6,62.7,22.1,58.4,490.1,0.1,Moderate,Agricultural,566,Yes,October,Medium
Rajasthan,Bharatpur,41.4,2.61,53.8,55.7,22.9,60.2,322.1,4.86,Good,Forest,159,No,October,Low
Rajasthan,Kota,25.6,2.48,53.0,43.7,26.6,66.3,293.9,5.21,Good,Agricultural,768,No,October,Low
Rajasthan,Bharatpur,27.1,2.73,55.6,30.2,23.3,47.6,207.3,4.07,Poor,Urban,8220,No,October,Low
Rajasthan,Kota,11.9,1.75,38.7,51.5,23.8,58.4,345.0,3.27,Moderate,Agricultural,464,Yes,October,Low
Rajasthan,Alwar,0.0,1.68,48.2,54.0,24.2,68.6,287.7,1.85,Moderate,Agricultural,868,No,October,Low
Rajasthan,Alwar,22.7,2.54,61.3,55.6,19.6,72.9,458.5,2.6,Moderate,Forest,51,Yes,October,Medium
Rajasthan,Kota,22.1,2.39,46.2,60.5,26.9,60.3,278.7,0.66,Poor,Forest,71,No,October,Low
Rajasthan,Bharatpur,29.0,1.73,33.8,32.9,21.4,56.2,406.1,2.69,Poor,Urban,12085,Yes,October,Low
Rajasthan,Bharatpur,34.8,2.6,44.7,45.1,24.2,55.0,370.5,2.59,Moderate,Agricultural,262,No,October,Low
Rajasthan,Alwar,24.2,2.23,40.1,52.8,20.4,69.7,415.4,1.46,Moderate,Forest,164,Yes,October,Low
Rajasthan,Alwar,2.7,1.7,32.0,44.6,26.2,52.2,327.7,5.5,Moderate,Agricultural,841,Yes,October,Low
Rajasthan,Kota,29.6,2.93,69.0,22.9,24.4,48.5,368.0,5.45,Good,Urban,13100,No,October,Low
Rajasthan,Bharatpur,37.2,2.09,44.1,50.3,22.7,51.0,437.4,3.84,Good,Agricultural,859,No,October,Low
Rajasthan,Bharatpur,11.0,2.3,60.6,32.8,20.7,58.2,464.1,5.48,Poor,Urban,14722,No,October,Low
Rajasthan,Kota,11.3,2.18,34.1,47.3,26.3,47.4,228.5,5.39,Good,Agricultural,62,Yes,October,Low
Rajasthan,Bharatpur,9.7,1.94,29.6,65.0,21.7,55.0,383.6,5.79,Good,Forest,10,Yes,October,Low
Rajasthan,Bharatpur,11.0,2.39,40.6,40.7,22.7,55.1,250.6,2.07,Poor,Agricultural,666,Yes,October,Low
Rajasthan,Bharatpur,12.2,2.1,32.8,29.1,21.3,56.6,426.4,1.39,Moderate,Urban,8702,Yes,October,Low
Rajasthan,Alwar,25.3,2.47,52.4,30.6,19.4,62.9,220.5,1.33,Poor,Urban,5976,Yes,November,Low
Rajasthan,Bharatpur,3.1,1.8,49.1,58.3,20.7,71.4,460.4,5.23,Good,Forest,10,No,November,Low
Rajasthan,Alwar,32.9,1.94,65.8,52.3,19.2,66.7,309.1,7.91,Good,Forest,192,No,November,Low
Rajasthan,Bharatpur,16.6,2.72,26.4,49.6,15.9,61.9,434.9,5.16,Good,Agricultural,657,No,November,Low
Rajasthan,Kota,43.5,2.74,59.2,47.9,18.1,68.4,348.3,3.62,Poor,Forest,122,No,November,Low
Rajasthan,Alwar,28.2,2.56,40.3,32.3,19.8,53.9,466.2,0.2,Poor,Urban,8553,Yes,November,Low
Rajasthan,Alwar,27.1,2.8,35.0,54.6,18.0,62.1,480.6,2.7,Good,Agricultural,431,No,November,Low
Rajasthan,Alwar,32.7,2.4,39.3,51.0,17.5,59.4,379.2,8.94,Moderate,Agricultural,869,No,November,Low
Rajasthan,Bharatpur,30.6,2.44,41.0,42.4,18.2,54.3,432.5,2.0,Moderate,Urban,10082,No,November,Low
Rajasthan,Bharatpur,0.0,1.96,46.6,50.6,19.3,52.9,335.3,4.27,Good,Agricultural,879,Yes,November,Low
Rajasthan,Alwar,23.0,2.05,51.0,35.6,18.8,41.9,333.7,0.1,Moderate,Urban,8649,No,November,Low
Rajasthan,Kota,34.4,2.26,42.7,34.5,20.3,62.0,314.6,5.28,Poor,Urban,7207,Yes,November,Low
Rajasthan,Kota,27.3,2.37,36.5,34.9,18.2,58.3,439.7,3.92,Good,Urban,4942,Yes,November,Low
Rajasthan,Alwar,16.4,2.56,50.6,49.5,22.2,56.5,431.8,4.54,Moderate,Agricultural,491,Yes,November,Low
Rajasthan,Bharatpur,24.0,1.98,56.9,52.3,21.4,51.7,211.1,4.17,Poor,Agricultural,443,Yes,November,Low
Rajasthan,Alwar,10.4,2.64,28.7,24.8,17.9,62.4,423.1,0.63,Poor,Urban,17303,Yes,November,Low
Rajasthan,Kota,26.1,2.32,46.7,50.5,19.5,55.7,239.9,7.58,Poor,Agricultural,835,No,November,Low
Rajasthan,Alwar,11.7,1.93,41.5,49.6,19.1,59.9,482.9,3.2,Moderate,Agricultural,416,Yes,November,Low
Rajasthan,Kota,0.0,1.63,44.6,49.6,17.9,61.4,392.2,2.72,Moderate,Agricultural,350,No,November,Low
Rajasthan,Kota,9.1,1.85,38.3,31.0,18.0,56.6,226.3,4.91,Poor,Urban,10832,No,November,Low
Rajasthan,Bharatpur,21.7,2.29,29.0,63.8,22.7,54.7,363.6,4.85,Moderate,Agricultural,279,No,November,Low
Rajasthan,Alwar,9.6,1.89,50.3,27.7,18.2,62.4,316.5,0.21,Good,Urban,13850,No,November,Low
Rajasthan,Kota,36.7,2.3,49.6,55.7,14.6,63.3,307.6,5.18,Moderate,Agricultural,619,No,December,Low
Rajasthan,Bharatpur,0.8,2.17,33.4,63.1,14.0,59.9,490.0,2.4,Good,Forest,97,No,December,Low
Rajasthan,Kota,14.8,2.06,37.8,57.1,17.0,62.1,200.1,6.03,Moderate,Agricultural,1452,No,December,Low
Rajasthan,Kota,30.1,2.14,57.8,33.5,18.2,56.0,322.6,5.42,Poor,Urban,9276,No,December,Low
Rajasthan,Alwar,4.0,1.66,43.1,34.2,15.8,53.4,419.4,5.1,Poor,Urban,2892,No,December,Low
Rajasthan,Alwar,12.4,2.31,45.6,36.3,15.9,55.5,230.5,3.58,Moderate,Urban,3204,No,December,Low
Rajasthan,Kota,34.5,2.38,39.0,62.5,15.4,65.1,299.3,4.6,Good,Forest,130,No,December,Low
Rajasthan,Bharatpur,19.5,1.51,41.4,56.6,15.2,49.0,320.1,2.06,Poor,Agricultural,1021,Yes,December,Medium
Rajasthan,Kota,22.4,1.9,45.4,50.1,18.3,61.4,406.8,7.05,Poor,Agricultural,945,No,December,Low
Rajasthan,Kota,21.3,2.29,59.2,44.6,13.5,57.9,298.6,2.19,Moderate,Agricultural,1243,Yes,December,Low
Rajasthan,Alwar,14.9,1.83,55.0,56.2,16.4,55.3,296.2,3.81,Moderate,Agricultural,863,Yes,December,Low
Rajasthan,Alwar,19.2,2.51,52.2,37.2,15.9,59.8,211.6,3.56,Poor,Urban,9509,Yes,December,Low
Rajasthan,Bharatpur,22.3,2.08,40.6,50.7,17.0,65.4,362.2,3.72,Moderate,Agricultural,634,Yes,December,Low
Rajasthan,Kota,12.6,2.17,60.0,52.7,16.7,55.6,358.6,0.85,Poor,Agricultural,685,No,December,Low
Rajasthan,Alwar,15.5,2.62,59.9,35.6,13.7,48.2,491.9,1.9,Moderate,Urban,11218,Yes,December,Low
Rajasthan,Bharatpur,6.3,2.51,32.0,62.0,15.0,63.2,399.4,5.76,Good,Forest,40,Yes,December,Low
Rajasthan,Kota,13.0,1.68,60.0,25.1,16.0,56.8,250.0,5.26,Poor,Urban,16592,No,December,Low
Rajasthan,Alwar,18.5,2.05,40.7,52.7,16.1,61.6,463.3,5.76,Good,Agricultural,666,No,December,Low
Rajasthan,Kota,25.1,1.85,41.2,61.2,15.9,63.9,360.0,6.82,Good,Forest,10,No,December,Low
Rajasthan,Kota,0.9,2.06,48.5,46.7,14.6,49.2,347.6,3.74,Poor,Agricultural,951,Yes,December,Low
Rajasthan,Bharatpur,19.4,2.11,34.8,49.7,15.7,54.8,442.8,2.88,Good,Agricultural,1109,No,December,Low
Rajasthan,Alwar,16.4,2.19,50.7,26.7,15.7,55.5,290.0,5.07,Poor,Urban,10819,Yes,December,Low
Maharashtra,Kolhapur,63.0,3.3,38.4,30.7,19.3,52.3,158.8,0.79,Moderate,Urban,9901,Yes,January,Medium
Maharashtra,Kolhapur,44.5,3.05,46.9,49.8,14.6,53.6,559.3,1.08,Good,Agricultural,1203,Yes,January,Low
Maharashtra,Pune,57.9,3.54,33.6,60.7,14.0,53.2,59.4,1.17,Moderate,Agricultural,768,Yes,January,Medium
Maharashtra,Pune,0.0,2.54,48.0,46.6,14.9,57.1,433.4,2.1,Moderate,Agricultural,410,Yes,January,Low
Maharashtra,Kolhapur,61.6,2.71,38.5,63.3,17.1,57.8,286.6,3.21,Good,Agricultural,335,No,January,Low
Maharashtra,Pune,58.1,3.81,35.7,61.5,19.4,49.7,413.3,3.39,Moderate,Agricultural,457,No,January,Low
Maharashtra,Kolhapur,84.8,3.35,30.3,86.1,17.5,55.2,169.2,2.93,Poor,Wetland,740,No,January,Medium
Maharashtra,Pune,25.1,2.74,30.5,43.6,16.1,51.8,403.2,1.8,Moderate,Agricultural,1002,No,January,Low
Maharashtra,Kolhapur,43.2,3.56,55.3,33.2,17.5,65.1,75.3,2.57,Poor,Urban,7522,Yes,January,Medium
Maharashtra,Pune,10.3,2.53,39.9,23.6,14.3,48.6,181.4,0.81,Moderate,Urban,8136,No,January,Low
Maharashtra,Kolhapur,67.3,3.94,45.2,57.5,17.0,69.2,43.7,3.14,Poor,Agricultural,1252,No,January,Low
Maharashtra,Pune,51.9,3.08,37.2,30.9,17.6,56.1,203.4,4.37,Poor,Urban,10352,No,January,Low
Maharashtra,Kolhapur,82.3,3.79,46.8,75.5,14.0,68.1,320.4,4.62,Poor,Wetland,265,No,January,Low
Maharashtra,Pune,62.4,3.27,56.0,77.0,15.6,72.7,244.5,1.01,Good,Wetland,401,No,January,Low
Maharashtra,Kolhapur,35.5,3.41,48.4,28.9,17.6,56.6,219.1,0.41,Moderate,Urban,3624,Yes,January,Low
Maharashtra,Ratnagiri,18.6,2.35,53.6,50.5,17.2,50.6,533.7,0.1,Moderate,Agricultural,592,Yes,January,Low
Maharashtra,Pune,89.6,3.58,24.7,80.3,17.3,72.9,137.8,3.43,Good,Wetland,538,No,January,Low
Maharashtra,Kolhapur,35.2,2.86,51.4,38.3,17.5,54.7,367.4,0.54,Moderate,Urban,4330,Yes,January,Low
Maharashtra,Ratnagiri,16.7,2.72,42.1,84.9,15.9,75.0,403.1,2.67,Poor,Wetland,183,No,February,Low
Maharashtra,Ratnagiri,0.0,2.25,40.9,44.2,20.4,60.4,28.0,2.96,Good,Agricultural,899,No,February,Low
Maharashtra,Pune,14.3,2.18,51.0,48.7,20.0,57.3,54.6,3.19,Good,Agricultural,570,Yes,February,Low
Maharashtra,Kolhapur,70.7,2.91,52.2,67.0,18.1,76.0,518.9,1.85,Good,Forest,253,No,February,Low
Maharashtra,Pune,33.9,2.55,48.1,33.4,19.2,46.3,535.4,1.49,Poor,Urban,4670,Yes,February,Medium
Maharashtra,Kolhapur,70.3,2.83,38.9,62.2,20.8,69.6,121.2,1.83,Moderate,Forest,189,No,February,Low
Maharashtra,Ratnagiri,24.4,3.44,41.2,50.1,17.4,56.1,491.1,0.1,Moderate,Agricultural,590,No,February,Low
Maharashtra,Kolhapur,53.0,3.15,48.7,81.0,19.3,66.1,542.2,1.62,Good,Wetland,622,No,February,Low
Maharashtra,Ratnagiri,72.0,3.41,42.6,44.7,14.6,60.3,548.3,3.48,Poor,Urban,5173,Yes,February,Medium
Maharashtra,Ratnagiri,23.1,3.34,44.4,50.8,20.3,48.9,204.7,2.17,Poor,Agricultural,1285,Yes,February,Medium
Maharashtra,Pune,26.2,2.6,55.7,38.1,20.5,53.2,181.2,0.1,Moderate,Urban,8397,No,February,Low
Maharashtra,Pune,43.7,3.26,50.6,81.1,21.2,76.3,67.0,1.88,Poor,Wetland,240,No,February,Low
Maharashtra,Ratnagiri,31.0,2.94,37.3,75.9,15.8,62.3,534.5,0.58,Good,Wetland,411,No,February,Low
Maharashtra,Ratnagiri,42.4,2.77,41.0,59.6,19.8,59.6,348.9,0.64,Moderate,Agricultural,867,Yes,February,Medium
Maharashtra,Kolhapur,61.0,3.55,56.7,79.1,19.5,59.5,504.4,1.08,Poor,Wetland,344,No,February,Medium
Maharashtra,Kolhapur,17.8,2.91,51.0,62.0,20.5,64.1,284.2,0.1,Good,Forest,86,No,February,Low
Maharashtra,Kolhapur,53.5,2.58,15.0,76.6,24.8,66.7,146.6,5.34,Moderate,Wetland,404,No,March,Low
Maharashtra,Kolhapur,58.1,3.21,44.6,54.3,23.3,66.0,579.2,2.1,Poor,Agricultural,353,No,March,Low
Maharashtra,Pune,57.8,3.2,38.9,59.9,26.8,69.0,221.3,0.93,Good,Forest,200,Yes,March,Medium
Maharashtra,Pune,9.6,2.92,47.5,74.2,26.7,69.7,157.0,1.64,Poor,Wetland,320,Yes,March,Medium
Maharashtra,Pune,39.3,2.96,41.2,30.0,22.5,61.9,480.9,2.04,Poor,Urban,8027,No,March,Low
Maharashtra,Pune,2.7,2.62,45.2,40.4,25.6,47.1,187.8,1.27,Moderate,Agricultural,332,No,March,Low
Maharashtra,Kolhapur,51.8,3.28,52.6,80.7,23.3,72.0,115.2,2.45,Moderate,Wetland,581,No,March,Low
Maharashtra,Pune,42.4,2.69,25.3,57.0,21.0,63.3,476.7,2.81,Moderate,Forest,119,No,March,Low
Maharashtra,Ratnagiri,25.6,2.99,39.0,78.0,22.4,66.8,563.8,0.1,Poor,Wetland,682,No,March,Low
Maharashtra,Pune,9.0,2.58,48.0,52.8,21.5,50.3,329.9,1.77,Moderate,Agricultural,189,Yes,March,Low
Maharashtra,Ratnagiri,23.8,3.22,40.6,61.6,20.2,51.6,582.3,3.09,Moderate,Agricultural,1073,Yes,March,Low
Maharashtra,Ratnagiri,44.5,3.07,23.8,51.5,21.5,52.9,587.7,1.48,Moderate,Agricultural,933,No,March,Low
Maharashtra,Ratnagiri,71.0,2.84,26.2,56.9,24.8,60.1,348.3,0.74,Moderate,Agricultural,1305,No,March,Low
Maharashtra,Ratnagiri,82.8,3.34,44.1,53.2,23.4,53.5,575.5,0.26,Good,Agricultural,386,Yes,March,Medium
Maharashtra,Kolhapur,42.7,2.58,39.8,82.8,24.0,54.2,408.5,0.66,Moderate,Wetland,604,Yes,March,Medium
Maharashtra,Ratnagiri,66.6,3.07,53.8,53.3,24.9,60.7,298.7,0.34,Good,Agricultural,599,No,March,Low
Maharashtra,Pune,95.8,3.6,42.1,56.1,25.9,57.4,176.8,2.5,Good,Agricultural,662,No,March,Low
Maharashtra,Ratnagiri,90.6,3.28,42.7,55.3,29.0,58.4,171.4,1.1,Good,Agricultural,863,No,April,Low
Maharashtra,Pune,0.3,2.24,25.2,74.5,30.0,63.3,27.8,0.84,Poor,Wetland,185,No,April,Low
Maharashtra,Ratnagiri,20.2,2.95,36.3,30.5,28.1,58.6,560.4,2.12,Poor,Urban,6577,No,April,Low
Maharashtra,Pune,55.5,3.35,53.3,85.0,26.0,68.0,574.8,2.87,Poor,Wetland,392,No,April,Medium
Maharashtra,Pune,35.8,3.22,58.5,30.4,26.0,59.4,353.6,0.74,Poor,Urban,12215,No,April,Low
Maharashtra,Ratnagiri,30.2,2.29,32.4,54.3,31.1,58.2,237.0,1.11,Moderate,Agricultural,489,Yes,April,Low
Maharashtra,Pune,30.5,2.67,50.4,41.3,29.3,56.6,117.6,3.31,Poor,Agricultural,345,Yes,April,Low
Maharashtra,Ratnagiri,19.9,2.83,52.9,57.3,30.5,50.2,394.3,1.14,Moderate,Agricultural,777,No,April,Low
Maharashtra,Kolhapur,22.0,3.12,15.7,83.3,30.2,71.4,91.6,3.03,Moderate,Wetland,301,No,April,Low
Maharashtra,Pune,34.1,3.03,44.9,69.8,33.3,59.8,23.1,2.48,Moderate,Wetland,102,No,April,Low
Maharashtra,Pune,57.5,2.9,50.7,76.5,33.2,72.4,97.7,2.39,Moderate,Wetland,281,Yes,April,Medium
Maharashtra,Kolhapur,24.4,2.45,56.0,54.3,29.7,60.4,88.1,3.06,Good,Agricultural,989,No,April,Low
Maharashtra,Pune,30.2,3.47,59.0,50.7,28.4,58.6,307.9,3.43,Moderate,Agricultural,638,Yes,April,Low
Maharashtra,Pune,66.0,3.46,36.9,75.9,33.1,68.7,505.8,3.86,Good,Forest,115,Yes,April,Medium
Maharashtra,Kolhapur,41.2,2.83,37.9,78.7,29.1,60.3,244.3,2.52,Poor,Wetland,525,No,April,Low
Maharashtra,Ratnagiri,15.5,2.73,44.9,72.1,29.5,62.7,353.8,5.28,Moderate,Wetland,580,No,April,Low
Maharashtra,Kolhapur,72.7,3.36,43.4,60.7,28.2,64.6,399.6,3.0,Moderate,Agricultural,335,No,April,Low
Maharashtra,Kolhapur,48.6,3.38,47.1,54.0,31.3,67.2,552.0,0.1,Moderate,Agricultural,650,Yes,May,Medium
Maharashtra,Pune,0.0,2.72,52.6,28.5,31.1,59.3,544.3,2.26,Moderate,Urban,8681,Yes,May,Low
Maharashtra,Pune,30.6,2.92,40.1,30.2,30.9,66.4,436.6,0.35,Moderate,Urban,13608,No,May,Low
Maharashtra,Pune,46.4,3.25,56.1,35.8,33.4,58.5,475.1,1.81,Poor,Urban,12337,Yes,May,Medium
Maharashtra,Ratnagiri,64.8,3.14,44.0,28.4,32.3,59.8,204.8,0.58,Poor,Urban,10058,Yes,May,Medium
Maharashtra,Kolhapur,52.9,2.84,50.4,55.4,28.7,60.2,509.3,3.34,Moderate,Agricultural,588,No,May,Low
Maharashtra,Pune,16.3,2.96,35.7,19.3,35.0,56.9,96.4,2.28,Poor,Urban,6898,No,May,Low
Maharashtra,Pune,91.6,3.42,62.2,50.8,33.9,59.2,163.9,1.38,Moderate,Agricultural,391,No,May,Low
Maharashtra,Pune,0.0,2.8,48.5,33.2,35.5,53.5,96.2,3.15,Poor,Urban,12867,No,May,Low
Maharashtra,Kolhapur,65.0,3.3,59.2,58.9,28.4,51.2,464.5,2.11,Moderate,Agricultural,663,No,May,Low
Maharashtra,Ratnagiri,45.3,2.95,55.1,62.6,34.6,62.5,318.7,6.8,Good,Forest,111,Yes,May,Low
Maharashtra,Pune,11.2,2.33,42.2,58.5,31.6,54.7,175.5,1.26,Poor,Agricultural,1241,No,May,Low
Maharashtra,Pune,23.4,2.74,56.6,75.2,31.6,56.4,474.7,1.58,Poor,Wetland,246,No,May,Low
Maharashtra,Kolhapur,12.4,2.73,41.6,81.5,31.9,64.5,431.4,0.82,Moderate,Wetland,413,Yes,May,Medium
Maharashtra,Ratnagiri,306.2,6.35,46.5,71.7,28.3,92.4,416.3,2.74,Moderate,Agricultural,325,No,June,High
Maharashtra,Kolhapur,427.2,7.52,51.2,80.7,28.4,97.2,115.3,2.43,Poor,Agricultural,549,Yes,June,Extreme
Maharashtra,Kolhapur,352.7,6.99,59.2,84.0,30.7,93.6,73.7,2.05,Moderate,Agricultural,641,No,June,Extreme
Maharashtra,Kolhapur,246.3,5.98,60.9,96.6,30.0,100.0,470.7,4.62,Moderate,Wetland,174,No,June,High
Maharashtra,Kolhapur,235.1,5.33,63.0,73.3,29.3,79.9,476.4,3.11,Good,Agricultural,50,No,June,Medium
Maharashtra,Ratnagiri,392.0,7.24,37.4,87.3,29.8,95.0,81.2,2.31,Moderate,Agricultural,843,No,June,Extreme
Maharashtra,Ratnagiri,333.7,6.93,65.9,50.9,27.4,91.0,409.5,1.22,Good,Urban,7851,Yes,June,Extreme
Maharashtra,Pune,317.1,6.58,63.2,59.3,31.8,87.3,275.2,2.17,Poor,Urban,14252,No,June,High
Maharashtra,Ratnagiri,285.4,6.08,54.9,98.0,26.2,100.0,286.6,1.38,Good,Wetland,347,Yes,June,Extreme
Maharashtra,Kolhapur,264.2,5.71,74.7,45.1,25.1,97.1,425.1,2.76,Poor,Urban,5343,No,June,High
Maharashtra,Ratnagiri,219.7,5.37,65.1,53.5,28.2,84.8,583.1,3.34,Poor,Urban,15325,Yes,June,High
Maharashtra,Ratnagiri,310.8,6.67,56.8,91.7,29.8,100.0,314.5,0.1,Moderate,Forest,124,No,June,High
Maharashtra,Ratnagiri,364.4,6.58,73.2,86.6,28.0,88.0,135.9,0.39,Good,Agricultural,710,No,June,Extreme
Maharashtra,Ratnagiri,309.5,6.35,67.5,60.8,33.1,99.9,47.6,3.4,Good,Agricultural,683,Yes,June,High
Maharashtra,Kolhapur,200.2,5.31,53.0,73.1,28.3,95.8,21.3,0.1,Good,Forest,234,No,June,Medium
Maharashtra,Ratnagiri,141.2,4.57,61.2,86.2,30.7,85.6,97.7,1.12,Moderate,Wetland,271,No,June,Medium
Maharashtra,Kolhapur,138.2,4.95,57.8,58.2,28.8,86.1,322.5,0.1,Good,Agricultural,439,No,June,Medium
Maharashtra,Pune,368.8,6.84,49.7,76.7,29.1,81.7,455.1,2.59,Moderate,Agricultural,611,No,June,Extreme
Maharashtra,Kolhapur,258.9,5.76,58.5,42.3,28.0,95.3,531.5,2.56,Moderate,Urban,2591,Yes,June,High
Maharashtra,Pune,207.3,5.23,50.3,88.4,28.1,100.0,116.9,0.1,Good,Wetland,268,No,July,Medium
Maharashtra,Pune,239.3,5.44,72.1,66.1,24.6,89.5,576.1,4.32,Good,Agricultural,619,Yes,July,High
Maharashtra,Pune,123.0,4.16,52.3,34.2,27.6,83.0,182.3,0.91,Poor,Urban,5948,Yes,July,Medium
Maharashtra,Kolhapur,71.3,3.17,66.9,54.0,24.1,73.8,577.6,1.69,Poor,Agricultural,318,Yes,July,Medium
Maharashtra,Kolhapur,64.7,3.61,62.8,77.4,22.8,92.4,574.4,2.38,Moderate,Wetland,343,No,July,Low
Maharashtra,Pune,250.3,5.99,54.2,80.7,25.7,100.0,235.5,2.96,Good,Forest,68,Yes,July,High
Maharashtra,Pune,248.1,5.64,65.7,56.4,27.9,93.3,277.3,2.94,Poor,Urban,10669,No,July,High
Maharashtra,Kolhapur,147.6,4.05,65.8,38.8,25.2,93.8,407.1,0.23,Poor,Urban,9172,No,July,Medium
Maharashtra,Ratnagiri,52.9,3.26,67.2,26.0,27.4,83.9,135.1,0.69,Moderate,Urban,5921,Yes,July,Medium
Maharashtra,Ratnagiri,216.6,5.05,73.7,78.4,26.5,100.0,377.0,3.56,Good,Forest,163,Yes,July,High
Maharashtra,Ratnagiri,151.8,4.34,56.5,46.1,28.4,78.9,37.6,2.62,Moderate,Urban,8778,Yes,July,Medium
Maharashtra,Kolhapur,191.1,5.45,76.9,70.2,26.5,89.7,518.9,0.82,Moderate,Agricultural,711,No,July,Medium
Maharashtra,Ratnagiri,275.9,6.69,67.3,57.2,24.6,93.0,499.4,0.59,Poor,Urban,12566,No,July,High
Maharashtra,Ratnagiri,282.1,5.58,76.9,71.0,22.2,95.9,570.2,1.27,Good,Agricultural,158,No,July,High
Maharashtra,Pune,219.7,5.28,65.8,41.0,23.5,95.8,228.8,0.45,Poor,Urban,10647,Yes,August,High
Maharashtra,Ratnagiri,238.4,6.2,70.6,69.7,25.8,99.4,300.2,2.49,Poor,Agricultural,1073,Yes,August,High
Maharashtra,Kolhapur,187.1,5.57,51.6,43.7,27.1,84.0,322.7,0.1,Poor,Urban,12333,No,August,Medium
Maharashtra,Kolhapur,275.3,6.57,72.3,98.0,27.7,100.0,82.1,2.64,Good,Wetland,653,Yes,August,Extreme
Maharashtra,Ratnagiri,282.2,6.59,80.0,98.0,26.6,100.0,141.6,3.89,Poor,Wetland,539,Yes,August,Extreme
Maharashtra,Ratnagiri,231.6,5.62,75.7,97.7,23.9,89.4,535.6,2.25,Moderate,Wetland,382,No,August,High
Maharashtra,Ratnagiri,173.0,4.82,69.5,48.8,26.9,75.2,190.8,1.44,Poor,Urban,6141,No,August,Medium
Maharashtra,Pune,155.1,4.3,76.9,91.4,27.2,90.9,368.2,3.07,Poor,Wetland,229,Yes,August,High
Maharashtra,Pune,243.6,5.64,83.3,63.4,21.9,92.3,583.6,0.1,Poor,Agricultural,1102,No,August,High
Maharashtra,Pune,172.8,4.52,77.0,63.1,27.3,76.8,509.9,1.68,Good,Agricultural,1304,No,August,Medium
Maharashtra,Pune,235.0,5.86,96.3,45.1,26.5,78.6,116.5,1.73,Poor,Urban,10370,No,August,High
Maharashtra,Kolhapur,220.9,5.43,84.9,74.0,26.5,94.9,155.0,4.09,Moderate,Forest,223,Yes,August,High
Maharashtra,Kolhapur,210.2,5.33,86.1,89.1,28.7,97.5,183.5,0.55,Moderate,Wetland,470,Yes,August,High
Maharashtra,Kolhapur,324.4,6.78,78.2,58.0,25.9,90.9,98.8,1.82,Poor,Urban,11569,No,August,Extreme
Maharashtra,Kolhapur,266.5,6.25,65.3,55.6,23.5,94.6,415.8,1.89,Moderate,Urban,10291,No,August,High
Maharashtra,Ratnagiri,332.3,6.37,61.7,57.2,26.9,87.4,22.6,0.78,Moderate,Urban,6641,Yes,August,Extreme
Maharashtra,Kolhapur,276.1,5.96,77.5,95.7,23.5,91.6,527.9,0.1,Good,Wetland,527,Yes,August,Extreme
Maharashtra,Ratnagiri,243.8,5.44,82.2,52.0,24.7,85.4,486.0,3.76,Moderate,Urban,10871,No,August,Medium
Maharashtra,Ratnagiri,160.1,4.63,98.7,52.6,30.8,94.4,147.8,1.69,Moderate,Agricultural,271,No,September,Medium
Maharashtra,Kolhapur,0.0,3.37,92.1,31.2,28.2,86.4,209.4,2.66,Moderate,Urban,13618,No,September,Low
Maharashtra,Kolhapur,207.0,5.44,100.0,59.1,22.1,89.2,382.8,0.1,Good,Agricultural,404,Yes,September,High
Maharashtra,Pune,263.9,6.28,83.9,54.1,27.0,97.0,210.4,0.73,Poor,Urban,8145,Yes,September,Extreme
Maharashtra,Kolhapur,302.6,6.89,67.2,47.0,23.1,94.9,461.9,2.35,Poor,Urban,6854,No,September,High
Maharashtra,Pune,194.6,5.24,87.6,40.1,26.1,84.1,368.7,2.08,Moderate,Urban,6693,No,September,Medium
Maharashtra,Ratnagiri,85.3,3.68,93.2,51.0,24.0,85.0,359.0,2.87,Poor,Agricultural,945,Yes,September,Medium
Maharashtra,Ratnagiri,364.6,6.6,80.1,98.0,25.4,100.0,62.0,0.1,Poor,Wetland,612,No,September,Extreme
Maharashtra,Ratnagiri,350.0,6.8,97.9,80.4,24.4,83.6,365.2,5.26,Poor,Agricultural,680,Yes,September,Extreme
Maharashtra,Pune,115.5,3.92,89.3,46.4,25.0,77.9,519.6,2.59,Moderate,Urban,8144,No,September,Medium
Maharashtra,Ratnagiri,283.9,6.32,94.8,58.7,22.0,92.2,464.9,2.95,Poor,Urban,12570,Yes,September,Extreme
Maharashtra,Pune,241.4,5.71,90.2,54.2,26.1,90.8,429.9,1.87,Good,Urban,10292,Yes,September,High
Maharashtra,Kolhapur,161.8,4.92,80.0,92.3,24.4,98.7,556.1,2.6,Poor,Wetland,269,Yes,September,High
Maharashtra,Kolhapur,247.2,5.71,84.6,66.4,25.0,92.4,274.8,2.32,Moderate,Agricultural,50,No,September,High
Maharashtra,Pune,285.9,6.38,78.6,71.2,27.6,98.5,221.2,2.87,Moderate,Agricultural,1028,Yes,September,Extreme
Maharashtra,Ratnagiri,184.5,5.38,86.6,85.9,27.4,99.6,22.9,1.71,Poor,Wetland,600,No,September,High
Maharashtra,Pune,18.1,2.98,51.3,30.3,23.1,57.1,203.2,0.1,Poor,Urban,12183,No,October,Low
Maharashtra,Kolhapur,64.3,3.01,56.2,31.0,24.6,59.6,124.9,0.11,Poor,Urban,9551,No,October,Low
Maharashtra,Kolhapur,50.1,3.21,21.0,32.5,24.9,66.6,426.2,3.22,Poor,Urban,15844,Yes,October,Low
Maharashtra,Pune,14.0,2.45,60.9,40.8,21.8,56.6,521.7,4.05,Moderate,Agricultural,461,Yes,October,Low
Maharashtra,Ratnagiri,10.1,2.77,64.2,85.0,22.0,67.8,304.9,4.7,Poor,Wetland,488,Yes,October,Medium
Maharashtra,Ratnagiri,50.1,3.17,56.7,55.2,23.8,58.8,246.9,0.1,Poor,Agricultural,399,Yes,October,Medium
Maharashtra,Kolhapur,74.4,2.87,49.7,43.9,22.1,50.5,462.4,0.93,Moderate,Urban,11525,Yes,October,Medium
Maharashtra,Ratnagiri,58.1,2.81,50.8,83.9,22.5,69.8,582.3,3.05,Poor,Wetland,558,No,October,Low
Maharashtra,Ratnagiri,40.1,2.68,47.7,59.3,22.8,52.2,477.8,1.08,Good,Agricultural,710,No,October,Low
Maharashtra,Ratnagiri,0.0,2.88,35.1,40.6,23.4,55.3,214.8,1.98,Poor,Urban,6732,No,October,Low
Maharashtra,Kolhapur,29.5,3.33,32.8,48.9,20.2,50.1,534.7,4.14,Moderate,Agricultural,434,No,October,Low
Maharashtra,Ratnagiri,62.8,3.25,36.9,73.9,23.5,66.8,251.1,4.57,Moderate,Wetland,415,No,October,Low
Maharashtra,Ratnagiri,56.3,2.74,54.2,64.4,24.0,70.9,292.7,5.38,Good,Forest,70,No,October,Low
Maharashtra,Ratnagiri,26.6,3.07,40.5,73.4,23.3,63.9,553.0,5.05,Moderate,Wetland,393,No,October,Low
Maharashtra,Ratnagiri,32.5,3.12,27.9,50.2,29.3,58.7,22.7,3.36,Poor,Agricultural,658,No,October,Low
Maharashtra,Pune,91.1,3.01,38.4,63.4,26.2,57.2,253.5,3.54,Moderate,Agricultural,731,Yes,October,Medium
Maharashtra,Ratnagiri,45.5,3.36,47.0,35.7,27.4,48.0,110.3,4.46,Moderate,Urban,14069,No,October,Low
Maharashtra,Pune,24.4,2.13,45.2,58.4,22.7,66.7,154.2,3.53,Moderate,Agricultural,530,No,October,Low
Maharashtra,Ratnagiri,90.3,3.48,52.3,60.2,23.1,65.8,481.8,2.59,Moderate,Agricultural,1138,No,October,Low
Maharashtra,Kolhapur,25.5,2.67,56.1,86.9,21.6,64.8,267.3,0.1,Moderate,Wetland,606,No,October,Low
Maharashtra,Ratnagiri,29.5,2.77,44.3,69.7,20.8,65.4,314.0,3.98,Good,Wetland,639,No,November,Low
Maharashtra,Kolhapur,27.0,2.61,53.1,74.1,18.4,58.6,573.8,3.54,Good,Wetland,50,No,November,Low
Maharashtra,Kolhapur,0.8,2.42,45.7,74.1,18.4,68.8,536.9,0.76,Moderate,Wetland,610,Yes,November,Medium
Maharashtra,Kolhapur,51.8,3.37,42.7,29.6,21.6,50.9,21.7,4.42,Poor,Urban,5460,No,November,Low
Maharashtra,Kolhapur,28.1,2.66,43.1,52.2,19.8,57.7,510.5,4.0,Good,Agricultural,718,Yes,November,Low
Maharashtra,Kolhapur,36.2,2.7,47.2,45.8,19.5,60.0,323.4,1.48,Good,Agricultural,529,No,November,Low
Maharashtra,Kolhapur,36.7,2.55,45.2,51.6,17.8,59.7,367.9,4.79,Moderate,Agricultural,304,Yes,November,Low
Maharashtra,Ratnagiri,43.1,3.01,26.4,35.2,18.6,55.5,476.6,0.32,Poor,Urban,10554,No,November,Low
Maharashtra,Pune,42.2,3.44,29.6,60.1,18.5,52.5,336.2,0.42,Moderate,Agricultural,592,No,November,Low
Maharashtra,Ratnagiri,0.0,2.7,48.7,71.3,19.3,62.0,461.5,2.85,Moderate,Wetland,671,No,November,Low
Maharashtra,Ratnagiri,72.2,3.49,27.2,80.5,21.2,71.2,344.1,1.37,Poor,Wetland,179,No,November,Medium
Maharashtra,Kolhapur,44.9,3.37,32.6,79.7,21.3,62.7,366.6,2.69,Moderate,Wetland,531,Yes,November,Medium
Maharashtra,Ratnagiri,80.4,3.34,47.9,66.5,17.3,65.0,507.6,3.0,Good,Agricultural,515,No,November,Low
Maharashtra,Ratnagiri,36.7,3.5,59.4,64.8,20.1,73.1,194.7,0.76,Moderate,Forest,266,No,November,Low
Maharashtra,Pune,26.0,2.51,43.1,27.8,16.1,51.4,502.4,1.75,Poor,Urban,9139,Yes,December,Low
Maharashtra,Pune,57.8,2.63,39.4,80.3,16.6,74.5,305.7,1.21,Poor,Wetland,537,No,December,Low
Maharashtra,Pune,60.6,3.24,45.1,28.5,16.9,61.8,136.4,0.1,Poor,Urban,9717,No,December,Low
Maharashtra,Pune,83.9,3.05,59.6,53.2,13.9,54.4,293.8,2.7,Good,Agricultural,1081,No,December,Low
Maharashtra,Ratnagiri,63.6,3.11,42.5,61.5,16.6,72.2,374.0,1.67,Good,Forest,131,Yes,December,Medium
Maharashtra,Ratnagiri,45.8,3.07,52.8,41.7,11.7,55.1,582.0,1.38,Moderate,Urban,3923,Yes,December,Low
Maharashtra,Kolhapur,55.0,2.5,38.0,34.1,17.3,58.5,69.4,2.17,Moderate,Urban,6795,No,December,Low
Maharashtra,Pune,88.1,3.28,48.0,61.2,15.4,41.1,309.4,1.61,Poor,Agricultural,557,No,December,Low
Maharashtra,Kolhapur,24.1,2.7,49.7,36.6,14.9,53.5,124.6,3.44,Poor,Urban,10787,No,December,Low
Maharashtra,Kolhapur,73.3,3.45,36.3,51.5,15.2,64.3,413.6,0.87,Moderate,Agricultural,622,Yes,December,Medium
Maharashtra,Kolhapur,39.7,2.28,45.4,81.8,12.6,64.6,588.3,3.92,Poor,Wetland,216,No,December,Low
Maharashtra,Pune,111.9,4.36,56.1,57.4,15.8,60.4,303.4,3.36,Poor,Agricultural,597,Yes,December,Medium
Maharashtra,Ratnagiri,54.2,2.91,41.6,62.6,14.3,51.9,306.9,3.5,Moderate,Agricultural,597,Yes,December,Low
Maharashtra,Pune,19.5,2.86,46.3,41.6,15.8,55.0,283.9,2.45,Poor,Urban,12345,Yes,December,Low
Maharashtra,Pune,65.4,3.01,37.4,69.1,14.5,64.5,286.0,0.1,Good,Forest,10,No,December,Low
Maharashtra,Pune,24.2,2.54,42.6,60.3,15.4,52.9,223.5,4.04,Good,Agricultural,1176,No,December,Low
Maharashtra,Pune,47.3,3.65,55.5,63.1,13.9,63.5,400.5,1.1,Good,Forest,293,Yes,December,Medium
Maharashtra,Kolhapur,38.3,2.32,61.3,33.7,16.8,64.0,253.4,1.55,Moderate,Urban,9795,Yes,December,Medium
Maharashtra,Ratnagiri,52.0,3.25,70.2,48.9,12.7,70.6,450.2,4.37,Moderate,Agricultural,946,No,December,Low
Maharashtra,Kolhapur,10.5,2.73,41.9,51.8,15.4,74.8,521.0,3.96,Good,Forest,27,No,December,Low
Gujarat,Junagadh,40.2,3.07,36.2,58.4,19.6,53.0,17.8,4.95,Good,Agricultural,833,Yes,January,Low
Gujarat,Vadodara,55.9,3.1,37.4,68.6,16.2,68.7,16.8,2.79,Poor,Wetland,269,Yes,January,Medium
Gujarat,Vadodara,50.2,2.85,44.5,37.2,16.5,66.3,68.7,2.01,Good,Urban,10683,No,January,Low
Gujarat,Vadodara,84.3,3.5,37.5,80.9,16.5,65.3,88.5,4.11,Poor,Wetland,50,No,January,Low
Gujarat,Surat,54.3,3.35,51.6,79.3,18.0,62.6,93.7,1.13,Good,Wetland,457,Yes,January,Medium
Gujarat,Junagadh,41.8,2.99,28.5,51.3,16.2,57.6,106.5,2.39,Poor,Agricultural,1124,No,January,Low
Gujarat,Vadodara,37.0,2.76,38.1,47.5,18.3,65.5,26.7,0.58,Good,Agricultural,932,No,January,Low
Gujarat,Surat,0.0,2.34,48.6,22.9,17.8,48.0,74.0,3.67,Moderate,Urban,7943,No,January,Low
Gujarat,Vadodara,41.8,3.08,58.0,65.7,16.5,55.5,81.8,2.97,Moderate,Agricultural,549,No,January,Low
Gujarat,Vadodara,40.6,2.59,40.5,47.8,16.2,50.0,19.4,0.46,Poor,Agricultural,820,No,January,Low
Gujarat,Surat,57.3,2.46,56.8,54.5,16.2,63.2,86.8,1.28,Moderate,Agricultural,614,No,January,Low
Gujarat,Surat,44.0,2.79,66.4,33.2,17.4,48.1,54.4,0.97,Poor,Urban,7617,No,January,Low
Gujarat,Vadodara,36.8,2.9,48.3,55.3,20.2,55.7,10.6,2.8,Good,Agricultural,834,Yes,January,Low
Gujarat,Surat,58.0,2.86,17.9,52.4,19.8,52.5,148.9,0.14,Good,Agricultural,550,Yes,January,Low
Gujarat,Surat,37.3,3.1,50.5,59.7,15.2,72.7,64.6,1.48,Good,Forest,141,No,January,Low
Gujarat,Junagadh,51.0,3.44,48.5,58.6,17.2,63.9,48.2,0.47,Good,Forest,95,Yes,January,Low
Gujarat,Junagadh,82.0,3.55,40.1,52.3,18.9,67.4,149.6,0.86,Moderate,Agricultural,904,Yes,January,Medium
Gujarat,Vadodara,57.8,3.11,38.7,29.8,18.3,49.6,67.1,4.04,Poor,Urban,12199,No,January,Low
Gujarat,Vadodara,50.8,3.04,53.5,84.9,18.5,60.2,40.8,3.57,Moderate,Wetland,205,Yes,January,Medium
Gujarat,Junagadh,51.5,2.83,43.0,57.8,16.9,62.5,77.6,0.86,Moderate,Agricultural,537,No,January,Low
Gujarat,Vadodara,0.0,2.82,43.8,42.1,18.3,49.9,125.7,0.82,Moderate,Agricultural,637,No,January,Low
Gujarat,Junagadh,4.9,1.62,61.4,35.7,19.1,58.2,90.5,1.95,Poor,Urban,3398,No,January,Low
Gujarat,Junagadh,60.5,2.78,42.2,78.2,20.5,68.9,101.1,0.1,Moderate,Wetland,268,No,February,Low
Gujarat,Vadodara,63.9,2.99,44.1,56.8,21.9,60.2,38.2,2.48,Moderate,Agricultural,547,No,February,Low
Gujarat,Junagadh,0.0,1.92,36.9,22.6,21.9,60.5,28.3,1.44,Moderate,Urban,3451,No,February,Low
Gujarat,Vadodara,69.6,3.31,48.9,42.4,20.9,49.5,11.8,3.62,Poor,Urban,7233,No,February,Low
Gujarat,Junagadh,47.7,2.89,31.2,52.2,20.8,49.0,49.3,1.32,Moderate,Agricultural,942,No,February,Low
Gujarat,Junagadh,10.6,2.87,52.9,82.0,20.6,55.6,29.5,2.34,Moderate,Wetland,67,No,February,Low
Gujarat,Surat,45.9,2.62,50.6,34.6,18.8,64.0,77.8,0.17,Poor,Urban,9572,Yes,February,Medium
Gujarat,Junagadh,28.9,3.0,45.7,56.9,18.6,55.3,86.7,0.66,Poor,Agricultural,408,No,February,Low
Gujarat,Surat,86.0,3.49,35.7,77.7,21.0,58.2,126.3,3.14,Poor,Wetland,50,No,February,Low
Gujarat,Surat,78.2,2.86,46.9,40.8,20.5,58.2,49.5,4.09,Poor,Urban,12848,No,February,Low
Gujarat,Vadodara,52.6,3.03,53.0,69.2,22.9,66.6,62.2,0.4,Moderate,Wetland,266,No,February,Low
Gujarat,Junagadh,35.3,2.79,33.2,36.4,18.0,63.1,111.5,3.33,Poor,Urban,12544,No,February,Low
Gujarat,Junagadh,47.9,2.89,44.5,49.5,19.2,46.0,106.9,2.29,Poor,Urban,8321,No,February,Low
Gujarat,Junagadh,50.2,3.16,44.9,32.7,19.0,54.6,131.8,3.58,Moderate,Urban,10705,No,February,Low
Gujarat,Junagadh,53.2,3.44,50.3,74.5,17.9,73.7,22.5,0.1,Poor,Wetland,653,No,February,Low
Gujarat,Vadodara,61.9,2.66,51.1,82.7,22.4,69.0,52.7,2.18,Good,Wetland,617,No,February,Low
Gujarat,Junagadh,40.7,3.49,49.5,34.4,20.9,54.7,16.9,1.32,Good,Urban,10885,Yes,February,Low
Gujarat,Surat,20.0,2.18,40.8,70.5,24.5,67.7,37.1,2.2,Good,Forest,83,Yes,February,Low
Gujarat,Junagadh,64.4,3.06,38.8,56.0,21.1,58.5,65.1,1.51,Moderate,Agricultural,685,No,February,Low
Gujarat,Junagadh,29.3,2.65,45.4,84.4,19.8,69.4,121.6,3.13,Good,Wetland,539,Yes,February,Medium
Gujarat,Vadodara,44.7,2.78,46.4,79.5,19.7,72.6,70.8,2.53,Good,Wetland,299,No,February,Low
Gujarat,Vadodara,86.9,3.43,30.3,55.8,19.6,56.9,107.5,3.64,Poor,Agricultural,780,No,February,Low
Gujarat,Vadodara,0.0,3.06,52.7,31.3,22.4,61.7,89.9,4.77,Poor,Urban,11210,Yes,March,Low
Gujarat,Vadodara,78.4,3.5,23.2,31.2,27.1,56.1,128.0,3.64,Moderate,Urban,9867,Yes,March,Low
Gujarat,Junagadh,52.7,3.35,47.5,76.6,26.9,65.9,145.5,3.22,Poor,Wetland,452,No,March,Low
Gujarat,Junagadh,36.3,2.94,54.9,34.0,25.4,53.1,123.7,1.32,Moderate,Urban,11603,Yes,March,Low
Gujarat,Surat,29.9,2.46,31.9,37.8,24.6,51.8,142.8,1.81,Moderate,Urban,8798,No,March,Low
Gujarat,Vadodara,46.2,2.93,46.7,59.1,25.2,70.5,124.6,2.13,Good,Forest,80,No,March,Low
Gujarat,Vadodara,43.4,3.12,59.0,81.7,28.9,69.1,76.1,0.94,Moderate,Wetland,778,Yes,March,Medium
Gujarat,Vadodara,73.8,3.15,45.0,82.7,27.6,61.1,64.3,0.32,Moderate,Wetland,206,No,March,Low
Gujarat,Surat,17.2,2.44,22.3,49.5,26.9,57.6,109.9,0.17,Moderate,Agricultural,746,No,March,Low
Gujarat,Vadodara,58.2,3.21,45.6,75.5,30.2,62.6,110.1,0.1,Poor,Wetland,451,No,March,Low
Gujarat,Junagadh,68.1,3.06,32.7,56.6,28.4,62.4,31.4,0.99,Moderate,Agricultural,725,No,March,Low
Gujarat,Vadodara,11.1,2.58,46.7,33.1,27.0,50.1,33.2,2.77,Moderate,Urban,6197,Yes,March,Low
Gujarat,Vadodara,36.6,2.6,40.1,27.9,28.8,55.7,41.8,2.05,Moderate,Urban,9858,No,March,Low
Gujarat,Vadodara,43.7,3.31,46.4,85.0,26.9,74.8,136.9,2.06,Poor,Wetland,272,No,March,Low
Gujarat,Junagadh,52.4,3.5,57.8,36.6,25.8,58.8,94.1,1.42,Good,Urban,4059,No,March,Low
Gujarat,Vadodara,85.8,3.87,63.3,42.9,25.8,55.7,52.7,0.18,Moderate,Urban,10939,No,March,Low
Gujarat,Vadodara,31.1,2.33,49.6,27.9,26.5,55.7,12.2,0.39,Good,Urban,4407,Yes,March,Low
Gujarat,Vadodara,22.3,2.51,56.1,57.7,26.8,52.8,39.5,2.71,Good,Agricultural,892,No,March,Low
Gujarat,Surat,27.0,3.16,45.6,46.3,29.7,54.6,65.2,2.67,Poor,Agricultural,357,Yes,March,Low
Gujarat,Surat,62.3,3.47,46.4,84.8,30.3,66.1,62.3,2.76,Moderate,Wetland,412,No,March,Low
Gujarat,Vadodara,15.8,2.9,46.9,34.6,23.3,58.0,49.8,3.87,Poor,Urban,9334,No,March,Low
Gujarat,Junagadh,43.1,2.87,44.0,76.4,27.9,79.6,114.3,1.75,Poor,Wetland,307,No,March,Low
Gujarat,Vadodara,39.5,2.88,27.6,32.8,32.6,54.4,82.4,0.1,Poor,Urban,7781,Yes,April,Medium
Gujarat,Surat,24.8,2.63,65.9,78.6,31.7,69.7,73.6,2.8,Good,Wetland,285,Yes,April,Medium
Gujarat,Vadodara,40.4,3.22,33.2,82.0,32.3,75.6,77.3,2.82,Moderate,Wetland,646,Yes,April,Medium
Gujarat,Vadodara,47.0,2.72,40.5,33.2,33.3,50.0,18.1,2.87,Poor,Urban,3017,Yes,April,Medium
Gujarat,Surat,98.5,3.15,57.4,56.2,30.8,50.7,57.5,4.5,Good,Agricultural,1101,No,April,Low
Gujarat,Vadodara,80.4,3.34,37.7,61.3,32.4,51.6,113.5,0.86,Poor,Agricultural,827,No,April,Low
Gujarat,Surat,68.8,3.01,43.0,82.8,29.9,71.3,70.8,1.76,Poor,Wetland,722,No,April,Medium
Gujarat,Surat,73.1,3.35,63.5,48.5,29.4,51.0,129.2,2.45,Poor,Agricultural,841,Yes,April,Medium
Gujarat,Junagadh,38.3,2.77,38.3,33.2,30.6,57.6,100.6,5.63,Poor,Urban,14865,No,April,Low
Gujarat,Surat,19.7,2.75,64.5,31.2,29.6,60.1,65.5,4.53,Poor,Urban,5896,No,April,Low
Gujarat,Junagadh,69.8,3.26,29.7,54.0,30.2,61.3,96.0,1.2,Moderate,Agricultural,641,Yes,April,Medium
Gujarat,Junagadh,49.4,2.82,34.0,76.0,29.9,64.8,17.1,2.28,Poor,Wetland,607,No,April,Low
Gujarat,Junagadh,56.7,2.75,40.5,82.7,31.2,62.5,149.9,3.01,Moderate,Wetland,746,No,April,Low
Gujarat,Surat,19.3,2.74,44.5,27.0,31.5,53.1,26.2,3.87,Poor,Urban,11100,Yes,April,Low
Gujarat,Vadodara,62.3,2.96,37.0,58.2,31.4,60.5,121.3,2.01,Moderate,Agricultural,979,No,April,Low
Gujarat,Surat,59.6,2.52,43.0,58.9,31.1,70.9,41.1,3.18,Good,Forest,94,No,April,Low
Gujarat,Surat,53.9,2.98,27.6,90.4,30.3,62.7,10.9,4.92,Poor,Wetland,782,No,April,Low
Gujarat,Vadodara,61.6,2.49,42.2,34.1,32.9,61.1,45.6,1.73,Moderate,Urban,11123,No,April,Low
Gujarat,Vadodara,72.6,3.51,44.0,42.2,31.8,55.1,107.4,2.82,Good,Urban,10425,Yes,April,Low
Gujarat,Surat,64.7,3.51,45.0,83.1,30.1,74.6,46.7,1.97,Good,Wetland,605,Yes,April,Medium
Gujarat,Junagadh,41.2,3.02,69.6,68.9,30.8,66.7,45.4,2.36,Moderate,Wetland,564,No,April,Low
Gujarat,Surat,108.0,3.86,62.9,49.0,30.7,62.4,80.4,2.95,Good,Urban,7221,Yes,April,Medium
Gujarat,Vadodara,33.0,3.07,45.1,52.6,32.1,61.8,128.2,1.56,Moderate,Agricultural,1433,No,May,Low
Gujarat,Vadodara,27.5,2.42,37.9,26.8,33.9,56.3,58.7,1.82,Moderate,Urban,16830,No,May,Low
Gujarat,Junagadh,55.9,3.07,46.8,54.2,30.7,68.9,78.2,0.1,Good,Forest,10,No,May,Low
Gujarat,Surat,6.5,2.65,53.8,27.8,31.3,55.8,81.1,1.58,Good,Urban,7330,Yes,May,Low
Gujarat,Junagadh,19.7,2.08,61.3,35.0,34.2,62.0,86.0,1.16,Poor,Urban,10842,Yes,May,Medium
Gujarat,Junagadh,19.5,2.23,32.2,49.7,32.8,57.7,109.5,2.41,Moderate,Agricultural,575,Yes,May,Low
Gujarat,Junagadh,38.5,2.91,40.9,64.3,32.3,59.9,86.8,6.38,Good,Forest,122,Yes,May,Low
Gujarat,Vadodara,74.6,3.72,47.7,61.3,31.0,47.3,62.3,1.78,Good,Agricultural,1118,No,May,Low
Gujarat,Surat,13.7,3.38,47.2,38.7,32.8,60.9,137.6,2.16,Poor,Urban,15398,Yes,May,Low
Gujarat,Surat,55.8,3.34,41.2,61.5,34.2,56.6,107.6,1.09,Moderate,Agricultural,866,Yes,May,Medium
Gujarat,Surat,51.0,3.42,44.5,74.6,33.4,62.6,33.2,2.2,Good,Wetland,402,No,May,Low
Gujarat,Surat,40.2,3.27,44.4,79.6,32.8,64.7,39.4,4.16,Poor,Wetland,578,No,May,Low
Gujarat,Vadodara,66.8,2.92,50.2,77.4,35.3,69.1,37.1,0.1,Moderate,Wetland,529,No,May,Low
Gujarat,Vadodara,31.7,2.98,43.0,51.3,34.5,52.9,19.4,0.1,Good,Agricultural,878,Yes,May,Low
Gujarat,Vadodara,41.7,2.89,44.9,78.8,35.0,72.8,128.9,2.74,Poor,Wetland,694,Yes,May,Medium
Gujarat,Surat,28.0,3.44,42.3,48.8,32.4,52.9,88.8,0.1,Good,Agricultural,708,No,May,Low
Gujarat,Vadodara,4.0,3.01,37.1,46.3,34.3,53.5,101.6,0.88,Good,Agricultural,789,Yes,May,Low
Gujarat,Vadodara,60.4,3.03,52.8,36.9,34.1,53.5,48.9,2.51,Good,Urban,4425,No,May,Low
Gujarat,Vadodara,11.0,2.73,25.2,49.5,34.5,59.7,74.0,1.27,Poor,Agricultural,790,Yes,May,Low
Gujarat,Junagadh,26.8,3.26,44.6,36.3,32.4,57.4,70.2,0.1,Poor,Urban,12277,No,May,Low
Gujarat,Surat,85.4,2.77,28.1,54.0,33.3,64.4,84.3,1.07,Moderate,Agricultural,1044,No,May,Low
Gujarat,Vadodara,44.1,2.7,55.5,83.5,31.9,69.1,139.2,1.9,Poor,Wetland,152,No,May,Medium
Gujarat,Junagadh,224.0,5.31,41.3,74.3,29.2,86.8,82.8,4.63,Moderate,Agricultural,627,Yes,June,High
Gujarat,Vadodara,97.8,4.62,57.4,86.6,32.0,100.0,63.8,0.52,Moderate,Wetland,400,Yes,June,Medium
Gujarat,Junagadh,337.7,6.46,62.8,98.0,30.2,100.0,97.5,5.77,Moderate,Wetland,500,Yes,June,Extreme
Gujarat,Surat,319.1,5.75,55.5,81.9,29.6,100.0,87.4,1.94,Moderate,Agricultural,862,No,June,High
Gujarat,Surat,318.0,6.09,57.6,52.9,32.2,92.6,62.8,3.09,Poor,Urban,11183,No,June,High
Gujarat,Surat,269.5,5.73,69.9,96.2,27.8,95.8,124.3,2.25,Poor,Wetland,151,No,June,High
Gujarat,Junagadh,136.8,4.81,51.8,38.9,31.3,88.9,91.8,4.48,Good,Urban,5202,No,June,Low
Gujarat,Surat,244.4,5.12,45.3,59.1,31.6,87.1,110.9,2.86,Good,Urban,7090,No,June,Medium
Gujarat,Vadodara,221.3,5.48,79.5,67.6,29.8,88.6,133.3,3.35,Moderate,Agricultural,652,Yes,June,High
Gujarat,Surat,299.5,5.91,62.5,77.5,30.9,90.8,129.2,4.7,Moderate,Agricultural,1232,No,June,High
Gujarat,Junagadh,230.8,5.5,70.7,93.1,31.8,100.0,31.1,2.74,Moderate,Wetland,186,No,June,High
Gujarat,Surat,234.2,5.61,56.3,76.6,30.1,91.8,139.3,1.48,Good,Agricultural,795,No,June,High
Gujarat,Junagadh,109.2,4.17,42.3,55.2,30.3,78.8,87.1,2.86,Poor,Agricultural,1000,No,June,Low
Gujarat,Vadodara,93.9,4.02,51.6,52.8,30.2,84.3,117.6,2.25,Good,Agricultural,735,No,June,Low
Gujarat,Junagadh,323.5,6.76,60.7,55.1,29.4,88.9,21.8,0.1,Moderate,Urban,9164,Yes,June,Extreme
Gujarat,Surat,258.4,6.03,67.0,98.0,30.0,100.0,123.3,0.32,Moderate,Wetland,333,No,June,High
Gujarat,Vadodara,147.6,4.67,43.8,68.8,29.9,93.4,43.5,2.8,Good,Agricultural,658,No,June,Medium
Gujarat,Junagadh,140.6,4.5,48.9,65.5,31.8,84.0,143.7,2.39,Moderate,Agricultural,702,No,June,Low
Gujarat,Vadodara,305.4,6.51,71.1,77.1,28.4,93.1,29.8,1.99,Good,Agricultural,914,Yes,June,Extreme
Gujarat,Vadodara,236.5,5.67,56.1,77.5,27.2,85.2,122.2,0.1,Good,Agricultural,762,No,June,High
Gujarat,Vadodara,148.8,4.72,52.7,58.3,30.5,81.9,51.3,2.69,Poor,Agricultural,773,No,June,Medium
Gujarat,Junagadh,137.7,4.85,49.6,39.5,29.0,88.2,68.8,1.24,Poor,Urban,7049,No,June,Medium
Gujarat,Junagadh,217.3,6.1,58.0,87.9,28.2,92.6,30.5,2.05,Poor,Wetland,501,No,July,High
Gujarat,Junagadh,202.1,5.05,51.8,53.5,27.7,82.9,31.4,2.67,Moderate,Urban,11286,No,July,Medium
Gujarat,Surat,303.9,5.67,65.6,57.4,28.5,95.0,36.0,3.98,Moderate,Urban,6367,Yes,July,High
Gujarat,Surat,164.1,5.39,46.6,89.3,28.4,100.0,128.0,2.96,Poor,Wetland,576,Yes,July,High
Gujarat,Vadodara,79.6,3.92,61.1,82.4,29.6,88.6,10.9,2.31,Moderate,Wetland,322,No,July,Medium
Gujarat,Surat,192.1,5.48,87.1,70.0,29.0,87.6,11.7,1.3,Moderate,Agricultural,1189,Yes,July,High
Gujarat,Vadodara,207.8,5.34,52.9,68.9,25.9,80.1,123.3,3.61,Good,Agricultural,1072,Yes,July,High
Gujarat,Surat,21.6,3.84,71.7,78.4,26.9,84.8,62.1,2.77,Moderate,Wetland,228,No,July,Low
Gujarat,Junagadh,233.0,5.64,73.2,68.7,25.9,92.7,28.0,2.48,Good,Forest,166,No,July,High
Gujarat,Junagadh,267.3,5.92,83.4,46.2,27.7,83.5,25.8,0.65,Good,Urban,10681,Yes,July,High
Gujarat,Surat,273.3,5.84,66.4,54.5,30.1,92.4,117.2,2.47,Poor,Urban,7921,Yes,July,High
Gujarat,Vadodara,324.3,6.48,75.0,59.9,26.6,90.2,38.6,0.87,Poor,Urban,10925,Yes,July,Extreme
Gujarat,Surat,306.1,6.43,81.3,76.1,26.5,97.5,84.6,0.59,Moderate,Agricultural,572,No,July,High
Gujarat,Junagadh,100.5,4.22,76.9,79.9,27.9,87.8,46.9,0.1,Poor,Wetland,246,No,July,Medium
Gujarat,Junagadh,402.5,6.77,58.7,91.2,30.8,89.0,46.5,3.1,Good,Agricultural,551,No,July,High
Gujarat,Junagadh,257.6,5.86,67.3,76.2,28.3,96.2,83.3,3.88,Moderate,Forest,41,Yes,July,High
Gujarat,Surat,317.7,7.13,63.9,47.5,26.9,86.1,130.7,1.35,Moderate,Urban,10729,No,July,High
Gujarat,Surat,190.9,5.36,59.2,45.5,27.9,81.2,124.0,1.82,Poor,Urban,10153,Yes,July,High
Gujarat,Surat,316.1,6.1,65.0,95.6,25.5,97.0,12.7,2.27,Moderate,Wetland,352,Yes,July,Extreme
Gujarat,Junagadh,178.3,5.11,61.4,87.2,27.1,98.7,55.4,1.66,Good,Wetland,524,Yes,July,High
Gujarat,Surat,437.6,7.53,75.4,67.5,26.3,95.8,12.3,0.1,Moderate,Urban,9470,Yes,July,Extreme
Gujarat,Junagadh,167.6,5.17,39.1,96.6,26.7,95.3,140.7,0.1,Good,Wetland,524,No,July,Medium
Gujarat,Surat,130.3,5.02,81.2,51.1,27.4,90.0,25.2,2.08,Moderate,Agricultural,424,No,August,Medium
Gujarat,Vadodara,117.1,4.95,68.8,80.1,30.6,95.6,62.3,3.48,Poor,Wetland,647,Yes,August,High
Gujarat,Vadodara,341.5,6.83,68.4,56.4,26.8,89.2,43.8,0.28,Moderate,Urban,10902,Yes,August,Extreme
Gujarat,Surat,267.2,5.83,47.1,96.3,25.6,95.0,140.8,0.47,Moderate,Wetland,659,Yes,August,High
Gujarat,Vadodara,244.3,5.28,88.3,60.1,27.9,83.9,88.9,1.15,Good,Agricultural,581,Yes,August,High
Gujarat,Vadodara,270.9,6.36,57.9,49.5,27.3,88.6,21.4,0.1,Moderate,Urban,7865,No,August,High
Gujarat,Vadodara,177.5,5.04,64.2,85.5,27.7,100.0,39.3,0.66,Moderate,Wetland,153,Yes,August,High
Gujarat,Vadodara,234.0,5.42,61.3,50.7,25.3,84.2,112.0,0.13,Moderate,Urban,8258,Yes,August,High
Gujarat,Junagadh,197.1,5.86,85.0,48.7,27.9,91.6,38.2,2.73,Good,Urban,11043,Yes,August,High
Gujarat,Junagadh,225.2,5.91,71.9,48.0,28.3,84.3,78.6,2.12,Poor,Urban,2786,No,August,High
Gujarat,Junagadh,217.1,5.14,71.8,48.3,27.4,77.6,77.0,2.38,Poor,Urban,10012,No,August,Medium
Gujarat,Surat,316.8,6.87,76.8,51.7,27.7,89.9,68.0,0.91,Moderate,Urban,6033,No,August,High
Gujarat,Surat,262.5,5.48,72.9,95.1,26.5,86.3,114.9,2.5,Poor,Wetland,347,Yes,August,Extreme
Gujarat,Vadodara,179.9,5.21,80.9,58.3,24.1,77.5,128.5,0.94,Moderate,Agricultural,457,Yes,August,High
Gujarat,Surat,99.2,4.8,83.5,56.5,25.2,90.4,136.7,3.18,Moderate,Agricultural,1471,No,August,Low
Gujarat,Junagadh,444.1,7.91,90.8,70.7,27.6,95.3,53.7,1.6,Moderate,Urban,11380,Yes,August,Extreme
Gujarat,Vadodara,25.0,3.72,75.0,49.2,31.6,78.2,37.3,1.79,Poor,Agricultural,961,No,August,Low
Gujarat,Surat,141.0,4.88,60.5,81.2,24.2,91.4,127.3,0.64,Moderate,Wetland,670,No,August,Medium
Gujarat,Junagadh,200.0,4.89,71.0,43.7,26.9,87.5,137.4,0.29,Poor,Urban,9289,No,August,Medium
Gujarat,Surat,154.3,5.23,86.5,47.8,25.4,84.6,112.0,6.12,Moderate,Urban,9708,No,August,Medium
Gujarat,Surat,332.0,6.63,75.9,86.3,26.8,92.7,21.1,3.39,Good,Agricultural,656,No,August,High
Gujarat,Surat,40.6,3.43,88.4,59.3,27.1,96.8,44.1,0.1,Good,Forest,223,No,August,Low
Gujarat,Surat,181.4,5.34,78.4,42.3,25.9,85.9,89.9,4.8,Moderate,Urban,11040,No,September,Medium
Gujarat,Junagadh,235.9,5.58,81.7,63.8,27.2,89.9,145.7,2.91,Good,Agricultural,650,Yes,September,High
Gujarat,Junagadh,160.7,4.91,63.1,65.5,27.8,78.8,124.2,1.24,Good,Agricultural,1243,No,September,Medium
Gujarat,Surat,220.6,5.77,79.5,55.1,24.7,94.0,93.9,1.05,Poor,Urban,12802,Yes,September,High
Gujarat,Vadodara,217.6,5.83,72.3,41.9,26.2,89.2,10.1,0.26,Poor,Urban,12902,Yes,September,High
Gujarat,Vadodara,181.4,4.87,79.6,88.7,26.5,97.4,53.0,2.19,Good,Wetland,220,No,September,Medium
Gujarat,Surat,73.8,3.98,83.5,28.8,26.2,86.9,122.2,3.08,Moderate,Urban,4622,No,September,Low
Gujarat,Vadodara,229.2,5.72,69.8,44.6,26.8,91.2,67.7,2.46,Moderate,Urban,10713,Yes,September,High
Gujarat,Junagadh,276.5,5.7,87.1,66.3,25.4,89.5,122.7,0.95,Good,Agricultural,415,No,September,High
Gujarat,Junagadh,154.1,4.76,100.0,59.0,24.9,85.8,50.4,0.89,Poor,Agricultural,682,No,September,Medium
Gujarat,Junagadh,254.5,5.67,91.9,89.5,26.7,98.0,126.6,1.01,Moderate,Wetland,453,Yes,September,Extreme
Gujarat,Surat,267.3,5.5,66.3,66.9,25.0,95.5,131.3,1.85,Moderate,Agricultural,890,No,September,High
Gujarat,Vadodara,288.4,6.1,84.0,89.9,26.0,91.0,19.4,0.34,Good,Forest,110,No,September,High
Gujarat,Junagadh,307.2,5.95,95.0,65.8,23.5,89.4,113.3,2.94,Moderate,Agricultural,352,No,September,High
Gujarat,Junagadh,256.6,5.61,94.2,78.1,28.2,90.5,92.4,4.61,Good,Agricultural,1151,No,September,High
Gujarat,Vadodara,222.9,5.37,77.0,43.6,29.5,85.3,40.7,2.04,Poor,Urban,9470,Yes,September,High
Gujarat,Surat,208.6,5.07,62.6,51.0,25.0,99.7,44.4,1.12,Good,Urban,11945,No,September,Medium
Gujarat,Junagadh,202.0,5.24,80.8,56.0,24.6,94.3,128.1,3.89,Moderate,Agricultural,532,Yes,September,High
Gujarat,Surat,169.4,4.73,91.3,65.3,24.9,83.5,103.2,1.13,Moderate,Agricultural,293,No,September,Medium
Gujarat,Surat,229.9,5.23,78.4,47.4,24.4,84.0,94.3,2.44,Moderate,Urban,7342,Yes,September,High
Gujarat,Vadodara,214.7,5.26,88.7,47.3,27.0,81.9,96.8,4.57,Poor,Urban,8082,No,September,Medium
Gujarat,Junagadh,293.7,6.45,100.0,98.0,29.2,100.0,53.5,2.11,Poor,Wetland,691,No,September,Extreme
Gujarat,Surat,64.7,3.14,34.3,58.4,25.0,71.3,95.9,2.65,Good,Forest,178,Yes,October,Medium
Gujarat,Junagadh,30.0,3.16,38.7,82.9,27.7,65.6,58.0,2.32,Poor,Wetland,584,No,October,Low
Gujarat,Vadodara,55.1,3.28,61.7,36.2,23.2,58.9,11.3,2.63,Poor,Urban,8020,Yes,October,Medium
Gujarat,Surat,29.8,2.74,56.5,45.9,23.2,46.1,29.0,2.73,Good,Agricultural,1352,Yes,October,Low
Gujarat,Surat,43.3,3.11,56.3,71.1,25.0,65.7,19.8,4.06,Poor,Wetland,246,Yes,October,Medium
Gujarat,Vadodara,68.7,3.0,45.4,80.7,26.9,61.8,106.9,0.1,Moderate,Wetland,577,No,October,Low
Gujarat,Junagadh,49.2,3.4,58.2,53.6,26.0,56.0,72.2,3.2,Moderate,Agricultural,1093,No,October,Low
Gujarat,Surat,60.8,3.48,38.7,58.2,25.7,64.1,115.9,1.22,Moderate,Agricultural,1238,No,October,Low
Gujarat,Surat,53.8,2.98,50.4,49.2,27.1,55.4,71.0,2.5,Moderate,Agricultural,869,Yes,October,Medium
Gujarat,Surat,67.6,3.54,50.9,56.6,27.5,53.0,148.6,0.93,Good,Agricultural,80,No,October,Low
Gujarat,Vadodara,55.1,3.45,33.0,56.8,22.2,53.5,46.6,0.36,Good,Agricultural,751,Yes,October,Medium
Gujarat,Vadodara,11.2,2.75,39.5,35.7,27.0,57.7,26.9,1.47,Good,Urban,7703,No,October,Low
Gujarat,Junagadh,46.8,2.95,47.3,60.7,26.6,62.0,136.9,4.24,Poor,Agricultural,730,Yes,October,Medium
Gujarat,Junagadh,15.2,2.53,39.8,31.0,25.5,57.6,101.2,1.28,Poor,Urban,9415,Yes,October,Low
Gujarat,Surat,28.3,2.91,44.8,33.2,26.5,49.4,65.2,4.45,Moderate,Urban,6834,Yes,October,Low
Gujarat,Junagadh,37.4,2.91,62.6,59.7,26.7,63.4,119.6,3.29,Good,Forest,166,Yes,October,Low
Gujarat,Surat,79.2,3.06,23.0,38.6,25.3,48.5,48.3,3.83,Moderate,Urban,12018,No,October,Low
Gujarat,Vadodara,22.1,2.3,35.9,46.5,25.6,66.0,10.8,1.18,Moderate,Agricultural,50,No,October,Low
Gujarat,Vadodara,5.5,3.0,46.9,51.0,25.7,73.7,49.1,2.2,Good,Forest,264,No,October,Low
Gujarat,Junagadh,42.4,3.0,36.6,60.2,25.1,51.3,61.8,2.08,Moderate,Agricultural,384,No,October,Low
Gujarat,Vadodara,69.5,2.82,30.4,83.4,23.9,72.8,106.2,1.12,Good,Wetland,351,Yes,October,Medium
Gujarat,Junagadh,68.4,3.24,36.9,32.5,22.7,59.7,125.1,2.37,Poor,Urban,5288,Yes,October,Medium
Gujarat,Surat,43.2,3.15,47.7,29.0,21.9,54.2,86.4,0.83,Moderate,Urban,4022,Yes,November,Low
Gujarat,Surat,65.2,3.38,50.1,81.1,21.8,61.9,54.7,0.1,Good,Wetland,449,Yes,November,Medium
Gujarat,Junagadh,37.8,2.77,46.1,50.6,19.4,49.6,22.0,0.1,Moderate,Agricultural,409,Yes,November,Low
Gujarat,Junagadh,49.7,3.25,53.4,74.6,22.8,63.5,49.3,2.63,Poor,Wetland,963,No,November,Low
Gujarat,Junagadh,24.4,2.79,46.3,53.3,21.7,63.4,25.6,1.88,Moderate,Agricultural,1009,No,November,Low
Gujarat,Junagadh,76.3,2.87,42.9,59.8,21.8,64.7,87.5,0.1,Moderate,Agricultural,816,No,November,Low
Gujarat,Junagadh,51.5,2.44,56.8,40.4,21.7,56.2,84.8,2.47,Good,Agricultural,546,No,November,Low
Gujarat,Vadodara,61.0,2.41,46.2,32.7,22.2,55.3,56.6,0.26,Poor,Urban,3813,No,November,Low
Gujarat,Surat,42.3,3.09,30.4,50.0,20.5,56.7,111.2,0.1,Moderate,Agricultural,475,Yes,November,Low
Gujarat,Vadodara,61.5,2.78,43.1,58.1,20.9,74.2,128.8,1.88,Good,Forest,99,Yes,November,Medium
Gujarat,Surat,29.7,3.0,55.6,78.7,23.2,70.4,49.1,0.1,Poor,Wetland,322,Yes,November,Medium
Gujarat,Surat,45.2,2.69,42.0,84.1,22.6,67.4,41.9,1.12,Good,Wetland,903,Yes,November,Medium
Gujarat,Junagadh,66.3,3.14,47.7,25.4,20.2,59.1,52.9,2.73,Moderate,Urban,11584,No,November,Low
Gujarat,Junagadh,59.6,2.74,47.2,82.3,20.8,63.3,79.8,2.64,Moderate,Wetland,235,No,November,Low
Gujarat,Surat,7.2,2.16,55.4,70.2,21.2,69.9,138.5,1.17,Good,Wetland,483,Yes,November,Medium
Gujarat,Surat,46.3,2.74,41.1,31.7,20.5,57.4,52.0,0.7,Poor,Urban,6212,No,November,Low
Gujarat,Vadodara,39.9,2.78,38.6,73.7,21.9,70.1,139.3,5.6,Good,Wetland,106,No,November,Low
Gujarat,Junagadh,55.7,2.69,49.5,48.1,22.7,60.6,39.0,3.16,Moderate,Agricultural,1025,No,November,Low
Gujarat,Surat,62.3,3.28,31.2,48.7,22.5,50.0,141.9,1.05,Good,Agricultural,841,No,November,Low
Gujarat,Junagadh,59.5,3.69,57.0,50.4,22.3,57.7,127.1,0.86,Moderate,Agricultural,656,No,November,Low
Gujarat,Vadodara,0.0,2.73,62.6,24.8,22.6,54.1,46.4,3.24,Moderate,Urban,5317,No,November,Low
Gujarat,Surat,25.2,2.34,48.2,39.5,22.2,57.0,144.0,2.32,Moderate,Urban,5612,Yes,November,Low
Gujarat,Vadodara,46.5,2.52,22.4,74.0,17.8,69.1,136.8,1.64,Good,Wetland,227,Yes,December,Medium
Gujarat,Surat,59.3,3.28,44.2,82.5,20.1,69.9,13.9,4.05,Good,Wetland,612,No,December,Low
Gujarat,Junagadh,55.7,3.61,39.9,37.4,16.9,64.1,20.4,1.56,Moderate,Urban,6108,No,December,Low
Gujarat,Junagadh,21.5,2.42,39.2,52.4,20.3,45.9,12.9,1.75,Moderate,Agricultural,1294,No,December,Low
Gujarat,Surat,70.1,2.81,57.3,51.1,19.6,63.0,91.7,0.42,Moderate,Agricultural,340,No,December,Low
Gujarat,Junagadh,9.5,2.71,44.6,51.6,20.3,49.4,89.8,2.19,Moderate,Agricultural,1247,No,December,Low
Gujarat,Surat,90.5,3.8,41.5,53.3,19.1,51.8,86.1,0.12,Good,Agricultural,1203,No,December,Low
Gujarat,Vadodara,58.6,3.05,39.5,55.6,17.9,73.9,130.1,1.5,Good,Forest,153,Yes,December,Low
Gujarat,Vadodara,46.6,2.96,43.5,41.4,18.7,57.6,110.1,0.1,Poor,Urban,8675,Yes,December,Medium
Gujarat,Surat,64.4,3.3,34.7,36.6,18.0,53.9,93.4,0.71,Good,Urban,5905,No,December,Low
Gujarat,Surat,32.7,2.52,49.2,60.2,19.7,63.7,12.7,0.57,Poor,Agricultural,435,No,December,Low
Gujarat,Junagadh,76.4,3.25,43.2,70.4,19.1,67.9,17.6,2.37,Good,Agricultural,558,No,December,Low
Gujarat,Surat,42.4,3.21,67.7,52.7,20.0,49.3,13.8,2.89,Moderate,Agricultural,1125,No,December,Low
Gujarat,Vadodara,70.0,3.74,34.7,76.9,17.7,69.9,86.7,4.28,Poor,Wetland,275,No,December,Low
Gujarat,Junagadh,47.5,3.0,54.7,71.1,18.7,70.0,12.3,1.34,Moderate,Wetland,300,Yes,December,Medium
Gujarat,Surat,71.7,3.24,40.0,29.8,19.0,62.5,88.8,0.93,Poor,Urban,7839,No,December,Low
Gujarat,Vadodara,80.5,2.58,49.7,58.8,18.1,53.5,126.4,2.27,Moderate,Agricultural,379,Yes,December,Medium
Gujarat,Junagadh,88.5,3.06,29.7,61.6,16.3,63.2,106.8,2.36,Poor,Agricultural,497,No,December,Low
Gujarat,Junagadh,54.3,3.42,47.2,37.8,17.7,60.0,143.7,4.09,Moderate,Urban,12004,No,December,Low
Gujarat,Vadodara,48.6,2.78,35.9,40.1,16.8,58.4,47.4,2.25,Poor,Urban,6055,No,December,Low
Gujarat,Vadodara,0.0,2.6,43.5,60.5,19.4,55.5,36.9,0.74,Good,Wetland,315,No,December,Low
Gujarat,Vadodara,22.1,2.85,35.2,57.0,20.5,65.7,56.1,2.21,Poor,Agricultural,762,No,December,Low
Andhra Pradesh,Krishna,0.0,2.99,48.0,57.2,18.4,65.3,21.8,3.21,Moderate,Forest,142,No,January,Low
Andhra Pradesh,Krishna,6.4,2.92,53.9,79.1,20.1,60.2,68.8,2.54,Poor,Wetland,282,Yes,January,Medium
Andhra Pradesh,East Godavari,78.2,3.31,44.0,35.7,18.3,49.6,11.6,3.29,Moderate,Urban,8699,No,January,Low
Andhra Pradesh,Guntur,42.5,2.68,42.6,70.3,16.7,63.1,24.6,0.44,Good,Wetland,638,No,January,Low
Andhra Pradesh,East Godavari,42.8,3.2,48.3,28.4,16.0,55.3,66.5,5.7,Poor,Urban,5084,No,January,Low
Andhra Pradesh,Krishna,98.0,3.79,35.5,61.8,17.2,61.0,11.2,2.24,Poor,Agricultural,135,No,January,Low
Andhra Pradesh,Krishna,58.3,3.45,31.8,29.8,18.8,54.2,65.7,2.13,Poor,Urban,9141,Yes,January,Medium
Andhra Pradesh,Guntur,53.6,2.76,39.6,29.1,18.4,59.5,38.4,2.12,Moderate,Urban,15601,Yes,January,Low
Andhra Pradesh,East Godavari,88.6,3.15,47.8,33.7,17.3,54.3,31.5,2.44,Good,Urban,14852,Yes,January,Medium
Andhra Pradesh,Krishna,19.9,2.4,51.7,75.2,18.4,65.8,21.3,2.86,Poor,Wetland,358,Yes,January,Medium
Andhra Pradesh,Guntur,44.8,3.03,47.9,41.2,18.4,60.6,67.7,2.19,Moderate,Urban,12506,No,January,Low
Andhra Pradesh,Krishna,50.4,3.34,33.6,87.8,17.4,63.1,10.4,1.95,Moderate,Wetland,255,Yes,January,Medium
Andhra Pradesh,Guntur,24.2,2.68,20.5,80.7,14.8,64.5,66.8,4.58,Good,Wetland,559,No,January,Low
Andhra Pradesh,Krishna,51.0,2.67,52.3,53.3,19.4,55.9,23.0,3.15,Moderate,Agricultural,456,No,January,Low
Andhra Pradesh,Guntur,4.5,2.39,33.4,51.4,17.5,52.6,79.6,4.04,Poor,Agricultural,308,No,January,Low
Andhra Pradesh,Krishna,46.8,2.72,33.5,62.8,17.4,62.9,79.3,0.15,Poor,Agricultural,401,No,January,Low
Andhra Pradesh,Guntur,44.5,3.06,38.1,64.8,14.5,54.2,38.7,4.5,Good,Agricultural,979,Yes,January,Low
Andhra Pradesh,Krishna,52.9,2.98,50.8,55.6,16.2,53.0,48.1,0.36,Good,Agricultural,557,No,January,Low
Andhra Pradesh,Guntur,54.4,3.11,42.3,35.1,20.5,49.7,73.8,1.13,Moderate,Urban,6860,Yes,January,Low
Andhra Pradesh,Guntur,0.2,2.41,52.0,27.4,17.8,53.2,73.0,2.94,Poor,Urban,7784,Yes,January,Low
Andhra Pradesh,East Godavari,81.5,2.76,46.5,72.2,18.2,74.0,53.8,4.23,Good,Forest,289,Yes,January,Medium
Andhra Pradesh,Guntur,25.9,2.64,37.6,60.3,15.5,67.4,66.5,0.46,Good,Forest,162,No,January,Low
Andhra Pradesh,East Godavari,37.1,3.16,51.1,54.6,18.7,53.3,73.1,1.82,Moderate,Agricultural,662,Yes,February,Medium
Andhra Pradesh,East Godavari,47.5,3.38,37.2,40.5,25.3,48.9,28.6,2.95,Moderate,Urban,12910,No,February,Low
Andhra Pradesh,Guntur,73.4,3.2,48.3,31.2,20.4,49.6,30.5,3.3,Good,Urban,6333,No,February,Low
Andhra Pradesh,East Godavari,56.9,3.13,63.9,43.0,20.7,51.6,17.6,0.1,Poor,Urban,7405,No,February,Low
Andhra Pradesh,Krishna,34.1,2.59,62.3,48.7,20.7,60.1,75.7,2.44,Good,Agricultural,537,No,February,Low
Andhra Pradesh,Guntur,51.7,2.97,52.3,35.6,23.4,48.6,77.0,2.16,Moderate,Urban,9411,Yes,February,Low
Andhra Pradesh,Guntur,42.7,2.61,49.2,32.7,20.2,51.2,40.9,2.97,Poor,Urban,13556,No,February,Low
Andhra Pradesh,Guntur,77.8,3.09,50.5,55.0,21.0,53.8,59.2,2.66,Poor,Agricultural,1552,Yes,February,Medium
Andhra Pradesh,East Godavari,76.7,3.33,29.9,81.6,19.7,69.4,30.9,1.17,Good,Wetland,323,No,February,Low
Andhra Pradesh,East Godavari,101.6,3.39,38.8,42.9,20.1,68.5,12.8,1.42,Poor,Urban,7719,Yes,February,Medium
Andhra Pradesh,East Godavari,33.5,2.7,32.9,61.1,21.4,73.5,15.7,2.3,Good,Forest,186,Yes,February,Low
Andhra Pradesh,Guntur,44.6,3.38,41.3,23.7,18.5,67.9,64.7,2.22,Moderate,Urban,14171,No,February,Low
Andhra Pradesh,Guntur,72.1,3.29,48.8,39.6,21.8,53.9,40.6,3.77,Poor,Urban,1926,Yes,February,Low
Andhra Pradesh,East Godavari,62.2,3.34,48.9,70.0,20.8,65.0,16.1,1.5,Moderate,Wetland,667,No,February,Low
Andhra Pradesh,Guntur,34.0,2.59,31.2,60.6,20.5,69.5,74.3,2.92,Good,Forest,202,No,February,Low
Andhra Pradesh,Guntur,73.1,3.38,55.7,36.6,21.2,53.0,9.0,2.46,Good,Urban,7385,No,February,Low
Andhra Pradesh,East Godavari,73.0,3.4,20.8,64.8,22.2,53.2,12.9,2.78,Moderate,Agricultural,1046,No,February,Low
Andhra Pradesh,East Godavari,66.4,3.65,61.6,80.3,19.6,61.2,46.5,2.26,Moderate,Wetland,508,No,February,Medium
Andhra Pradesh,Guntur,42.7,2.61,45.8,42.9,17.6,52.7,59.8,2.6,Good,Urban,9573,No,February,Low
Andhra Pradesh,East Godavari,28.5,3.07,48.3,68.9,21.9,75.1,32.0,0.1,Good,Forest,98,Yes,February,Low
Andhra Pradesh,Guntur,0.0,2.34,49.4,31.4,18.8,56.5,27.2,4.73,Poor,Urban,6963,No,February,Low
Andhra Pradesh,East Godavari,35.0,2.79,48.0,39.4,22.9,54.6,54.7,3.34,Moderate,Urban,13382,No,February,Low
Andhra Pradesh,Guntur,113.2,4.13,38.1,58.1,25.2,68.6,59.0,3.92,Moderate,Agricultural,821,Yes,March,Medium
Andhra Pradesh,East Godavari,43.3,3.28,45.0,43.5,26.2,58.3,18.3,3.87,Good,Agricultural,1040,No,March,Low
Andhra Pradesh,Guntur,30.3,2.76,17.4,44.9,27.1,62.5,8.9,1.5,Poor,Urban,17043,No,March,Low
Andhra Pradesh,Guntur,80.3,3.44,49.4,51.4,27.2,64.3,56.1,1.66,Poor,Agricultural,764,Yes,March,Medium
Andhra Pradesh,East Godavari,92.5,3.0,40.2,62.9,26.5,69.8,66.2,1.79,Good,Forest,154,No,March,Low
Andhra Pradesh,East Godavari,66.6,3.18,48.0,35.7,26.7,56.2,54.0,2.41,Moderate,Urban,11518,Yes,March,Medium
Andhra Pradesh,Krishna,18.2,2.61,36.9,34.2,27.3,53.5,75.9,2.37,Moderate,Urban,4634,Yes,March,Low
Andhra Pradesh,Krishna,38.3,3.43,43.7,95.7,25.7,66.1,65.6,0.95,Poor,Wetland,266,Yes,March,Medium
Andhra Pradesh,Krishna,60.1,3.06,46.5,78.9,25.5,68.4,73.0,1.35,Poor,Wetland,55,No,March,Low
Andhra Pradesh,Guntur,20.5,3.02,42.7,25.3,28.2,55.5,48.6,1.02,Moderate,Urban,4468,No,March,Low
Andhra Pradesh,Krishna,23.8,2.23,28.8,81.6,28.8,67.2,44.5,2.63,Poor,Wetland,105,No,March,Low
Andhra Pradesh,Guntur,58.8,3.42,54.8,55.5,27.1,53.2,77.0,0.1,Moderate,Agricultural,697,No,March,Low
Andhra Pradesh,Guntur,45.7,2.97,62.2,79.4,27.2,59.9,13.8,3.84,Good,Wetland,441,Yes,March,Medium
Andhra Pradesh,Guntur,39.2,3.1,49.7,55.7,26.3,61.7,72.4,1.07,Good,Agricultural,791,Yes,March,Low
Andhra Pradesh,Guntur,59.3,2.99,49.2,40.6,27.2,55.0,7.7,1.79,Moderate,Urban,2702,Yes,March,Low
Andhra Pradesh,East Godavari,77.8,3.14,42.9,35.7,25.6,54.2,40.8,5.2,Poor,Urban,6729,Yes,March,Medium
Andhra Pradesh,East Godavari,23.8,2.45,33.8,31.3,27.2,48.1,32.8,1.93,Moderate,Urban,8571,No,March,Low
Andhra Pradesh,Krishna,34.4,2.93,26.5,33.9,28.9,54.7,63.2,4.56,Moderate,Urban,8825,Yes,March,Low
Andhra Pradesh,Guntur,69.9,3.33,45.0,61.8,28.5,66.9,18.8,2.59,Moderate,Forest,18,No,March,Low
Andhra Pradesh,East Godavari,2.6,2.5,35.8,29.7,26.9,54.2,7.7,2.72,Moderate,Urban,5412,No,March,Low
Andhra Pradesh,East Godavari,43.5,2.97,43.1,27.5,26.4,55.8,60.9,2.91,Poor,Urban,3115,No,March,Low
Andhra Pradesh,East Godavari,42.2,2.47,44.9,29.5,26.7,57.8,17.4,0.44,Poor,Urban,10966,No,March,Low
Andhra Pradesh,Guntur,42.2,2.98,45.6,59.3,30.6,59.5,25.9,1.98,Poor,Agricultural,518,No,April,Low
Andhra Pradesh,Guntur,34.8,2.86,52.8,75.3,32.5,60.0,33.3,3.94,Good,Wetland,748,Yes,April,Medium
Andhra Pradesh,East Godavari,0.0,1.98,45.6,36.9,30.4,61.1,26.7,1.8,Good,Agricultural,544,No,April,Low
Andhra Pradesh,East Godavari,14.2,2.85,45.8,58.0,31.9,64.9,11.8,2.89,Moderate,Forest,266,Yes,April,Low
Andhra Pradesh,Guntur,32.9,3.05,43.4,53.6,31.8,64.2,36.8,0.38,Good,Forest,209,No,April,Low
Andhra Pradesh,Krishna,80.9,3.34,35.0,58.6,30.1,48.3,68.7,3.33,Poor,Agricultural,964,Yes,April,Medium
Andhra Pradesh,Krishna,61.3,3.68,55.9,85.4,36.6,62.5,33.4,4.0,Poor,Wetland,50,Yes,April,Medium
Andhra Pradesh,Guntur,56.8,2.88,41.2,60.2,30.9,71.0,71.9,2.38,Good,Agricultural,1102,No,April,Low
Andhra Pradesh,East Godavari,46.2,2.76,46.5,40.3,31.5,45.6,74.6,1.08,Good,Urban,3793,No,April,Low
Andhra Pradesh,Krishna,51.3,2.51,35.9,36.2,33.7,55.6,67.3,2.01,Poor,Urban,8597,Yes,April,Medium
Andhra Pradesh,Guntur,47.1,2.78,46.6,56.1,32.9,59.4,24.4,0.1,Moderate,Agricultural,826,No,April,Low
Andhra Pradesh,Krishna,8.2,2.33,53.2,29.0,33.8,58.9,20.5,2.84,Moderate,Urban,10702,No,April,Low
Andhra Pradesh,East Godavari,43.0,2.98,55.2,70.7,32.2,57.4,49.3,3.41,Good,Wetland,567,No,April,Low
Andhra Pradesh,East Godavari,34.3,2.74,38.7,75.4,31.7,68.8,47.7,4.58,Poor,Wetland,889,Yes,April,Medium
Andhra Pradesh,East Godavari,51.6,3.17,43.0,53.8,33.6,59.1,40.3,2.4,Good,Agricultural,1510,No,April,Low
Andhra Pradesh,East Godavari,52.6,2.78,32.0,32.6,32.5,63.4,38.5,1.08,Moderate,Urban,7870,No,April,Low
Andhra Pradesh,Guntur,29.5,3.29,45.3,25.2,34.6,54.0,10.4,3.02,Moderate,Urban,8231,Yes,April,Low
Andhra Pradesh,Krishna,58.7,2.96,42.4,69.4,32.5,70.8,34.2,0.46,Poor,Wetland,211,Yes,April,Medium
Andhra Pradesh,Krishna,71.1,2.67,49.6,82.3,35.0,77.2,79.3,1.69,Moderate,Wetland,214,Yes,April,Medium
Andhra Pradesh,Guntur,11.6,3.06,30.3,27.7,31.2,51.0,27.5,1.36,Poor,Urban,5286,No,April,Low
Andhra Pradesh,Guntur,39.9,2.92,35.4,49.6,27.3,57.3,15.2,3.0,Moderate,Agricultural,617,No,April,Low
Andhra Pradesh,Guntur,78.1,2.82,43.4,79.5,31.1,68.9,30.5,0.1,Good,Wetland,340,Yes,April,Medium
Andhra Pradesh,Guntur,70.7,3.77,50.5,76.3,32.6,68.9,17.3,2.78,Poor,Wetland,1182,No,May,Medium
Andhra Pradesh,Krishna,20.6,2.91,51.4,81.7,32.0,66.8,14.7,2.36,Moderate,Wetland,494,No,May,Low
Andhra Pradesh,East Godavari,70.8,3.4,47.1,91.1,34.7,69.3,55.9,5.74,Poor,Wetland,640,Yes,May,Medium
Andhra Pradesh,Krishna,0.0,2.42,67.3,40.9,32.2,61.3,22.3,2.24,Good,Agricultural,634,No,May,Low
Andhra Pradesh,Krishna,36.6,3.02,44.0,34.5,34.3,57.9,21.1,1.09,Good,Urban,4394,No,May,Low
Andhra Pradesh,Guntur,52.1,3.16,32.4,35.0,32.0,59.9,68.0,0.52,Poor,Urban,10731,No,May,Low
Andhra Pradesh,East Godavari,49.3,3.21,66.2,51.9,29.9,48.2,54.2,1.18,Good,Agricultural,621,No,May,Low
Andhra Pradesh,East Godavari,24.0,2.77,45.2,49.4,34.9,56.0,31.8,3.53,Moderate,Agricultural,204,No,May,Low
Andhra Pradesh,East Godavari,64.3,3.49,37.2,64.2,34.4,57.2,76.5,0.11,Good,Agricultural,861,No,May,Low
Andhra Pradesh,East Godavari,90.0,3.52,45.6,36.2,35.3,54.5,34.9,3.17,Moderate,Urban,10234,Yes,May,Low
Andhra Pradesh,East Godavari,37.5,3.36,42.9,54.3,33.3,66.9,18.4,0.1,Moderate,Agricultural,446,Yes,May,Low
Andhra Pradesh,Guntur,17.6,3.13,38.8,80.8,33.2,59.3,57.9,1.51,Poor,Wetland,315,Yes,May,Medium
Andhra Pradesh,East Godavari,29.3,2.6,47.6,35.3,31.0,60.9,62.7,2.72,Poor,Urban,10601,No,May,Low
Andhra Pradesh,Krishna,53.8,2.47,55.1,59.6,34.7,64.4,52.5,2.22,Moderate,Agricultural,705,No,May,Low
Andhra Pradesh,East Godavari,48.3,2.85,57.3,58.2,30.9,70.1,16.4,2.25,Good,Forest,210,Yes,May,Medium
Andhra Pradesh,Krishna,50.8,2.95,46.0,48.4,31.1,61.0,75.5,3.63,Moderate,Agricultural,449,Yes,May,Low
Andhra Pradesh,East Godavari,0.0,2.56,39.7,19.6,30.4,53.3,44.9,2.04,Poor,Urban,9977,No,May,Low
Andhra Pradesh,Krishna,19.7,2.51,60.1,33.8,33.2,55.7,7.2,1.04,Poor,Urban,7402,Yes,May,Medium
Andhra Pradesh,Krishna,35.6,2.87,30.0,50.8,33.9,54.5,28.1,5.07,Moderate,Agricultural,780,Yes,May,Low
Andhra Pradesh,Guntur,8.5,2.62,43.1,67.7,33.1,66.9,53.3,3.22,Moderate,Wetland,351,No,May,Low
Andhra Pradesh,East Godavari,51.8,2.71,31.4,61.8,34.0,63.9,37.9,1.48,Moderate,Agricultural,411,Yes,May,Medium
Andhra Pradesh,Krishna,38.3,2.46,27.9,79.0,34.4,72.3,64.4,0.1,Poor,Wetland,980,Yes,May,Medium
Andhra Pradesh,Guntur,193.4,5.37,63.4,48.8,27.2,91.2,35.0,0.1,Poor,Urban,7914,Yes,June,High
Andhra Pradesh,East Godavari,138.8,4.04,66.3,62.0,30.1,84.1,19.0,1.53,Good,Agricultural,1005,No,June,Medium
Andhra Pradesh,Krishna,224.0,5.8,63.1,69.6,32.1,87.5,50.3,0.4,Moderate,Agricultural,50,No,June,High
Andhra Pradesh,East Godavari,35.2,3.51,50.0,45.9,32.0,84.3,15.1,3.03,Moderate,Agricultural,895,Yes,June,Low
Andhra Pradesh,Krishna,266.8,5.88,55.5,63.7,30.3,87.3,18.7,1.83,Poor,Agricultural,50,Yes,June,High
Andhra Pradesh,Krishna,224.4,5.27,39.6,74.3,31.3,79.8,8.8,0.1,Poor,Agricultural,556,Yes,June,High
Andhra Pradesh,Guntur,188.8,5.38,56.8,59.6,30.5,79.4,52.5,1.6,Poor,Agricultural,447,No,June,Medium
Andhra Pradesh,East Godavari,159.1,4.31,61.5,43.8,30.9,85.6,13.0,2.42,Moderate,Urban,3174,No,June,Medium
Andhra Pradesh,Guntur,282.7,6.29,63.5,98.0,31.9,100.0,15.3,2.4,Good,Wetland,716,No,June,High
Andhra Pradesh,East Godavari,153.8,4.44,42.4,60.9,30.4,79.3,47.3,2.67,Good,Agricultural,417,No,June,Low
Andhra Pradesh,Krishna,270.5,6.18,52.1,79.9,28.7,98.4,52.9,1.11,Good,Agricultural,1122,Yes,June,High
Andhra Pradesh,East Godavari,145.8,4.56,44.2,52.0,30.0,84.4,42.9,2.67,Poor,Agricultural,764,No,June,Medium
Andhra Pradesh,Guntur,58.1,3.23,51.8,55.9,30.7,93.4,11.6,0.45,Poor,Forest,190,Yes,June,Medium
Andhra Pradesh,East Godavari,154.1,5.05,57.6,66.0,29.7,90.8,42.3,2.17,Moderate,Agricultural,50,No,June,Medium
Andhra Pradesh,Krishna,320.2,6.45,47.4,56.7,30.8,85.4,71.6,0.1,Moderate,Urban,10150,Yes,June,Extreme
Andhra Pradesh,Guntur,60.3,3.62,40.1,61.3,32.1,100.0,57.9,0.67,Good,Forest,168,No,June,Low
Andhra Pradesh,Krishna,120.2,4.27,42.4,59.4,27.1,83.8,58.0,2.44,Moderate,Agricultural,50,No,June,Low
Andhra Pradesh,East Godavari,267.8,5.76,62.7,76.9,30.7,89.1,15.1,2.39,Poor,Agricultural,811,Yes,June,High
Andhra Pradesh,Krishna,208.9,4.84,59.1,43.2,28.7,82.9,35.5,3.09,Moderate,Urban,11066,No,June,Medium
Andhra Pradesh,Krishna,412.6,8.04,57.2,55.5,27.6,89.7,10.8,0.7,Poor,Urban,9095,Yes,June,Extreme
Andhra Pradesh,East Godavari,348.6,6.69,52.7,98.0,32.3,94.8,79.5,4.81,Moderate,Wetland,166,No,June,High
Andhra Pradesh,Krishna,261.9,6.04,55.7,90.0,32.8,96.6,7.9,3.33,Moderate,Wetland,716,No,June,High
Andhra Pradesh,Krishna,330.5,6.73,65.6,74.3,26.7,87.2,31.6,1.48,Moderate,Agricultural,594,Yes,July,Extreme
Andhra Pradesh,Krishna,270.0,5.77,62.2,79.2,29.6,88.3,20.8,0.39,Moderate,Agricultural,600,Yes,July,High
Andhra Pradesh,East Godavari,96.8,4.45,84.9,53.5,27.8,91.3,41.2,0.1,Good,Agricultural,1106,Yes,July,Medium
Andhra Pradesh,Guntur,242.1,6.14,63.8,98.0,30.1,85.6,16.0,0.29,Good,Wetland,385,No,July,High
Andhra Pradesh,East Godavari,344.4,6.51,69.8,93.2,26.9,98.0,68.2,0.81,Good,Wetland,652,No,July,Extreme
Andhra Pradesh,Guntur,278.1,6.23,71.1,74.5,29.3,82.0,49.1,2.48,Moderate,Agricultural,776,Yes,July,Extreme
Andhra Pradesh,East Godavari,307.2,6.29,56.8,78.4,29.3,88.3,35.7,3.72,Moderate,Agricultural,1260,No,July,High
Andhra Pradesh,Krishna,242.5,6.0,68.0,52.8,26.3,85.8,25.7,4.14,Moderate,Urban,13398,No,July,High
Andhra Pradesh,Guntur,130.9,4.35,60.3,63.0,29.3,77.5,15.6,3.77,Moderate,Agricultural,744,Yes,July,Medium
Andhra Pradesh,East Godavari,224.0,5.68,46.8,96.2,28.2,92.2,72.3,2.72,Good,Wetland,478,No,July,High
Andhra Pradesh,East Godavari,247.6,5.74,57.0,53.7,28.1,90.5,21.4,1.74,Moderate,Urban,6703,Yes,July,High
Andhra Pradesh,Guntur,187.7,5.54,74.1,88.4,27.6,98.5,79.5,0.56,Moderate,Wetland,627,No,July,High
Andhra Pradesh,Krishna,170.4,5.28,67.3,74.6,29.5,96.7,10.0,1.29,Good,Forest,61,No,July,Medium
Andhra Pradesh,Krishna,219.2,5.35,99.9,43.6,27.4,91.6,18.3,0.1,Moderate,Urban,10938,No,July,High
Andhra Pradesh,Krishna,211.7,5.12,67.9,71.8,26.6,94.1,8.1,1.59,Good,Forest,213,No,July,Medium
Andhra Pradesh,East Godavari,288.1,5.82,66.4,58.1,29.1,93.7,56.6,2.86,Moderate,Urban,10361,No,July,High
Andhra Pradesh,Krishna,301.9,6.36,69.7,49.7,28.5,77.6,30.6,1.83,Good,Urban,5205,Yes,July,High
Andhra Pradesh,East Godavari,339.4,7.13,66.2,98.0,28.0,100.0,26.0,3.87,Poor,Wetland,716,Yes,July,Extreme
Andhra Pradesh,Krishna,321.1,6.88,67.1,88.0,27.8,96.8,72.9,3.13,Good,Forest,266,Yes,July,Extreme
Andhra Pradesh,Krishna,271.0,6.06,68.4,78.8,26.3,88.6,65.2,2.09,Poor,Agricultural,1282,Yes,July,Extreme
Andhra Pradesh,Krishna,148.5,3.86,69.9,38.0,29.2,80.2,76.6,4.15,Moderate,Urban,8008,Yes,July,Medium
Andhra Pradesh,Krishna,159.3,4.82,66.1,41.2,24.0,73.6,61.9,1.52,Moderate,Urban,7859,No,July,Medium
Andhra Pradesh,Krishna,170.3,4.16,83.6,49.9,28.2,78.9,43.5,3.62,Moderate,Agricultural,1153,Yes,August,Medium
Andhra Pradesh,Krishna,52.1,3.73,80.6,39.8,25.4,79.5,77.8,3.87,Poor,Urban,537,No,August,Low
Andhra Pradesh,East Godavari,92.9,3.97,63.3,61.1,25.8,80.5,57.1,1.95,Poor,Agricultural,622,No,August,Low
Andhra Pradesh,East Godavari,274.3,5.62,84.3,52.8,28.1,93.3,78.2,0.85,Poor,Urban,11269,No,August,High
Andhra Pradesh,East Godavari,172.5,4.88,76.8,48.0,27.7,95.7,5.3,5.28,Poor,Urban,9331,Yes,August,Medium
Andhra Pradesh,East Godavari,404.3,7.17,72.9,87.4,28.0,94.0,11.8,0.1,Moderate,Agricultural,490,No,August,Extreme
Andhra Pradesh,Krishna,250.3,5.98,79.3,98.0,28.0,92.7,58.3,0.79,Poor,Wetland,50,Yes,August,Extreme
Andhra Pradesh,Krishna,90.9,4.11,88.4,83.0,26.6,99.3,57.3,2.23,Moderate,Wetland,724,No,August,Medium
Andhra Pradesh,Guntur,300.0,5.76,79.7,55.1,28.5,87.0,30.5,3.65,Moderate,Urban,11032,No,August,High
Andhra Pradesh,Guntur,205.4,5.17,62.7,62.4,30.3,88.1,30.5,3.69,Moderate,Agricultural,811,Yes,August,High
Andhra Pradesh,East Godavari,155.2,4.49,68.9,43.9,29.3,86.5,31.2,0.2,Poor,Urban,9460,Yes,August,Medium
Andhra Pradesh,Krishna,286.9,5.8,61.2,79.9,27.6,100.0,5.1,0.1,Good,Forest,86,No,August,High
Andhra Pradesh,East Godavari,250.7,5.84,66.8,65.6,25.9,100.0,64.8,2.1,Good,Forest,164,Yes,August,High
Andhra Pradesh,East Godavari,126.5,4.36,78.1,88.9,28.4,92.4,64.4,3.26,Poor,Wetland,327,No,August,Medium
Andhra Pradesh,Krishna,100.3,4.08,75.8,41.2,30.1,86.3,15.0,0.49,Good,Urban,6345,No,August,Low
Andhra Pradesh,East Godavari,179.5,5.24,68.0,58.4,27.1,92.5,35.6,2.2,Good,Agricultural,900,Yes,August,High
Andhra Pradesh,Krishna,65.6,3.7,84.7,43.1,29.3,87.1,70.9,0.98,Poor,Urban,9572,No,August,Low
Andhra Pradesh,Krishna,299.1,6.46,75.2,48.9,27.8,90.2,68.2,1.53,Good,Urban,6732,No,August,High
Andhra Pradesh,East Godavari,232.6,6.11,67.4,67.9,29.4,88.6,61.3,4.35,Moderate,Agricultural,984,No,August,High
Andhra Pradesh,Guntur,292.0,5.83,71.0,98.0,27.1,100.0,30.5,0.1,Poor,Wetland,523,Yes,August,Extreme
Andhra Pradesh,East Godavari,239.7,6.23,62.5,48.3,29.0,88.1,31.6,1.77,Good,Urban,9195,No,August,High
Andhra Pradesh,Krishna,335.6,6.66,71.4,98.0,27.1,100.0,57.5,3.17,Good,Wetland,543,No,August,High
Andhra Pradesh,East Godavari,366.9,7.12,100.0,71.2,26.8,94.0,51.1,1.4,Moderate,Agricultural,389,No,September,Extreme
Andhra Pradesh,Guntur,218.9,5.29,71.3,94.9,26.8,92.0,17.4,0.1,Moderate,Wetland,106,No,September,High
Andhra Pradesh,Guntur,139.2,4.29,73.1,84.5,26.3,95.1,48.6,2.74,Poor,Wetland,298,Yes,September,High
Andhra Pradesh,Guntur,147.1,5.03,96.8,56.4,29.5,86.1,39.9,0.1,Good,Agricultural,701,No,September,Medium
Andhra Pradesh,Guntur,267.5,6.46,90.2,60.1,27.1,93.7,34.7,1.0,Poor,Urban,9109,Yes,September,Extreme
Andhra Pradesh,Guntur,254.4,6.65,84.1,68.2,26.0,80.2,20.4,1.79,Moderate,Agricultural,377,Yes,September,Extreme
Andhra Pradesh,Krishna,360.6,7.01,73.5,62.8,25.2,87.2,62.9,0.77,Good,Urban,5476,No,September,Extreme
Andhra Pradesh,Guntur,169.4,5.21,68.5,82.5,23.4,100.0,7.5,0.39,Good,Forest,45,No,September,Medium
Andhra Pradesh,Guntur,174.2,4.38,76.0,58.0,25.3,86.4,48.4,2.93,Moderate,Agricultural,409,Yes,September,Medium
Andhra Pradesh,East Godavari,210.6,5.37,79.6,93.3,25.8,95.8,41.4,3.11,Moderate,Wetland,538,No,September,High
Andhra Pradesh,East Godavari,197.9,5.05,82.9,73.3,25.9,88.8,78.6,0.84,Moderate,Agricultural,701,Yes,September,High
Andhra Pradesh,Guntur,106.6,4.29,90.0,85.5,25.9,93.1,28.9,3.97,Good,Wetland,391,No,September,Medium
Andhra Pradesh,Guntur,221.5,5.5,88.7,76.0,24.7,89.4,40.6,4.97,Good,Forest,126,No,September,Medium
Andhra Pradesh,East Godavari,374.2,7.59,96.1,88.6,24.9,97.6,73.8,0.36,Moderate,Forest,226,No,September,Extreme
Andhra Pradesh,Krishna,268.2,6.17,77.2,81.4,27.3,93.7,50.1,3.06,Moderate,Agricultural,699,Yes,September,High
Andhra Pradesh,Krishna,239.2,5.55,76.1,81.6,29.3,85.5,26.2,0.1,Good,Agricultural,990,No,September,High
Andhra Pradesh,Guntur,314.1,6.76,89.6,80.0,28.8,91.1,6.7,2.49,Good,Agricultural,335,Yes,September,Extreme
Andhra Pradesh,East Godavari,374.8,7.31,79.2,63.0,25.2,92.9,40.3,0.38,Poor,Urban,3430,Yes,September,Extreme
Andhra Pradesh,East Godavari,261.0,6.29,99.0,51.8,28.0,89.9,28.6,1.73,Poor,Urban,3992,No,September,High
Andhra Pradesh,East Godavari,134.8,4.84,95.6,61.0,28.1,82.6,36.3,3.06,Moderate,Agricultural,1079,No,September,Medium
Andhra Pradesh,Guntur,435.5,7.85,87.9,84.1,26.4,100.0,16.5,1.63,Moderate,Forest,68,No,September,Extreme
Andhra Pradesh,East Godavari,423.0,7.25,86.4,55.6,26.9,97.8,23.2,1.76,Poor,Urban,5608,Yes,September,Extreme
Andhra Pradesh,Guntur,56.2,3.0,48.9,56.7,25.2,59.4,44.3,0.41,Poor,Agricultural,316,Yes,October,Medium
Andhra Pradesh,Guntur,17.2,2.76,52.3,81.5,27.7,64.4,38.1,0.4,Moderate,Wetland,433,No,October,Low
Andhra Pradesh,Guntur,53.4,2.76,43.7,62.8,25.7,65.1,79.8,1.51,Good,Forest,244,No,October,Low
Andhra Pradesh,East Godavari,27.2,2.0,39.1,35.1,26.5,56.8,49.3,3.06,Poor,Urban,18224,No,October,Low
Andhra Pradesh,Krishna,58.3,2.98,53.0,22.1,23.9,60.6,42.5,2.58,Good,Urban,10692,No,October,Low
Andhra Pradesh,Krishna,64.1,2.99,46.6,54.9,23.6,69.9,14.9,3.17,Poor,Agricultural,690,Yes,October,Medium
Andhra Pradesh,East Godavari,4.1,2.83,40.2,85.2,26.1,66.8,62.8,0.1,Moderate,Wetland,377,No,October,Low
Andhra Pradesh,Guntur,33.4,3.12,25.0,77.7,21.4,66.5,68.5,3.58,Moderate,Wetland,486,No,October,Low
Andhra Pradesh,Guntur,69.4,3.43,48.5,59.0,25.8,65.8,44.0,4.09,Moderate,Agricultural,1071,Yes,October,Low
Andhra Pradesh,East Godavari,31.6,2.44,31.7,50.6,25.1,62.2,62.8,4.95,Moderate,Agricultural,1092,No,October,Low
Andhra Pradesh,East Godavari,23.0,2.81,43.4,50.1,25.4,60.2,48.4,2.79,Poor,Agricultural,687,No,October,Low
Andhra Pradesh,Krishna,10.0,2.63,52.9,29.7,27.0,55.5,61.9,1.39,Good,Urban,5406,Yes,October,Low
Andhra Pradesh,Krishna,30.8,2.99,36.6,52.1,27.5,48.7,8.4,1.29,Good,Agricultural,901,Yes,October,Low
Andhra Pradesh,Guntur,47.0,3.39,32.2,59.4,25.6,57.0,55.6,2.89,Good,Agricultural,237,No,October,Low
Andhra Pradesh,Guntur,32.3,2.74,53.9,31.6,23.5,49.1,72.4,1.63,Moderate,Urban,6964,No,October,Low
Andhra Pradesh,Guntur,30.7,2.61,41.5,24.9,25.3,63.0,17.9,0.1,Poor,Urban,9340,No,October,Low
Andhra Pradesh,Guntur,35.4,3.04,31.8,45.0,26.0,61.8,66.3,2.57,Moderate,Agricultural,720,Yes,October,Low
Andhra Pradesh,Krishna,94.8,3.48,28.4,42.7,21.8,50.3,46.6,0.53,Moderate,Urban,6372,Yes,October,Medium
Andhra Pradesh,East Godavari,26.8,3.37,44.6,23.0,23.5,50.5,6.4,2.38,Good,Urban,4499,No,October,Low
Andhra Pradesh,Krishna,51.7,3.08,49.9,71.8,24.4,65.6,6.6,2.91,Poor,Wetland,50,No,October,Low
Andhra Pradesh,Guntur,61.0,3.52,30.3,82.2,26.8,63.2,41.7,2.46,Good,Wetland,597,No,October,Low
Andhra Pradesh,East Godavari,20.3,2.82,41.3,79.1,24.2,70.0,77.0,0.53,Good,Wetland,644,Yes,October,Medium
Andhra Pradesh,East Godavari,29.0,3.18,42.4,66.4,20.1,69.8,46.1,2.98,Poor,Wetland,599,No,November,Low
Andhra Pradesh,East Godavari,37.8,2.79,51.8,77.4,24.4,62.8,44.5,2.61,Poor,Wetland,703,Yes,November,Medium
Andhra Pradesh,Krishna,63.6,2.71,37.8,62.8,21.8,67.7,74.3,0.1,Moderate,Forest,224,No,November,Low
Andhra Pradesh,Guntur,39.0,2.82,39.8,76.7,21.7,66.3,15.6,4.28,Poor,Wetland,319,No,November,Low
Andhra Pradesh,East Godavari,28.4,2.9,54.6,72.5,19.6,60.5,64.2,3.31,Moderate,Wetland,342,Yes,November,Medium
Andhra Pradesh,Krishna,94.0,3.47,37.0,82.5,20.3,66.2,22.3,2.39,Poor,Wetland,252,No,November,Medium
Andhra Pradesh,Guntur,25.8,3.18,43.4,78.8,22.7,68.9,22.8,4.11,Good,Wetland,562,No,November,Low
Andhra Pradesh,Krishna,61.4,3.4,61.9,74.0,21.8,73.3,70.2,4.24,Poor,Wetland,229,Yes,November,Medium
Andhra Pradesh,East Godavari,106.9,3.97,57.5,64.7,22.9,64.9,7.9,1.46,Moderate,Forest,95,Yes,November,Medium
Andhra Pradesh,Guntur,26.0,2.49,39.9,56.1,22.7,69.1,59.5,0.1,Good,Forest,159,Yes,November,Low
Andhra Pradesh,East Godavari,43.6,3.01,54.7,29.8,20.2,56.0,45.9,3.88,Poor,Urban,9733,No,November,Low
Andhra Pradesh,East Godavari,50.1,3.27,34.3,72.3,22.8,68.3,39.1,1.51,Moderate,Wetland,576,No,November,Low
Andhra Pradesh,East Godavari,48.6,3.28,27.4,51.9,23.4,57.7,36.0,0.1,Moderate,Agricultural,813,Yes,November,Medium
Andhra Pradesh,Guntur,32.2,3.19,25.6,51.0,23.0,46.3,6.2,2.67,Poor,Agricultural,607,No,November,Low
Andhra Pradesh,East Godavari,56.7,3.23,35.1,60.2,19.9,54.4,60.2,4.45,Poor,Agricultural,462,No,November,Low
Andhra Pradesh,Guntur,53.7,2.87,40.2,59.2,21.0,59.0,32.9,2.58,Good,Agricultural,946,No,November,Low
Andhra Pradesh,Krishna,44.6,3.24,52.6,52.4,22.8,62.2,73.1,3.67,Good,Agricultural,1015,Yes,November,Low
Andhra Pradesh,Guntur,45.2,3.25,52.7,49.8,24.2,56.6,47.3,4.43,Moderate,Agricultural,1038,No,November,Low
Andhra Pradesh,Krishna,74.5,2.88,40.1,34.4,25.6,65.6,16.3,2.54,Poor,Urban,10546,No,November,Low
Andhra Pradesh,Guntur,66.3,2.97,50.3,61.2,21.0,58.0,30.8,1.22,Moderate,Agricultural,860,No,November,Low
Andhra Pradesh,East Godavari,55.2,3.41,73.6,82.1,22.6,65.0,75.8,0.89,Poor,Wetland,443,No,November,Medium
Andhra Pradesh,Guntur,43.3,2.76,58.4,37.3,19.8,60.0,64.3,1.74,Poor,Urban,15357,No,November,Low
Andhra Pradesh,East Godavari,82.4,3.3,47.6,33.9,17.0,66.1,43.9,2.06,Good,Urban,9943,Yes,December,Medium
Andhra Pradesh,Krishna,43.4,2.95,56.9,40.9,16.3,49.8,50.6,0.65,Moderate,Urban,10121,No,December,Low
Andhra Pradesh,Guntur,83.2,3.4,33.0,39.9,17.0,56.1,36.4,1.47,Moderate,Urban,7000,No,December,Low
Andhra Pradesh,East Godavari,57.2,3.28,56.1,72.3,18.6,64.8,32.2,2.18,Moderate,Wetland,474,Yes,December,Medium
Andhra Pradesh,Guntur,72.6,3.34,30.1,33.2,15.9,63.4,30.1,3.14,Good,Urban,10050,No,December,Low
Andhra Pradesh,Guntur,46.8,3.11,47.5,62.6,17.4,47.5,74.5,0.1,Moderate,Agricultural,539,No,December,Low
Andhra Pradesh,Guntur,32.1,3.04,37.9,59.3,17.6,51.0,63.9,3.3,Moderate,Agricultural,489,No,December,Low
Andhra Pradesh,Krishna,56.1,2.73,50.0,46.3,17.3,56.5,18.5,0.1,Good,Agricultural,837,No,December,Low
Andhra Pradesh,Krishna,84.7,3.76,52.6,42.8,18.0,59.0,73.9,4.37,Moderate,Urban,12768,No,December,Low
Andhra Pradesh,Krishna,22.7,2.71,68.5,83.3,17.3,66.9,15.1,0.12,Good,Wetland,555,Yes,December,Medium
Andhra Pradesh,East Godavari,65.7,2.82,46.3,92.2,17.2,64.6,60.8,0.1,Moderate,Wetland,297,Yes,December,Medium
Andhra Pradesh,Krishna,32.5,2.26,27.5,31.4,17.5,47.7,51.3,3.21,Poor,Urban,10018,No,December,Low
Andhra Pradesh,Krishna,55.2,3.24,27.9,24.0,17.8,50.4,15.8,0.92,Moderate,Urban,5008,No,December,Low
Andhra Pradesh,Krishna,0.0,2.95,16.4,48.2,16.7,63.3,65.3,2.05,Moderate,Agricultural,238,No,December,Low
Andhra Pradesh,Krishna,95.1,3.69,52.9,51.1,13.9,55.1,67.4,2.29,Poor,Agricultural,394,No,December,Low
Andhra Pradesh,East Godavari,8.3,2.64,40.6,68.1,16.7,63.8,74.4,2.22,Good,Wetland,440,Yes,December,Low
Andhra Pradesh,Krishna,91.5,3.43,47.7,48.4,19.4,51.9,30.2,3.32,Poor,Urban,7213,Yes,December,Medium
Andhra Pradesh,East Godavari,0.0,2.67,35.8,52.8,16.7,72.6,66.3,0.1,Good,Forest,291,No,December,Low
Andhra Pradesh,Krishna,33.6,2.76,50.9,37.6,18.4,53.1,35.2,0.1,Poor,Urban,9861,No,December,Low
Andhra Pradesh,East Godavari,52.9,3.17,52.7,85.5,17.3,66.8,67.8,2.45,Poor,Wetland,535,Yes,December,Medium
Andhra Pradesh,East Godavari,31.5,3.54,51.4,59.4,18.5,64.0,58.0,2.71,Moderate,Forest,80,No,December,Low
Andhra Pradesh,East Godavari,17.5,2.8,26.4,33.2,15.2,62.2,74.0,0.3,Good,Urban,7788,Yes,December,Low
Tamil Nadu,Thanjavur,26.4,2.94,44.6,38.7,18.1,59.4,69.6,3.73,Poor,Urban,5812,Yes,January,Low
Tamil Nadu,Cuddalore,39.0,2.87,43.8,57.3,20.1,52.7,58.6,2.2,Poor,Agricultural,427,No,January,Low
Tamil Nadu,Chennai,71.0,3.46,47.2,27.4,18.8,62.1,47.3,3.06,Moderate,Urban,10592,Yes,January,Low
Tamil Nadu,Thanjavur,29.6,2.49,44.4,87.6,17.4,72.7,13.4,1.93,Poor,Wetland,655,Yes,January,Medium
Tamil Nadu,Chennai,0.0,2.22,37.9,32.8,16.5,55.2,60.2,2.5,Good,Urban,11614,Yes,January,Low
Tamil Nadu,Thanjavur,52.3,3.69,25.3,58.8,17.0,50.1,45.1,2.15,Moderate,Agricultural,732,Yes,January,Medium
Tamil Nadu,Thanjavur,104.6,3.74,53.4,41.0,20.5,52.5,34.3,3.33,Poor,Urban,8396,No,January,Low
Tamil Nadu,Thanjavur,4.2,2.23,29.9,26.2,17.4,52.0,15.1,1.7,Poor,Urban,14540,No,January,Low
Tamil Nadu,Cuddalore,74.9,3.08,49.2,57.1,15.4,62.2,69.3,1.76,Poor,Agricultural,990,No,January,Low
Tamil Nadu,Cuddalore,93.6,3.12,56.4,41.4,19.5,63.5,38.0,2.11,Poor,Urban,12415,Yes,January,Medium
Tamil Nadu,Chennai,46.9,2.8,37.5,73.7,18.7,73.5,5.7,2.89,Poor,Wetland,545,No,January,Low
Tamil Nadu,Thanjavur,38.3,3.28,57.5,52.0,17.9,64.7,67.7,2.73,Poor,Agricultural,649,No,January,Low
Tamil Nadu,Cuddalore,55.7,3.03,36.9,77.3,16.5,61.7,45.5,0.1,Poor,Wetland,223,No,January,Low
Tamil Nadu,Thanjavur,13.9,3.39,58.6,46.0,14.8,61.1,17.4,3.82,Good,Agricultural,349,Yes,January,Low
Tamil Nadu,Thanjavur,34.8,3.42,51.7,80.8,17.6,56.5,98.9,0.1,Moderate,Wetland,279,No,January,Low
Tamil Nadu,Chennai,41.1,2.83,53.6,49.8,18.8,47.6,56.2,1.42,Good,Agricultural,589,Yes,January,Low
Tamil Nadu,Thanjavur,53.3,3.26,45.7,77.7,17.5,71.5,93.8,1.1,Moderate,Wetland,605,No,January,Low
Tamil Nadu,Chennai,60.1,3.29,61.5,61.1,16.7,60.4,23.3,2.43,Moderate,Agricultural,991,Yes,January,Medium
Tamil Nadu,Chennai,17.8,2.53,43.8,50.7,21.9,54.0,79.5,1.36,Good,Agricultural,952,Yes,January,Low
Tamil Nadu,Chennai,84.0,3.21,45.0,67.0,17.0,76.7,19.7,2.18,Good,Forest,89,Yes,January,Medium
Tamil Nadu,Cuddalore,28.0,3.03,52.3,34.3,16.4,53.0,18.5,2.56,Poor,Urban,3605,No,January,Low
Tamil Nadu,Cuddalore,43.8,2.56,56.4,79.5,16.2,71.6,17.2,0.1,Poor,Wetland,281,No,January,Low
Tamil Nadu,Chennai,85.1,3.18,46.9,56.0,21.3,68.1,26.4,2.54,Moderate,Agricultural,1044,No,February,Low
Tamil Nadu,Cuddalore,40.1,3.44,52.8,29.3,21.3,63.3,57.0,1.52,Poor,Urban,8069,No,February,Low
Tamil Nadu,Chennai,38.8,3.04,37.0,28.8,20.1,51.4,12.3,2.74,Poor,Urban,7195,No,February,Low
Tamil Nadu,Chennai,46.3,3.27,37.3,53.6,20.0,51.6,45.0,5.08,Good,Agricultural,778,No,February,Low
Tamil Nadu,Chennai,47.3,3.27,50.6,56.0,18.9,58.9,95.6,3.3,Moderate,Agricultural,303,Yes,February,Low
Tamil Nadu,Chennai,27.0,2.49,41.0,34.8,21.8,53.1,71.3,2.17,Poor,Urban,6765,No,February,Low
Tamil Nadu,Chennai,32.8,2.68,43.0,71.7,15.6,62.2,14.1,0.1,Moderate,Wetland,50,No,February,Low
Tamil Nadu,Chennai,78.8,3.23,49.2,70.0,19.1,72.7,53.0,0.36,Moderate,Forest,85,Yes,February,Medium
Tamil Nadu,Cuddalore,31.9,2.98,52.6,62.3,20.2,58.3,44.9,2.87,Moderate,Agricultural,686,Yes,February,Medium
Tamil Nadu,Cuddalore,25.7,2.82,38.1,33.0,21.6,58.1,71.6,2.66,Good,Urban,4591,No,February,Low
Tamil Nadu,Cuddalore,74.2,3.17,31.0,71.7,19.2,65.7,99.3,3.28,Poor,Wetland,136,Yes,February,Medium
Tamil Nadu,Thanjavur,48.3,2.96,40.2,57.0,20.4,55.4,92.8,2.08,Moderate,Agricultural,729,No,February,Low
Tamil Nadu,Cuddalore,52.2,2.6,17.9,50.8,20.1,60.6,6.2,1.68,Moderate,Agricultural,150,Yes,February,Medium
Tamil Nadu,Cuddalore,53.6,3.24,32.8,74.4,23.5,68.8,14.7,0.91,Moderate,Wetland,508,No,February,Low
Tamil Nadu,Cuddalore,14.8,2.87,27.2,59.8,19.6,59.8,64.8,1.68,Good,Agricultural,520,Yes,February,Low
Tamil Nadu,Thanjavur,47.4,3.08,48.7,37.5,19.1,58.7,38.0,0.1,Moderate,Urban,10004,Yes,February,Low
Tamil Nadu,Cuddalore,24.8,2.44,48.8,49.6,20.0,49.7,47.7,0.1,Moderate,Agricultural,616,No,February,Low
Tamil Nadu,Chennai,14.8,2.72,44.4,35.8,19.4,58.4,29.9,2.38,Poor,Urban,5449,Yes,February,Low
Tamil Nadu,Thanjavur,60.4,3.66,37.7,40.5,22.5,62.0,11.6,1.0,Good,Urban,11544,No,February,Low
Tamil Nadu,Cuddalore,40.5,3.12,54.0,62.9,22.3,70.0,26.9,1.57,Moderate,Forest,244,No,February,Low
Tamil Nadu,Cuddalore,74.8,3.78,27.7,33.9,19.1,57.3,29.9,2.28,Poor,Urban,2948,Yes,February,Medium
Tamil Nadu,Cuddalore,11.5,2.26,33.8,50.7,19.2,66.1,53.3,0.1,Good,Agricultural,889,No,February,Low
Tamil Nadu,Cuddalore,32.9,2.7,30.8,57.0,28.0,56.1,76.3,2.42,Moderate,Agricultural,1098,No,March,Low
Tamil Nadu,Chennai,0.0,2.84,40.6,67.4,25.0,66.3,93.9,0.81,Moderate,Wetland,528,No,March,Low
Tamil Nadu,Cuddalore,58.3,2.88,40.9,64.1,27.4,47.5,65.4,1.57,Poor,Agricultural,763,No,March,Low
Tamil Nadu,Cuddalore,22.5,2.8,48.5,45.0,28.6,53.5,35.3,3.47,Poor,Agricultural,1357,No,March,Low
Tamil Nadu,Cuddalore,32.6,2.65,21.9,73.7,25.5,61.1,38.7,1.33,Poor,Wetland,615,No,March,Low
Tamil Nadu,Chennai,0.0,2.64,28.5,65.8,29.6,78.3,77.2,0.72,Poor,Wetland,50,Yes,March,Medium
Tamil Nadu,Thanjavur,43.5,2.96,55.4,20.5,24.6,55.2,98.2,4.19,Good,Urban,6459,No,March,Low
Tamil Nadu,Cuddalore,20.0,2.78,43.7,46.8,26.7,54.8,26.4,0.1,Poor,Agricultural,644,No,March,Low
Tamil Nadu,Chennai,18.3,2.79,26.7,65.3,26.7,71.0,35.4,0.32,Good,Wetland,50,Yes,March,Medium
Tamil Nadu,Thanjavur,29.7,3.02,44.6,67.4,27.6,50.8,9.1,1.75,Moderate,Wetland,649,Yes,March,Medium
Tamil Nadu,Cuddalore,58.3,3.0,52.7,53.2,29.8,61.8,59.8,0.4,Poor,Agricultural,1032,No,March,Low
Tamil Nadu,Thanjavur,18.2,2.84,36.6,28.6,25.4,60.7,64.4,5.17,Moderate,Urban,10991,Yes,March,Low
Tamil Nadu,Chennai,18.0,2.65,59.3,30.3,25.1,55.3,90.3,0.56,Good,Urban,13089,Yes,March,Low
Tamil Nadu,Cuddalore,0.0,2.68,38.4,64.2,27.3,52.8,39.3,3.19,Moderate,Agricultural,680,Yes,March,Low
Tamil Nadu,Cuddalore,34.0,3.0,46.8,49.3,29.7,57.8,32.8,1.35,Moderate,Urban,5862,No,March,Low
Tamil Nadu,Cuddalore,48.5,2.89,39.5,37.3,26.1,53.2,88.1,4.0,Good,Urban,12460,No,March,Low
Tamil Nadu,Chennai,61.2,4.03,60.6,41.8,25.9,60.2,39.0,0.8,Moderate,Urban,13494,Yes,March,Medium
Tamil Nadu,Chennai,114.4,3.78,61.5,73.7,29.2,60.9,37.3,1.87,Moderate,Forest,151,Yes,March,Medium
Tamil Nadu,Cuddalore,28.7,2.89,37.1,79.3,27.1,71.7,77.0,3.48,Good,Wetland,512,No,March,Low
Tamil Nadu,Thanjavur,28.6,2.77,53.6,60.4,28.9,47.6,60.5,1.72,Good,Agricultural,932,No,March,Low
Tamil Nadu,Cuddalore,33.0,2.51,46.0,76.8,27.4,66.8,45.9,4.8,Good,Wetland,617,No,March,Low
Tamil Nadu,Cuddalore,39.5,2.75,56.2,55.9,27.3,53.8,24.5,3.9,Moderate,Agricultural,637,No,March,Low
Tamil Nadu,Chennai,41.5,3.19,57.7,59.4,31.7,45.9,57.2,0.1,Moderate,Agricultural,1085,No,April,Low
Tamil Nadu,Cuddalore,46.3,2.22,51.5,79.5,31.4,65.2,40.0,0.43,Good,Wetland,375,Yes,April,Medium
Tamil Nadu,Chennai,56.6,3.04,40.6,64.7,32.8,66.3,51.6,0.55,Good,Forest,195,Yes,April,Medium
Tamil Nadu,Cuddalore,39.3,3.21,36.5,51.8,30.4,53.9,66.1,0.1,Moderate,Agricultural,882,No,April,Low
Tamil Nadu,Thanjavur,15.2,2.82,25.9,49.5,29.8,45.8,30.0,2.11,Moderate,Agricultural,914,No,April,Low
Tamil Nadu,Cuddalore,44.3,2.62,43.7,56.0,30.3,52.7,53.6,2.23,Moderate,Agricultural,502,No,April,Low
Tamil Nadu,Chennai,85.1,3.88,45.4,31.2,28.5,61.6,81.0,0.4,Moderate,Urban,5149,No,April,Low
Tamil Nadu,Chennai,28.8,3.2,41.8,62.0,34.2,70.0,40.4,2.51,Moderate,Forest,89,No,April,Low
Tamil Nadu,Chennai,25.7,3.62,22.4,47.8,30.3,56.7,68.8,2.52,Poor,Agricultural,929,Yes,April,Medium
Tamil Nadu,Chennai,43.2,2.56,34.8,47.2,32.8,53.4,39.4,1.98,Moderate,Agricultural,404,No,April,Low
Tamil Nadu,Thanjavur,36.0,2.98,37.5,84.7,31.4,72.6,53.9,2.71,Poor,Wetland,374,No,April,Low
Tamil Nadu,Chennai,51.8,3.63,45.0,70.8,32.3,60.0,53.4,1.18,Good,Wetland,687,No,April,Low
Tamil Nadu,Thanjavur,16.4,2.52,34.2,71.5,33.8,58.3,89.9,1.74,Poor,Wetland,272,No,April,Low
Tamil Nadu,Cuddalore,43.0,2.81,70.1,65.5,31.9,58.2,67.5,1.37,Poor,Agricultural,854,Yes,April,Medium
Tamil Nadu,Thanjavur,33.2,3.42,46.1,78.3,34.4,54.1,66.4,0.25,Poor,Wetland,496,Yes,April,Medium
Tamil Nadu,Thanjavur,0.0,2.52,68.0,25.9,33.4,52.6,62.8,3.52,Poor,Urban,9436,Yes,April,Low
Tamil Nadu,Chennai,63.6,3.14,53.9,50.4,32.2,57.6,49.3,4.36,Poor,Agricultural,319,Yes,April,Medium
Tamil Nadu,Thanjavur,1.9,2.17,51.6,34.5,33.0,60.0,7.9,0.1,Poor,Urban,9458,No,April,Low
Tamil Nadu,Thanjavur,43.2,3.26,43.8,34.6,33.0,46.0,32.3,1.74,Moderate,Urban,1781,Yes,April,Low
Tamil Nadu,Thanjavur,26.9,2.69,39.1,29.4,32.3,57.9,47.4,1.78,Moderate,Urban,8790,No,April,Low
Tamil Nadu,Thanjavur,38.2,2.58,33.4,82.0,34.1,66.0,93.7,2.15,Poor,Wetland,656,Yes,April,Medium
Tamil Nadu,Thanjavur,31.1,2.68,38.4,56.7,30.7,61.7,48.2,2.59,Good,Forest,95,No,April,Low
Tamil Nadu,Thanjavur,0.0,2.34,56.3,65.7,35.5,58.4,88.3,2.29,Poor,Wetland,544,No,May,Low
Tamil Nadu,Cuddalore,52.2,3.38,48.4,60.7,34.5,67.1,69.4,2.43,Good,Forest,100,No,May,Low
Tamil Nadu,Thanjavur,17.4,2.54,31.2,80.6,34.6,69.6,40.9,0.1,Moderate,Wetland,255,No,May,Low
Tamil Nadu,Cuddalore,35.2,2.87,36.3,55.5,35.8,48.6,34.9,1.68,Poor,Agricultural,812,Yes,May,Medium
Tamil Nadu,Chennai,10.1,2.29,51.2,35.2,35.9,58.2,68.2,3.87,Poor,Urban,5721,No,May,Low
Tamil Nadu,Chennai,28.2,3.25,28.5,30.2,34.2,58.1,69.7,2.4,Poor,Urban,9036,No,May,Low
Tamil Nadu,Chennai,30.0,2.62,43.5,54.1,38.1,54.6,40.6,2.84,Good,Agricultural,195,Yes,May,Low
Tamil Nadu,Thanjavur,42.8,2.81,50.5,32.5,35.7,59.0,87.1,1.53,Poor,Urban,5693,Yes,May,Medium
Tamil Nadu,Thanjavur,22.8,3.21,47.3,51.8,31.9,44.0,92.3,4.35,Good,Agricultural,592,No,May,Low
Tamil Nadu,Thanjavur,41.0,2.84,52.6,56.1,35.6,52.1,40.0,2.54,Moderate,Agricultural,574,No,May,Low
Tamil Nadu,Cuddalore,40.1,2.84,56.0,47.0,31.9,46.8,15.3,4.68,Moderate,Agricultural,639,No,May,Low
Tamil Nadu,Cuddalore,49.1,2.92,45.9,60.0,35.5,53.8,14.7,0.1,Good,Agricultural,536,No,May,Low
Tamil Nadu,Chennai,53.4,3.09,23.2,64.2,34.2,65.7,79.5,0.1,Good,Forest,253,No,May,Low
Tamil Nadu,Thanjavur,70.9,3.58,41.9,59.1,37.2,58.9,74.1,2.7,Moderate,Agricultural,907,No,May,Low
Tamil Nadu,Cuddalore,63.1,2.81,32.6,35.0,34.6,61.4,7.3,2.82,Good,Urban,9941,No,May,Low
Tamil Nadu,Cuddalore,16.7,3.28,48.1,69.5,36.9,58.3,73.7,0.8,Moderate,Wetland,413,Yes,May,Medium
Tamil Nadu,Chennai,4.4,2.72,28.6,27.9,35.2,65.4,52.9,1.8,Moderate,Urban,7081,Yes,May,Low
Tamil Nadu,Thanjavur,39.8,2.94,41.2,74.3,33.0,59.7,10.3,3.03,Moderate,Wetland,454,Yes,May,Medium
Tamil Nadu,Cuddalore,21.5,2.57,58.8,61.3,36.2,65.5,36.9,2.57,Good,Forest,188,Yes,May,Low
Tamil Nadu,Thanjavur,89.5,3.54,48.2,87.1,30.9,66.3,80.5,3.7,Good,Wetland,661,No,May,Low
Tamil Nadu,Cuddalore,31.7,2.7,53.6,67.8,36.1,76.6,20.1,4.82,Good,Wetland,605,No,May,Low
Tamil Nadu,Cuddalore,51.5,3.08,36.1,76.6,35.8,56.7,77.2,1.54,Moderate,Wetland,298,No,May,Low
Tamil Nadu,Cuddalore,269.2,5.84,65.9,72.3,29.5,78.3,85.3,3.97,Poor,Agricultural,729,Yes,June,High
Tamil Nadu,Thanjavur,156.3,5.08,42.6,46.4,29.5,79.8,80.2,0.48,Poor,Urban,6683,No,June,Medium
Tamil Nadu,Chennai,323.2,6.44,46.8,98.0,30.8,97.6,22.9,3.45,Good,Wetland,50,Yes,June,Extreme
Tamil Nadu,Chennai,176.8,4.4,48.7,36.5,31.0,83.0,43.1,1.8,Poor,Urban,8295,No,June,Medium
Tamil Nadu,Cuddalore,282.1,6.23,56.8,88.6,30.2,100.0,18.5,3.69,Good,Forest,129,No,June,High
Tamil Nadu,Thanjavur,215.3,5.77,69.2,47.7,30.9,92.0,7.4,1.17,Poor,Urban,12657,No,June,High
Tamil Nadu,Thanjavur,300.7,6.2,70.3,74.8,30.0,93.2,93.5,2.24,Good,Agricultural,853,No,June,High
Tamil Nadu,Cuddalore,123.9,4.31,56.7,62.1,30.2,92.3,27.8,2.15,Moderate,Agricultural,888,Yes,June,Medium
Tamil Nadu,Cuddalore,156.7,4.79,65.7,93.6,32.6,97.6,59.9,3.07,Moderate,Wetland,1047,Yes,June,High
Tamil Nadu,Chennai,257.9,5.83,42.8,77.0,30.5,99.2,60.6,3.53,Good,Forest,15,No,June,Medium
Tamil Nadu,Thanjavur,332.4,7.11,82.3,98.0,29.1,91.4,81.1,1.6,Good,Wetland,229,No,June,Extreme
Tamil Nadu,Chennai,203.6,4.97,75.0,47.2,33.0,84.6,34.9,4.13,Moderate,Urban,6488,Yes,June,Medium
Tamil Nadu,Chennai,135.4,3.61,65.6,68.0,31.9,78.6,29.0,1.19,Poor,Agricultural,946,No,June,Medium
Tamil Nadu,Cuddalore,167.6,4.5,49.3,45.4,30.5,86.6,80.9,1.15,Poor,Urban,12861,No,June,Medium
Tamil Nadu,Chennai,272.2,6.43,62.3,79.8,30.0,100.0,33.2,0.1,Moderate,Forest,139,No,June,High
Tamil Nadu,Cuddalore,336.5,6.89,65.9,83.1,30.8,99.1,8.6,2.95,Moderate,Agricultural,569,No,June,Extreme
Tamil Nadu,Cuddalore,242.0,5.36,64.8,68.2,30.3,84.5,13.5,3.87,Moderate,Agricultural,524,Yes,June,High
Tamil Nadu,Thanjavur,137.3,4.3,57.6,61.1,31.7,93.2,83.1,4.31,Poor,Agricultural,669,No,June,Low
Tamil Nadu,Thanjavur,156.6,4.8,54.3,48.1,29.0,86.6,97.0,1.71,Moderate,Urban,9871,Yes,June,Medium
Tamil Nadu,Cuddalore,0.3,3.09,63.5,63.0,30.4,98.7,7.8,2.05,Moderate,Forest,35,No,June,Low
Tamil Nadu,Chennai,142.1,4.03,77.7,63.4,27.8,92.7,9.6,2.78,Poor,Agricultural,1033,Yes,June,Medium
Tamil Nadu,Chennai,279.1,5.93,53.8,78.4,29.9,92.2,49.6,0.6,Poor,Agricultural,953,Yes,June,High
Tamil Nadu,Chennai,297.6,6.35,74.6,55.1,26.4,96.2,62.8,4.15,Poor,Urban,4776,Yes,July,Extreme
Tamil Nadu,Thanjavur,249.7,5.57,66.0,58.0,27.0,86.0,78.0,2.54,Moderate,Urban,6426,No,July,High
Tamil Nadu,Cuddalore,282.8,6.0,86.6,96.2,24.5,100.0,17.9,2.78,Poor,Wetland,676,No,July,Extreme
Tamil Nadu,Cuddalore,230.3,5.91,53.3,44.1,24.6,95.3,80.3,3.15,Moderate,Urban,10353,No,July,Medium
Tamil Nadu,Chennai,225.5,5.55,76.0,45.5,26.8,84.4,39.1,2.32,Poor,Urban,7126,Yes,July,High
Tamil Nadu,Thanjavur,318.6,6.74,66.7,78.7,28.9,95.0,25.6,1.92,Moderate,Agricultural,829,Yes,July,Extreme
Tamil Nadu,Chennai,383.6,7.31,53.4,75.6,27.1,93.8,61.6,0.1,Moderate,Agricultural,502,No,July,Extreme
Tamil Nadu,Thanjavur,157.7,4.49,79.0,85.9,31.8,94.8,29.5,0.93,Moderate,Wetland,55,No,July,Medium
Tamil Nadu,Chennai,238.1,5.32,68.4,76.7,29.0,78.6,68.5,1.63,Moderate,Agricultural,272,No,July,High
Tamil Nadu,Chennai,251.8,5.86,63.2,83.5,26.0,100.0,74.2,3.06,Good,Forest,215,Yes,July,High
Tamil Nadu,Chennai,114.8,4.13,66.6,60.0,26.5,81.8,78.8,2.73,Poor,Agricultural,900,No,July,Medium
Tamil Nadu,Cuddalore,191.5,5.06,64.4,43.9,30.3,85.0,32.8,3.99,Moderate,Urban,4038,Yes,July,Medium
Tamil Nadu,Thanjavur,191.2,5.13,53.7,51.0,27.0,85.1,21.1,0.79,Poor,Urban,5580,No,July,Medium
Tamil Nadu,Thanjavur,241.7,5.8,68.0,86.1,28.5,87.0,67.7,2.02,Moderate,Agricultural,838,No,July,High
Tamil Nadu,Thanjavur,313.3,6.84,74.5,70.5,29.2,90.0,77.2,0.57,Moderate,Agricultural,328,No,July,High
Tamil Nadu,Chennai,134.3,4.11,64.1,64.8,27.4,100.0,99.4,2.35,Moderate,Forest,271,No,July,Medium
Tamil Nadu,Cuddalore,74.0,4.25,72.4,80.1,28.9,82.8,67.0,3.01,Poor,Wetland,226,Yes,July,Medium
Tamil Nadu,Thanjavur,319.1,6.79,56.8,81.9,27.4,92.9,56.7,1.32,Good,Agricultural,703,No,July,High
Tamil Nadu,Thanjavur,265.4,5.56,59.2,73.4,25.2,91.3,86.7,0.76,Moderate,Agricultural,704,No,July,High
Tamil Nadu,Cuddalore,293.1,6.43,65.4,98.0,29.5,100.0,55.4,0.81,Good,Wetland,507,No,July,High
Tamil Nadu,Thanjavur,352.3,7.57,86.8,98.0,29.0,100.0,69.8,2.55,Poor,Wetland,709,Yes,July,Extreme
Tamil Nadu,Chennai,110.8,4.4,56.2,34.7,28.0,83.4,65.2,3.43,Poor,Urban,10974,No,July,Low
Tamil Nadu,Chennai,228.5,5.53,87.7,71.7,27.2,82.6,87.7,1.44,Good,Agricultural,975,Yes,August,High
Tamil Nadu,Chennai,161.0,4.58,79.0,45.5,28.9,83.7,67.1,2.17,Moderate,Urban,14405,No,August,Medium
Tamil Nadu,Thanjavur,425.8,7.8,96.4,94.2,28.1,100.0,90.2,2.37,Good,Forest,251,No,August,Extreme
Tamil Nadu,Thanjavur,338.1,7.28,64.9,78.2,29.8,85.7,31.9,3.89,Poor,Agricultural,445,No,August,Extreme
Tamil Nadu,Cuddalore,137.4,4.35,66.3,38.5,26.4,79.7,96.1,0.33,Moderate,Urban,1889,No,August,Low
Tamil Nadu,Cuddalore,356.1,6.28,87.3,73.4,26.6,89.7,91.9,0.83,Moderate,Agricultural,286,No,August,Extreme
Tamil Nadu,Thanjavur,121.7,4.75,54.6,66.4,26.2,98.6,64.4,3.01,Good,Forest,110,No,August,Low
Tamil Nadu,Thanjavur,237.0,6.04,64.2,62.4,24.5,94.0,94.6,2.2,Moderate,Agricultural,628,No,August,High
Tamil Nadu,Chennai,143.9,4.6,67.4,51.1,28.7,80.2,21.0,0.6,Poor,Urban,12294,No,August,Medium
Tamil Nadu,Thanjavur,214.0,5.68,77.0,40.3,27.8,86.3,77.6,1.24,Moderate,Urban,9024,Yes,August,High
Tamil Nadu,Chennai,103.3,4.36,81.2,49.5,28.0,85.8,80.0,1.01,Poor,Urban,9236,Yes,August,Medium
Tamil Nadu,Thanjavur,186.5,5.46,79.9,71.0,26.9,90.6,23.4,0.1,Good,Forest,172,Yes,August,High
Tamil Nadu,Thanjavur,273.4,6.43,63.1,70.2,24.5,83.1,74.6,2.23,Moderate,Agricultural,821,No,August,High
Tamil Nadu,Cuddalore,266.6,5.54,61.9,76.0,27.6,84.5,93.2,0.11,Good,Agricultural,799,No,August,High
Tamil Nadu,Thanjavur,245.2,5.32,84.8,77.0,27.6,86.3,19.1,0.1,Poor,Agricultural,1222,No,August,High
Tamil Nadu,Thanjavur,2.2,3.34,58.9,30.8,27.6,74.3,52.5,2.42,Poor,Urban,6847,Yes,August,Low
Tamil Nadu,Cuddalore,314.8,6.34,85.6,77.0,28.1,89.8,93.8,0.23,Moderate,Agricultural,515,No,August,High
Tamil Nadu,Cuddalore,325.5,6.74,59.9,98.0,26.6,99.6,37.6,2.55,Poor,Wetland,600,No,August,Extreme
Tamil Nadu,Chennai,222.1,5.23,56.9,73.2,25.7,94.6,83.4,2.74,Moderate,Forest,194,No,August,Medium
Tamil Nadu,Cuddalore,208.5,5.2,72.4,84.0,26.5,91.5,42.8,1.06,Good,Forest,84,No,August,Medium
Tamil Nadu,Thanjavur,265.8,5.9,85.6,88.2,28.5,89.8,21.2,2.59,Good,Wetland,509,No,August,High
Tamil Nadu,Cuddalore,185.1,5.28,78.9,66.3,28.2,87.8,27.2,3.06,Moderate,Agricultural,693,Yes,August,High
Tamil Nadu,Chennai,229.3,5.45,77.8,72.5,27.0,88.0,12.4,3.22,Moderate,Agricultural,381,No,September,Medium
Tamil Nadu,Chennai,196.3,4.92,86.0,48.2,26.1,91.1,41.0,2.41,Poor,Urban,4021,No,September,Medium
Tamil Nadu,Chennai,447.5,7.7,96.7,73.7,27.7,95.6,89.5,2.71,Poor,Urban,12118,No,September,Extreme
Tamil Nadu,Thanjavur,430.2,7.74,75.5,84.9,26.5,100.0,86.9,0.47,Moderate,Agricultural,414,Yes,September,Extreme
Tamil Nadu,Chennai,161.3,4.63,90.5,68.1,27.0,82.4,19.7,0.2,Moderate,Agricultural,802,Yes,September,High
Tamil Nadu,Cuddalore,207.0,5.38,95.3,72.7,25.6,86.7,12.4,3.26,Moderate,Agricultural,1011,Yes,September,High
Tamil Nadu,Thanjavur,261.4,5.89,96.2,50.6,26.7,86.3,88.6,2.54,Poor,Urban,10077,No,September,High
Tamil Nadu,Thanjavur,279.1,5.47,79.7,56.7,25.6,94.1,50.4,2.05,Poor,Urban,6731,No,September,High
Tamil Nadu,Chennai,194.4,5.36,84.5,51.8,27.1,83.5,34.0,3.19,Good,Urban,5033,Yes,September,High
Tamil Nadu,Chennai,227.0,5.47,69.5,46.7,25.4,90.2,8.7,0.87,Poor,Urban,4972,No,September,High
Tamil Nadu,Cuddalore,188.6,5.49,63.4,58.8,28.6,89.6,83.7,0.88,Good,Agricultural,95,No,September,Medium
Tamil Nadu,Thanjavur,128.1,4.61,75.6,34.1,24.6,83.6,68.6,0.1,Good,Urban,9131,Yes,September,Medium
Tamil Nadu,Chennai,264.7,5.95,92.8,82.1,26.1,95.4,80.8,1.77,Good,Forest,80,No,September,High
Tamil Nadu,Cuddalore,311.3,6.59,71.4,85.1,28.3,100.0,69.1,4.53,Good,Forest,220,No,September,High
Tamil Nadu,Chennai,244.6,5.61,89.1,70.6,26.0,89.2,29.1,0.1,Moderate,Agricultural,1273,Yes,September,High
Tamil Nadu,Cuddalore,460.1,8.27,80.5,71.8,27.5,97.4,69.2,2.77,Poor,Urban,9430,No,September,Extreme
Tamil Nadu,Cuddalore,275.0,6.18,78.3,56.1,24.4,79.6,36.2,4.16,Poor,Urban,8053,No,September,High
Tamil Nadu,Cuddalore,288.2,6.38,87.6,57.1,26.2,95.9,33.2,0.61,Moderate,Urban,7646,No,September,High
Tamil Nadu,Thanjavur,169.0,4.74,70.6,47.4,27.8,83.3,80.4,0.1,Moderate,Urban,6495,No,September,Medium
Tamil Nadu,Chennai,207.8,5.01,90.1,52.7,25.1,87.3,22.5,0.67,Poor,Urban,11198,Yes,September,High
Tamil Nadu,Thanjavur,352.8,7.04,65.9,57.6,25.8,82.2,93.3,2.1,Poor,Urban,15518,Yes,September,Extreme
Tamil Nadu,Cuddalore,220.4,5.66,81.7,67.4,24.9,94.0,77.2,2.08,Good,Agricultural,1179,Yes,September,High
Tamil Nadu,Cuddalore,21.4,2.29,32.7,30.0,25.8,53.1,51.5,0.73,Good,Urban,11128,Yes,October,Low
Tamil Nadu,Cuddalore,63.8,3.32,29.8,61.8,24.1,64.4,88.9,2.61,Good,Forest,183,No,October,Low
Tamil Nadu,Cuddalore,58.1,3.52,60.7,57.1,23.9,61.5,44.1,1.17,Good,Agricultural,1080,Yes,October,Medium
Tamil Nadu,Cuddalore,38.5,2.31,57.2,68.7,24.5,73.2,89.6,0.3,Poor,Forest,215,No,October,Low
Tamil Nadu,Cuddalore,51.1,2.91,34.7,37.3,24.7,59.4,64.4,0.72,Poor,Urban,14814,No,October,Low
Tamil Nadu,Cuddalore,26.4,2.76,51.3,50.6,26.5,58.1,64.1,1.35,Moderate,Agricultural,959,No,October,Low
Tamil Nadu,Chennai,50.8,2.87,47.5,25.3,25.3,52.0,10.7,3.53,Moderate,Urban,11357,No,October,Low
Tamil Nadu,Thanjavur,39.2,2.89,53.0,72.3,27.1,62.4,30.6,3.74,Good,Wetland,501,Yes,October,Medium
Tamil Nadu,Cuddalore,20.5,2.35,39.8,67.8,25.4,62.2,38.7,3.42,Poor,Forest,96,No,October,Low
Tamil Nadu,Cuddalore,60.4,3.34,57.2,49.0,25.9,54.5,76.8,2.94,Moderate,Agricultural,1148,No,October,Low
Tamil Nadu,Chennai,40.8,3.21,36.6,33.3,23.4,48.9,81.2,2.03,Poor,Urban,8791,No,October,Low
Tamil Nadu,Cuddalore,75.8,3.75,48.0,59.3,29.5,54.9,25.6,3.04,Good,Agricultural,689,Yes,October,Low
Tamil Nadu,Thanjavur,50.6,2.51,28.1,43.1,24.6,54.8,80.6,3.28,Moderate,Agricultural,750,No,October,Low
Tamil Nadu,Chennai,58.0,3.56,56.0,38.7,28.4,56.0,74.5,2.91,Poor,Urban,8301,No,October,Low
Tamil Nadu,Cuddalore,69.1,3.44,44.3,63.7,26.0,71.4,19.2,2.44,Moderate,Forest,145,No,October,Low
Tamil Nadu,Chennai,62.9,3.56,21.1,54.1,25.9,66.2,21.3,3.03,Poor,Forest,136,Yes,October,Medium
Tamil Nadu,Thanjavur,39.8,2.7,65.9,35.6,24.7,60.3,64.5,0.1,Good,Urban,7725,Yes,October,Low
Tamil Nadu,Chennai,4.3,2.5,39.6,45.3,22.9,61.0,92.1,2.6,Good,Agricultural,721,No,October,Low
Tamil Nadu,Thanjavur,60.4,2.74,47.0,67.7,27.2,58.9,18.7,0.1,Moderate,Agricultural,542,No,October,Low
Tamil Nadu,Cuddalore,49.0,3.23,43.8,45.0,26.3,61.6,90.0,2.86,Poor,Urban,6864,Yes,October,Medium
Tamil Nadu,Thanjavur,57.2,2.79,32.0,88.5,25.5,67.9,35.5,3.34,Poor,Wetland,378,No,October,Low
Tamil Nadu,Cuddalore,44.1,3.04,34.8,52.9,27.9,54.9,40.9,1.81,Moderate,Agricultural,801,No,October,Low
Tamil Nadu,Thanjavur,64.6,3.32,57.2,36.9,19.9,55.1,45.1,2.69,Moderate,Urban,7038,No,November,Low
Tamil Nadu,Cuddalore,53.0,2.92,38.8,48.2,22.3,55.9,81.4,3.1,Good,Agricultural,426,Yes,November,Low
Tamil Nadu,Chennai,28.2,2.93,66.5,37.4,22.4,58.6,56.9,2.38,Poor,Urban,6352,No,November,Low
Tamil Nadu,Cuddalore,43.6,2.77,55.7,60.2,20.8,55.5,26.8,0.35,Moderate,Agricultural,949,No,November,Low
Tamil Nadu,Cuddalore,28.8,3.19,31.4,79.4,21.9,65.3,7.7,2.46,Moderate,Wetland,412,No,November,Low
Tamil Nadu,Thanjavur,33.5,3.63,36.8,45.8,21.9,53.4,20.3,2.36,Good,Agricultural,50,No,November,Low
Tamil Nadu,Cuddalore,12.3,2.46,51.7,38.7,22.4,56.4,8.5,0.65,Poor,Agricultural,915,Yes,November,Low
Tamil Nadu,Cuddalore,53.8,2.95,35.6,80.4,20.4,58.0,10.2,3.48,Moderate,Wetland,473,No,November,Low
Tamil Nadu,Thanjavur,67.7,3.82,42.2,60.4,21.7,61.6,87.7,2.18,Moderate,Agricultural,507,No,November,Low
Tamil Nadu,Cuddalore,16.9,2.36,53.8,26.1,22.1,61.7,73.5,1.21,Poor,Urban,3718,Yes,November,Low
Tamil Nadu,Thanjavur,62.7,2.7,50.7,83.3,19.8,65.0,71.1,2.13,Moderate,Wetland,500,No,November,Low
Tamil Nadu,Cuddalore,29.5,2.71,78.0,35.0,22.1,56.6,84.5,0.87,Poor,Urban,4769,No,November,Low
Tamil Nadu,Chennai,55.7,2.94,41.3,30.0,20.3,60.9,65.1,1.08,Moderate,Urban,4950,No,November,Low
Tamil Nadu,Cuddalore,78.7,3.41,32.8,61.4,23.9,63.4,8.7,4.37,Good,Agricultural,1354,No,November,Low
Tamil Nadu,Thanjavur,17.0,2.96,46.2,61.0,19.3,65.6,30.9,2.9,Good,Agricultural,646,No,November,Low
Tamil Nadu,Thanjavur,9.0,2.02,50.7,61.2,20.4,68.3,56.9,1.42,Moderate,Forest,113,No,November,Low
Tamil Nadu,Cuddalore,1.0,2.38,48.1,70.8,24.3,71.3,15.4,1.32,Moderate,Wetland,767,Yes,November,Medium
Tamil Nadu,Cuddalore,47.5,3.28,42.3,81.9,19.9,69.2,84.2,4.43,Moderate,Wetland,609,No,November,Low
Tamil Nadu,Chennai,58.5,2.92,28.4,30.4,22.3,62.2,60.0,2.92,Poor,Urban,6733,No,November,Low
Tamil Nadu,Thanjavur,25.9,2.57,44.3,32.7,21.4,57.5,74.9,0.1,Poor,Urban,9417,Yes,November,Low
Tamil Nadu,Cuddalore,54.2,3.19,40.2,56.1,22.5,61.4,24.4,1.65,Good,Agricultural,50,Yes,November,Low
Tamil Nadu,Cuddalore,56.9,3.53,46.8,61.9,18.9,58.8,51.3,3.06,Moderate,Forest,185,No,November,Low
Tamil Nadu,Thanjavur,51.5,2.91,39.4,29.5,16.7,56.4,33.0,2.49,Moderate,Urban,5616,No,December,Low
Tamil Nadu,Cuddalore,74.9,4.08,31.0,83.5,18.7,73.9,78.3,0.1,Poor,Wetland,263,No,December,Medium
Tamil Nadu,Thanjavur,43.6,2.88,48.2,52.4,18.5,49.1,12.9,1.36,Good,Agricultural,765,Yes,December,Low
Tamil Nadu,Chennai,58.1,2.97,66.9,35.4,14.5,58.2,31.1,1.89,Poor,Urban,4146,No,December,Low
Tamil Nadu,Chennai,34.8,2.91,38.9,36.1,13.9,56.7,81.4,6.25,Moderate,Urban,12349,No,December,Low
Tamil Nadu,Chennai,70.4,3.53,51.4,41.0,19.2,55.3,74.1,2.78,Moderate,Urban,9857,No,December,Low
Tamil Nadu,Thanjavur,36.0,2.68,34.0,56.0,15.3,53.4,36.3,2.26,Good,Agricultural,693,No,December,Low
Tamil Nadu,Cuddalore,60.6,3.04,38.3,78.1,16.4,70.8,86.6,3.07,Poor,Wetland,466,No,December,Low
Tamil Nadu,Cuddalore,18.3,2.9,44.4,54.1,19.7,56.4,10.6,0.1,Poor,Agricultural,683,Yes,December,Medium
Tamil Nadu,Thanjavur,54.8,3.08,45.3,62.8,19.8,55.9,54.9,1.25,Poor,Agricultural,416,Yes,December,Medium
Tamil Nadu,Cuddalore,100.0,3.45,40.7,87.7,17.4,68.6,31.5,2.21,Moderate,Wetland,159,Yes,December,Medium
Tamil Nadu,Cuddalore,74.8,3.46,47.4,59.1,15.4,63.9,31.9,2.34,Moderate,Agricultural,755,No,December,Low
Tamil Nadu,Chennai,21.8,2.81,47.2,34.0,18.5,54.7,17.8,2.61,Poor,Urban,6196,No,December,Low
Tamil Nadu,Cuddalore,91.4,3.45,41.9,61.4,13.9,70.8,39.2,1.01,Good,Forest,223,Yes,December,Medium
Tamil Nadu,Cuddalore,55.0,3.51,51.7,55.0,15.9,44.2,96.6,1.49,Good,Agricultural,584,No,December,Low
Tamil Nadu,Thanjavur,42.2,3.59,55.2,68.7,18.3,59.0,89.5,2.2,Moderate,Forest,237,Yes,December,Medium
Tamil Nadu,Thanjavur,15.2,2.94,35.5,55.2,17.6,48.7,70.1,2.54,Moderate,Agricultural,1054,No,December,Low
Tamil Nadu,Cuddalore,30.4,2.86,46.8,53.5,19.9,59.5,57.9,2.89,Moderate,Agricultural,241,No,December,Low
Tamil Nadu,Chennai,8.3,2.49,38.7,48.4,17.6,56.8,64.0,0.1,Good,Agricultural,1231,No,December,Low
Tamil Nadu,Cuddalore,34.0,3.31,49.5,71.1,17.1,81.5,8.5,1.49,Poor,Wetland,421,No,December,Low
Tamil Nadu,Cuddalore,70.2,2.6,43.6,78.1,15.8,76.8,85.7,1.47,Good,Wetland,123,No,December,Low
Tamil Nadu,Chennai,81.1,3.69,28.5,71.6,19.2,71.3,84.9,0.77,Good,Forest,158,Yes,December,Medium
Karnataka,Kodagu,20.3,1.97,28.4,49.6,13.7,62.6,758.5,4.12,Moderate,Agricultural,598,No,January,Low
Karnataka,Belagavi,22.5,1.81,52.5,53.7,13.6,47.9,526.1,4.29,Poor,Agricultural,837,No,January,Low
Karnataka,Bengaluru Urban,17.0,2.07,60.6,59.0,16.3,60.8,270.8,5.07,Good,Forest,171,No,January,Low
Karnataka,Kodagu,27.6,2.71,39.2,33.4,13.8,69.9,370.6,1.24,Poor,Urban,7851,No,January,Low
Karnataka,Belagavi,23.8,1.93,33.0,51.2,17.6,54.3,86.0,1.84,Poor,Agricultural,714,No,January,Low
Karnataka,Belagavi,17.1,2.25,57.6,57.4,13.6,55.8,771.4,6.14,Poor,Agricultural,680,No,January,Low
Karnataka,Bengaluru Urban,31.6,2.82,33.6,29.4,17.4,59.1,78.0,5.31,Good,Urban,10885,Yes,January,Low
Karnataka,Kodagu,29.6,2.83,40.4,43.0,12.8,49.8,474.9,5.33,Good,Agricultural,1019,Yes,January,Low
Karnataka,Bengaluru Urban,37.1,2.25,37.7,57.4,14.9,54.6,742.9,0.73,Poor,Agricultural,844,Yes,January,Medium
Karnataka,Belagavi,17.0,2.41,45.9,49.3,18.9,60.0,255.8,2.47,Moderate,Agricultural,876,No,January,Low
Karnataka,Kodagu,12.3,2.07,45.2,59.0,15.9,68.8,41.8,0.89,Moderate,Forest,92,No,January,Low
Karnataka,Bengaluru Urban,32.0,2.38,18.4,51.4,15.4,59.3,596.5,4.56,Good,Agricultural,1237,No,January,Low
Karnataka,Bengaluru Urban,15.6,2.36,42.7,54.8,16.6,52.8,89.5,4.54,Poor,Agricultural,50,No,January,Low
Karnataka,Kodagu,14.0,2.62,47.1,50.0,17.9,53.1,46.2,3.2,Good,Agricultural,563,No,January,Low
Karnataka,Kodagu,36.0,2.78,38.6,66.6,14.9,69.7,785.8,6.47,Moderate,Forest,287,Yes,January,Low
Karnataka,Belagavi,5.8,1.8,50.8,48.3,13.5,50.4,808.5,7.57,Good,Agricultural,358,No,January,Low
Karnataka,Bengaluru Urban,8.3,2.48,41.7,42.9,14.2,59.5,156.8,3.19,Good,Agricultural,251,Yes,January,Low
Karnataka,Bengaluru Urban,10.4,1.89,37.4,49.2,14.0,61.1,257.2,2.77,Good,Agricultural,1186,Yes,January,Low
Karnataka,Kodagu,31.6,2.85,61.3,55.0,18.2,56.8,122.8,3.83,Moderate,Agricultural,1027,No,January,Low
Karnataka,Kodagu,20.0,1.91,52.9,58.7,13.4,68.4,452.0,4.85,Moderate,Forest,323,No,January,Low
Karnataka,Kodagu,22.3,1.41,42.4,25.2,12.3,50.6,876.4,1.15,Moderate,Urban,9323,Yes,January,Low
Karnataka,Bengaluru Urban,25.8,2.52,54.0,48.4,14.8,50.9,523.1,3.25,Good,Agricultural,611,Yes,January,Low
Karnataka,Kodagu,25.2,2.36,52.3,27.2,18.3,56.8,382.5,1.07,Poor,Urban,9512,Yes,February,Low
Karnataka,Kodagu,28.1,2.0,53.7,30.7,19.0,49.6,68.8,2.88,Moderate,Urban,8140,No,February,Low
Karnataka,Bengaluru Urban,37.2,2.48,38.5,38.0,17.9,62.7,606.2,4.21,Moderate,Agricultural,725,No,February,Low
Karnataka,Belagavi,25.1,2.19,39.4,36.9,18.7,51.1,136.3,3.05,Poor,Urban,1226,No,February,Low
Karnataka,Kodagu,0.0,1.77,41.9,60.5,23.6,63.6,99.1,6.88,Good,Forest,113,No,February,Low
Karnataka,Kodagu,16.9,1.53,65.4,58.2,20.6,63.9,257.9,5.05,Good,Forest,184,Yes,February,Low
Karnataka,Bengaluru Urban,29.9,2.17,43.2,33.3,21.2,49.2,425.8,2.32,Poor,Urban,8366,Yes,February,Low
Karnataka,Bengaluru Urban,44.1,2.93,59.5,58.3,20.9,69.6,250.6,2.16,Good,Forest,145,Yes,February,Medium
Karnataka,Bengaluru Urban,2.6,1.86,45.6,55.7,15.9,57.8,590.8,2.74,Good,Agricultural,561,Yes,February,Low
Karnataka,Kodagu,19.4,2.06,61.0,27.0,18.8,48.6,187.9,3.48,Poor,Urban,12382,No,February,Low
Karnataka,Kodagu,27.7,1.94,51.2,54.9,19.1,58.9,338.6,4.65,Moderate,Agricultural,574,No,February,Low
Karnataka,Kodagu,47.8,2.34,54.9,30.5,19.9,57.1,134.6,4.4,Poor,Urban,9755,No,February,Low
Karnataka,Bengaluru Urban,26.5,2.2,38.1,41.1,18.7,62.2,344.9,2.67,Good,Agricultural,274,No,February,Low
Karnataka,Bengaluru Urban,21.2,2.16,35.8,50.3,19.6,55.7,209.9,4.69,Good,Agricultural,382,No,February,Low
Karnataka,Bengaluru Urban,13.2,2.33,35.8,47.9,16.3,56.5,239.5,2.5,Moderate,Agricultural,768,Yes,February,Low
Karnataka,Kodagu,19.1,2.18,44.0,45.6,15.7,51.7,766.3,3.45,Poor,Agricultural,50,No,February,Low
Karnataka,Kodagu,28.4,2.61,34.8,33.7,15.8,61.2,634.0,6.53,Moderate,Urban,2100,No,February,Low
Karnataka,Bengaluru Urban,29.5,2.05,43.6,55.6,19.3,59.5,494.6,1.68,Moderate,Agricultural,301,Yes,February,Low
Karnataka,Kodagu,19.0,2.25,44.3,52.9,15.3,52.8,868.9,1.42,Moderate,Agricultural,868,No,February,Low
Karnataka,Bengaluru Urban,0.4,1.86,40.9,60.8,17.8,64.1,599.3,2.95,Poor,Forest,193,Yes,February,Low
Karnataka,Bengaluru Urban,24.0,2.02,28.6,59.9,21.7,46.8,142.3,3.54,Moderate,Agricultural,717,Yes,February,Low
Karnataka,Kodagu,10.3,1.95,48.5,55.0,15.2,55.8,849.4,5.69,Moderate,Agricultural,332,No,February,Low
Karnataka,Belagavi,24.3,2.38,48.3,52.5,26.8,53.0,285.9,4.29,Moderate,Agricultural,1021,No,March,Low
Karnataka,Bengaluru Urban,37.6,2.34,39.1,55.7,27.1,59.1,186.9,1.72,Moderate,Agricultural,823,No,March,Low
Karnataka,Belagavi,22.7,1.85,42.1,33.1,25.1,57.5,260.0,0.59,Poor,Urban,15139,Yes,March,Low
Karnataka,Bengaluru Urban,0.0,1.76,54.0,29.4,25.9,54.2,187.6,1.68,Poor,Urban,4073,No,March,Low
Karnataka,Bengaluru Urban,26.8,1.99,52.1,54.2,22.0,55.3,499.1,2.53,Good,Agricultural,803,No,March,Low
Karnataka,Belagavi,6.1,1.93,35.4,56.8,25.5,65.2,367.0,3.12,Good,Forest,216,No,March,Low
Karnataka,Belagavi,35.5,2.4,45.4,56.8,25.3,56.4,575.3,4.24,Good,Agricultural,733,Yes,March,Low
Karnataka,Bengaluru Urban,21.0,2.1,47.0,30.1,23.5,56.6,391.3,0.1,Moderate,Urban,8520,Yes,March,Low
Karnataka,Belagavi,0.8,2.21,38.7,26.0,22.0,49.2,892.8,4.52,Good,Urban,10934,Yes,March,Low
Karnataka,Belagavi,23.8,2.72,46.4,22.4,23.8,45.7,292.9,2.64,Poor,Urban,16449,Yes,March,Low
Karnataka,Belagavi,36.5,2.59,50.9,60.6,22.2,67.1,895.7,0.92,Good,Forest,158,No,March,Low
Karnataka,Kodagu,38.8,2.51,48.8,64.5,22.0,68.0,713.7,7.24,Good,Forest,228,No,March,Low
Karnataka,Belagavi,9.7,2.14,56.9,36.6,25.7,49.3,379.8,4.87,Poor,Urban,5955,Yes,March,Low
Karnataka,Bengaluru Urban,32.8,2.33,36.8,57.1,25.4,66.7,319.7,2.42,Moderate,Forest,299,Yes,March,Low
Karnataka,Bengaluru Urban,5.3,2.12,53.2,46.0,24.2,52.5,340.9,2.71,Poor,Agricultural,512,No,March,Low
Karnataka,Belagavi,25.3,1.85,37.2,49.1,28.2,53.9,240.9,2.93,Poor,Agricultural,50,No,March,Low
Karnataka,Kodagu,33.7,2.19,26.8,58.9,26.1,52.2,33.4,5.47,Poor,Agricultural,844,No,March,Low
Karnataka,Bengaluru Urban,25.6,1.84,32.8,48.8,24.9,55.8,28.0,4.7,Good,Agricultural,971,No,March,Low
Karnataka,Kodagu,0.0,2.25,61.0,26.0,21.0,56.9,649.3,2.66,Good,Urban,200,Yes,March,Low
Karnataka,Kodagu,18.7,1.88,26.3,56.1,22.5,54.5,704.9,4.1,Good,Agricultural,505,No,March,Low
Karnataka,Bengaluru Urban,4.3,1.89,46.2,20.2,22.1,52.7,506.5,5.31,Poor,Urban,9562,No,March,Low
Karnataka,Kodagu,19.7,2.17,33.8,59.5,26.0,59.3,167.3,4.84,Moderate,Agricultural,351,Yes,March,Low
Karnataka,Kodagu,8.5,2.16,52.5,48.8,29.7,67.4,279.9,6.61,Good,Forest,256,No,April,Low
Karnataka,Bengaluru Urban,34.3,2.57,46.3,57.2,30.6,58.0,286.7,5.1,Moderate,Agricultural,747,No,April,Low
Karnataka,Bengaluru Urban,17.2,1.85,37.8,50.1,25.3,59.6,664.0,7.37,Good,Agricultural,639,No,April,Low
Karnataka,Bengaluru Urban,21.3,2.02,55.6,55.4,27.1,57.9,692.5,3.43,Moderate,Agricultural,105,Yes,April,Low
Karnataka,Bengaluru Urban,12.2,1.85,45.3,62.3,27.7,72.8,555.0,5.44,Moderate,Forest,108,No,April,Low
Karnataka,Belagavi,27.6,2.28,54.7,53.7,26.9,68.7,658.4,4.15,Good,Forest,129,No,April,Low
Karnataka,Belagavi,3.0,1.58,41.7,59.7,25.2,58.9,827.8,0.45,Good,Forest,213,No,April,Low
Karnataka,Belagavi,20.0,1.85,65.3,48.7,27.9,50.3,600.1,4.95,Poor,Agricultural,139,Yes,April,Low
Karnataka,Kodagu,3.0,1.97,46.8,33.0,31.9,58.1,303.3,4.37,Poor,Urban,11090,No,April,Low
Karnataka,Kodagu,17.3,2.64,29.1,34.5,29.6,50.5,357.3,5.37,Poor,Urban,12603,No,April,Low
Karnataka,Bengaluru Urban,20.5,1.72,47.1,48.1,30.7,54.0,681.4,5.21,Good,Agricultural,1162,No,April,Low
Karnataka,Kodagu,25.1,2.13,54.2,47.4,31.3,52.7,425.0,6.75,Moderate,Agricultural,1137,No,April,Low
Karnataka,Belagavi,47.6,2.74,51.3,42.1,29.5,53.2,204.6,6.95,Good,Agricultural,928,Yes,April,Low
Karnataka,Bengaluru Urban,32.7,1.84,60.0,72.2,30.3,65.2,317.4,1.84,Moderate,Forest,227,Yes,April,Medium
Karnataka,Kodagu,18.8,2.16,47.9,58.2,29.6,50.1,433.1,4.39,Moderate,Agricultural,985,No,April,Low
Karnataka,Kodagu,0.0,1.67,48.3,46.6,30.6,58.2,383.9,1.52,Poor,Agricultural,995,No,April,Low
Karnataka,Belagavi,3.5,2.45,52.2,26.2,28.2,52.0,813.8,5.12,Good,Urban,6877,Yes,April,Low
Karnataka,Kodagu,13.9,1.84,56.2,62.4,32.9,54.5,161.0,4.44,Moderate,Agricultural,522,No,April,Low
Karnataka,Belagavi,55.3,2.6,58.8,45.6,27.6,56.1,223.8,3.05,Good,Agricultural,684,No,April,Low
Karnataka,Kodagu,23.7,2.06,59.0,54.1,29.6,56.2,550.5,3.61,Poor,Agricultural,1146,Yes,April,Low
Karnataka,Belagavi,41.6,2.05,37.5,55.2,28.4,61.4,709.8,3.34,Moderate,Agricultural,616,No,April,Low
Karnataka,Kodagu,31.9,3.02,30.4,26.4,26.9,56.1,617.9,1.71,Poor,Urban,7731,Yes,April,Low
Karnataka,Bengaluru Urban,25.3,1.89,48.2,28.3,29.8,59.8,789.0,0.45,Poor,Urban,8323,Yes,May,Low
Karnataka,Belagavi,16.9,1.72,40.6,62.5,30.1,64.9,560.6,3.67,Good,Forest,218,Yes,May,Low
Karnataka,Kodagu,22.7,2.0,69.8,31.4,33.7,57.2,90.9,3.4,Moderate,Urban,12573,Yes,May,Low
Karnataka,Bengaluru Urban,11.1,2.47,44.8,24.2,27.0,57.1,852.6,3.34,Moderate,Urban,12030,Yes,May,Low
Karnataka,Belagavi,22.1,2.41,64.4,29.6,29.3,43.4,680.6,5.24,Good,Urban,7140,No,May,Low
Karnataka,Kodagu,7.8,2.02,56.2,43.6,28.7,57.7,846.7,0.57,Poor,Agricultural,909,No,May,Low
Karnataka,Bengaluru Urban,0.0,1.84,20.6,49.5,35.0,56.0,167.2,5.52,Good,Agricultural,831,Yes,May,Low
Karnataka,Belagavi,38.4,2.08,47.9,60.2,31.5,60.3,202.7,5.61,Good,Forest,173,No,May,Low
Karnataka,Kodagu,18.2,2.39,56.1,55.4,30.9,60.7,208.9,1.3,Moderate,Agricultural,826,No,May,Low
Karnataka,Bengaluru Urban,27.6,2.61,40.2,33.0,33.2,53.9,336.9,4.57,Moderate,Urban,11761,No,May,Low
Karnataka,Belagavi,11.3,2.49,42.2,30.6,28.7,49.8,464.7,0.77,Moderate,Urban,12509,No,May,Low
Karnataka,Kodagu,17.6,2.76,34.1,38.6,29.6,63.0,873.2,4.67,Poor,Agricultural,498,No,May,Low
Karnataka,Belagavi,9.1,1.99,39.3,56.4,29.9,53.2,367.8,5.37,Moderate,Agricultural,773,No,May,Low
Karnataka,Belagavi,20.4,2.2,26.3,24.5,29.6,56.6,512.8,3.79,Moderate,Urban,11315,Yes,May,Low
Karnataka,Belagavi,28.9,2.59,52.3,53.6,33.1,53.0,178.9,3.32,Poor,Agricultural,957,Yes,May,Low
Karnataka,Kodagu,0.2,2.38,46.1,26.6,33.4,46.8,180.7,1.27,Poor,Urban,10772,No,May,Low
Karnataka,Bengaluru Urban,36.2,2.44,45.9,53.4,30.8,74.5,537.8,4.26,Good,Forest,141,No,May,Low
Karnataka,Kodagu,31.7,2.79,48.6,39.3,29.3,51.0,564.5,0.55,Moderate,Agricultural,890,No,May,Low
Karnataka,Bengaluru Urban,32.1,2.56,56.2,52.9,29.4,60.1,861.3,2.28,Moderate,Agricultural,678,Yes,May,Medium
Karnataka,Kodagu,7.6,2.51,42.1,34.7,29.7,45.8,766.1,2.64,Moderate,Urban,10084,No,May,Low
Karnataka,Kodagu,36.7,2.38,54.6,63.8,29.8,63.0,529.4,2.19,Moderate,Forest,18,No,May,Low
Karnataka,Kodagu,27.1,2.47,26.3,63.0,28.3,68.0,613.8,2.59,Moderate,Forest,150,Yes,May,Medium
Karnataka,Belagavi,99.6,3.76,60.1,54.3,29.9,84.9,252.8,2.47,Moderate,Agricultural,773,Yes,June,Medium
Karnataka,Bengaluru Urban,48.2,3.25,74.0,56.6,25.4,72.7,820.1,1.9,Moderate,Agricultural,999,No,June,Low
Karnataka,Belagavi,74.6,3.3,52.7,56.1,28.1,84.9,170.5,2.71,Moderate,Agricultural,254,No,June,Low
Karnataka,Kodagu,232.4,5.34,64.3,72.9,25.9,79.3,696.6,5.02,Moderate,Agricultural,557,Yes,June,High
Karnataka,Bengaluru Urban,54.5,3.01,60.2,54.7,30.3,85.9,461.4,2.43,Moderate,Agricultural,516,No,June,Low
Karnataka,Kodagu,173.0,3.92,74.3,63.7,25.8,82.9,602.1,2.71,Good,Agricultural,1205,Yes,June,Medium
Karnataka,Bengaluru Urban,116.9,4.1,55.3,59.0,26.6,87.6,475.2,2.56,Moderate,Agricultural,73,No,June,Low
Karnataka,Bengaluru Urban,157.0,4.08,66.5,77.9,26.1,91.8,717.7,4.2,Good,Forest,167,No,June,Medium
Karnataka,Kodagu,183.1,4.54,54.7,68.1,28.5,79.2,673.7,1.8,Moderate,Agricultural,871,No,June,Medium
Karnataka,Belagavi,176.4,4.85,48.2,48.9,31.7,83.0,308.6,2.92,Moderate,Urban,12999,No,June,Medium
Karnataka,Belagavi,159.1,4.88,62.5,44.5,29.8,84.1,238.6,4.93,Poor,Urban,7930,No,June,Medium
Karnataka,Kodagu,179.9,4.02,61.6,73.8,29.2,100.0,458.5,4.88,Good,Forest,262,Yes,June,Medium
Karnataka,Bengaluru Urban,86.9,3.71,80.7,40.6,29.9,85.1,24.5,2.85,Good,Urban,3768,Yes,June,Medium
Karnataka,Bengaluru Urban,193.1,4.51,50.8,73.2,27.0,95.3,827.1,5.48,Moderate,Forest,10,Yes,June,Medium
Karnataka,Bengaluru Urban,116.9,4.04,69.0,67.7,27.0,90.3,496.6,3.5,Moderate,Agricultural,236,Yes,June,Medium
Karnataka,Bengaluru Urban,239.0,4.71,65.3,57.6,31.6,88.4,347.5,0.56,Moderate,Urban,3638,Yes,June,High
Karnataka,Kodagu,234.2,4.82,60.3,83.2,30.3,96.5,118.0,4.26,Good,Forest,202,No,June,Medium
Karnataka,Kodagu,81.9,3.57,83.6,68.0,29.4,93.9,550.7,5.48,Poor,Forest,57,Yes,June,Medium
Karnataka,Belagavi,287.5,5.5,76.4,76.5,25.5,88.0,847.2,1.67,Good,Agricultural,1118,No,June,High
Karnataka,Belagavi,104.6,3.49,62.0,62.0,29.4,91.7,158.3,4.06,Moderate,Forest,73,No,June,Low
Karnataka,Belagavi,202.7,5.1,58.9,63.5,28.3,84.1,445.9,4.03,Poor,Agricultural,804,No,June,Medium
Karnataka,Kodagu,122.4,4.22,54.5,58.8,27.2,87.0,458.4,0.34,Good,Agricultural,940,No,June,Low
Karnataka,Bengaluru Urban,94.9,3.21,69.8,35.2,19.6,75.8,852.2,6.31,Moderate,Urban,12497,No,July,Low
Karnataka,Belagavi,59.4,3.2,77.2,37.2,26.8,85.5,120.9,3.8,Moderate,Urban,9099,Yes,July,Medium
Karnataka,Kodagu,196.5,4.64,89.9,45.4,20.9,92.7,844.0,0.1,Moderate,Urban,2096,Yes,July,High
Karnataka,Kodagu,98.7,3.8,74.3,50.9,23.8,87.6,872.9,5.5,Moderate,Agricultural,1089,Yes,July,Medium
Karnataka,Kodagu,198.1,4.73,77.4,65.3,24.7,88.0,44.7,2.58,Good,Agricultural,416,No,July,Medium
Karnataka,Bengaluru Urban,148.0,3.86,67.3,71.6,26.9,88.5,435.7,4.18,Good,Forest,86,No,July,Low
Karnataka,Kodagu,75.6,3.21,62.8,52.3,24.4,81.0,822.2,2.88,Moderate,Agricultural,367,Yes,July,Medium
Karnataka,Bengaluru Urban,156.6,4.59,90.7,58.8,24.7,86.9,339.9,7.39,Moderate,Agricultural,790,Yes,July,High
Karnataka,Belagavi,36.0,2.92,73.7,34.5,28.9,75.7,63.1,0.95,Moderate,Urban,7277,Yes,July,Medium
Karnataka,Kodagu,236.5,4.68,65.3,54.6,27.9,88.3,149.6,4.8,Poor,Urban,2080,No,July,Medium
Karnataka,Kodagu,87.7,3.16,76.1,54.0,26.4,89.9,334.2,3.67,Good,Agricultural,738,Yes,July,Medium
Karnataka,Kodagu,151.8,3.82,53.7,41.6,27.0,88.7,677.8,7.49,Good,Urban,8159,No,July,Low
Karnataka,Kodagu,112.0,4.37,65.8,59.2,25.4,76.0,716.6,7.98,Poor,Agricultural,125,No,July,Medium
Karnataka,Kodagu,96.3,3.58,67.1,40.1,25.1,80.4,232.0,3.05,Poor,Urban,13122,No,July,Low
Karnataka,Kodagu,139.8,4.18,76.6,59.3,28.8,92.6,212.7,1.83,Moderate,Agricultural,190,Yes,July,Medium
Karnataka,Belagavi,104.5,3.73,61.0,56.8,24.8,80.4,499.2,4.31,Good,Agricultural,176,Yes,July,Medium
Karnataka,Kodagu,110.9,4.1,66.1,62.2,26.2,87.3,408.3,6.54,Good,Forest,111,Yes,July,Medium
Karnataka,Belagavi,161.3,3.9,76.6,60.7,26.2,75.1,322.0,4.31,Moderate,Agricultural,790,No,July,Medium
Karnataka,Kodagu,179.4,4.48,60.5,65.7,25.8,81.0,311.4,5.82,Moderate,Agricultural,1014,Yes,July,Medium
Karnataka,Belagavi,185.8,4.78,83.8,62.4,24.5,86.9,264.2,3.92,Moderate,Agricultural,738,Yes,July,High
Karnataka,Kodagu,90.3,3.52,74.6,61.6,25.5,86.6,535.7,6.84,Good,Agricultural,416,No,July,Low
Karnataka,Kodagu,89.4,3.61,62.7,34.9,24.7,85.5,410.5,4.15,Moderate,Urban,7644,No,July,Low
Karnataka,Kodagu,2.9,2.25,73.7,57.1,26.2,82.7,184.7,5.04,Moderate,Agricultural,357,No,August,Low
Karnataka,Belagavi,138.6,4.67,71.4,56.4,27.9,85.8,52.9,0.3,Moderate,Agricultural,1037,No,August,Medium
Karnataka,Kodagu,160.3,4.1,64.9,47.8,26.3,88.9,205.3,6.67,Poor,Urban,6961,Yes,August,Medium
Karnataka,Bengaluru Urban,208.9,4.52,68.4,63.5,23.5,82.3,649.3,5.06,Moderate,Agricultural,702,No,August,Medium
Karnataka,Kodagu,136.6,3.91,60.9,64.3,24.6,81.4,781.7,2.87,Moderate,Agricultural,508,No,August,Medium
Karnataka,Kodagu,115.6,3.8,87.7,35.7,24.5,86.1,643.7,1.54,Good,Urban,7696,No,August,Low
Karnataka,Bengaluru Urban,180.3,4.34,81.5,73.6,25.6,88.7,191.6,4.07,Moderate,Agricultural,691,No,August,Medium
Karnataka,Bengaluru Urban,113.6,3.16,65.8,67.1,23.9,75.2,576.1,2.67,Good,Agricultural,797,No,August,Low
Karnataka,Belagavi,106.8,3.81,63.4,57.6,22.8,87.2,818.5,5.01,Moderate,Agricultural,964,No,August,Low
Karnataka,Bengaluru Urban,214.4,4.48,66.9,76.9,26.4,88.8,618.2,5.17,Moderate,Agricultural,767,No,August,Medium
Karnataka,Bengaluru Urban,159.9,4.31,74.9,48.6,26.3,85.0,219.0,2.93,Moderate,Urban,7180,Yes,August,Medium
Karnataka,Kodagu,159.6,4.47,70.4,61.3,20.8,83.1,852.1,9.3,Good,Agricultural,1154,No,August,Medium
Karnataka,Belagavi,109.6,3.69,72.3,57.4,27.0,87.0,185.9,5.64,Poor,Agricultural,1016,No,August,Low
Karnataka,Belagavi,191.7,4.44,79.6,65.9,25.0,81.1,396.9,5.05,Good,Agricultural,387,Yes,August,High
Karnataka,Kodagu,204.4,4.57,67.5,68.0,27.6,92.5,372.5,0.86,Moderate,Agricultural,941,Yes,August,High
Karnataka,Kodagu,113.1,3.5,85.2,40.2,23.0,73.1,867.2,2.78,Good,Urban,8904,No,August,Low
Karnataka,Belagavi,134.5,4.21,71.5,61.4,29.3,85.1,21.7,2.75,Poor,Agricultural,1284,No,August,Medium
Karnataka,Bengaluru Urban,115.9,3.71,79.4,48.5,29.1,84.6,169.2,5.39,Moderate,Urban,14335,No,August,Low
Karnataka,Belagavi,147.2,4.13,75.0,61.7,27.7,79.0,191.1,4.56,Good,Agricultural,1331,No,August,Low
Karnataka,Bengaluru Urban,177.6,4.2,76.9,63.6,23.8,90.1,825.1,5.17,Moderate,Agricultural,922,Yes,August,Medium
Karnataka,Kodagu,150.2,4.69,67.3,70.7,26.2,95.3,196.8,3.28,Good,Forest,10,Yes,August,Medium
Karnataka,Belagavi,150.1,4.7,80.9,57.5,23.0,77.4,748.8,1.99,Moderate,Agricultural,1589,Yes,August,High
Karnataka,Bengaluru Urban,189.4,4.14,76.6,59.3,22.7,94.9,571.6,3.0,Good,Agricultural,378,No,September,Medium
Karnataka,Bengaluru Urban,184.8,4.83,89.1,75.3,24.3,93.5,620.6,2.13,Good,Forest,10,Yes,September,High
Karnataka,Bengaluru Urban,182.1,4.18,81.8,63.6,19.6,86.5,709.2,3.39,Moderate,Agricultural,810,No,September,Medium
Karnataka,Bengaluru Urban,83.1,4.08,85.4,59.5,24.8,81.8,179.1,4.81,Moderate,Agricultural,583,Yes,September,Medium
Karnataka,Kodagu,180.7,4.07,88.2,63.7,23.7,88.1,588.6,4.5,Moderate,Agricultural,1074,No,September,Medium
Karnataka,Belagavi,51.3,3.01,76.4,60.8,27.2,81.8,75.3,0.57,Moderate,Agricultural,591,Yes,September,Medium
Karnataka,Belagavi,165.0,4.08,80.7,57.6,24.5,80.4,625.5,3.86,Moderate,Agricultural,477,No,September,Medium
Karnataka,Bengaluru Urban,169.3,4.86,82.7,71.9,25.0,94.3,210.5,2.1,Good,Forest,146,No,September,Medium
Karnataka,Belagavi,97.2,4.12,90.4,79.2,24.1,91.8,405.1,5.6,Moderate,Forest,123,No,September,Medium
Karnataka,Belagavi,85.2,4.15,68.1,57.6,22.0,84.6,793.6,5.09,Poor,Agricultural,913,No,September,Low
Karnataka,Bengaluru Urban,139.0,3.9,88.4,61.0,20.8,79.3,839.5,3.71,Good,Agricultural,770,No,September,Medium
Karnataka,Kodagu,219.2,5.23,96.5,73.6,21.5,91.1,840.5,3.01,Good,Agricultural,1260,No,September,High
Karnataka,Belagavi,230.7,5.53,88.0,72.5,23.1,99.7,622.8,5.1,Good,Forest,29,Yes,September,High
Karnataka,Kodagu,159.2,4.52,84.7,68.7,23.0,77.0,770.3,0.73,Moderate,Agricultural,835,No,September,Medium
Karnataka,Belagavi,66.1,3.15,91.4,59.4,24.4,77.8,607.4,2.6,Moderate,Agricultural,1009,Yes,September,Medium
Karnataka,Belagavi,232.2,5.03,79.0,48.0,24.5,89.4,362.3,4.45,Moderate,Urban,8225,No,September,Medium
Karnataka,Kodagu,115.7,4.1,97.0,39.9,26.5,84.8,348.1,2.71,Moderate,Urban,8120,Yes,September,Medium
Karnataka,Bengaluru Urban,44.2,3.34,81.6,60.1,27.6,85.0,112.3,5.79,Moderate,Agricultural,757,No,September,Low
Karnataka,Kodagu,92.0,3.47,90.8,51.7,25.7,90.2,422.9,1.54,Good,Agricultural,678,No,September,Low
Karnataka,Belagavi,76.6,3.71,91.2,58.7,25.5,85.0,486.6,0.79,Moderate,Agricultural,211,No,September,Medium
Karnataka,Bengaluru Urban,111.1,3.31,76.9,43.3,24.2,72.5,757.2,2.46,Poor,Urban,7918,Yes,September,Medium
Karnataka,Bengaluru Urban,182.8,4.63,77.8,56.6,26.9,91.4,125.8,6.25,Poor,Agricultural,648,No,September,Medium
Karnataka,Kodagu,22.3,2.25,55.9,38.2,23.5,58.4,854.7,3.89,Moderate,Urban,14100,Yes,October,Low
Karnataka,Bengaluru Urban,27.0,2.65,36.0,63.9,23.0,61.8,832.8,0.65,Good,Forest,154,Yes,October,Low
Karnataka,Bengaluru Urban,19.8,2.37,52.1,50.9,20.7,47.2,714.9,3.73,Moderate,Agricultural,757,No,October,Low
Karnataka,Belagavi,0.0,1.94,36.7,52.6,23.4,57.0,460.7,2.51,Poor,Agricultural,676,No,October,Low
Karnataka,Bengaluru Urban,39.6,1.8,38.5,33.5,21.6,53.9,728.7,3.74,Moderate,Urban,4985,Yes,October,Low
Karnataka,Kodagu,42.1,2.07,42.2,36.9,24.2,58.5,66.6,2.48,Moderate,Urban,14189,Yes,October,Low
Karnataka,Belagavi,18.0,2.32,27.5,59.2,20.4,61.5,766.2,4.98,Moderate,Agricultural,1169,No,October,Low
Karnataka,Kodagu,23.9,2.15,50.2,59.6,25.4,43.0,518.5,6.61,Moderate,Agricultural,827,Yes,October,Low
Karnataka,Belagavi,29.1,2.47,44.0,50.3,22.6,55.6,608.1,1.48,Good,Agricultural,552,Yes,October,Low
Karnataka,Bengaluru Urban,11.6,1.95,39.7,54.6,24.4,54.3,236.9,0.21,Poor,Agricultural,404,No,October,Low
Karnataka,Belagavi,19.2,2.06,63.4,30.0,20.6,63.4,879.7,5.06,Poor,Urban,11414,Yes,October,Low
Karnataka,Kodagu,0.0,2.07,43.2,27.6,24.3,52.4,659.7,2.68,Poor,Urban,3146,No,October,Low
Karnataka,Belagavi,22.0,2.09,31.3,59.4,26.8,75.0,372.6,7.45,Moderate,Agricultural,415,No,October,Low
Karnataka,Bengaluru Urban,17.4,2.11,64.2,70.6,25.1,71.1,206.0,1.5,Good,Forest,150,No,October,Low
Karnataka,Kodagu,40.0,2.71,42.9,55.8,19.8,65.5,795.7,1.0,Good,Forest,131,No,October,Low
Karnataka,Bengaluru Urban,25.0,2.12,41.0,60.4,27.4,66.2,37.7,4.63,Moderate,Forest,96,Yes,October,Low
Karnataka,Kodagu,0.0,1.88,39.1,35.1,24.3,46.3,265.7,2.28,Poor,Urban,5560,No,October,Low
Karnataka,Kodagu,12.3,1.87,49.8,62.6,27.1,56.2,28.1,2.57,Good,Forest,87,No,October,Low
Karnataka,Belagavi,22.4,2.09,54.5,34.5,20.9,55.0,819.8,2.9,Moderate,Urban,11169,No,October,Low
Karnataka,Bengaluru Urban,8.7,2.12,49.3,28.5,27.3,52.1,47.2,1.1,Good,Urban,11500,No,October,Low
Karnataka,Kodagu,30.5,2.73,45.3,68.8,21.2,65.6,684.5,3.04,Good,Forest,103,No,October,Low
Karnataka,Bengaluru Urban,21.9,2.3,40.6,55.3,22.6,61.8,663.1,1.65,Poor,Agricultural,1386,No,October,Low
Karnataka,Bengaluru Urban,35.8,2.12,48.1,58.7,21.0,55.4,60.5,0.1,Good,Agricultural,1342,Yes,November,Low
Karnataka,Bengaluru Urban,19.5,1.73,53.4,29.3,17.0,57.6,763.4,2.71,Poor,Urban,10585,No,November,Low
Karnataka,Kodagu,28.6,2.63,28.6,48.5,16.9,55.4,791.7,4.71,Moderate,Agricultural,895,Yes,November,Low
Karnataka,Belagavi,11.6,2.14,33.1,64.2,21.0,54.2,203.3,3.78,Poor,Agricultural,843,No,November,Low
Karnataka,Bengaluru Urban,16.6,2.44,45.2,40.7,17.5,53.7,426.4,1.97,Good,Agricultural,694,No,November,Low
Karnataka,Belagavi,24.3,2.02,32.1,32.7,20.2,58.8,683.5,1.12,Poor,Urban,5799,No,November,Low
Karnataka,Kodagu,36.7,2.22,41.2,62.7,17.0,69.3,712.8,2.61,Good,Forest,198,Yes,November,Low
Karnataka,Kodagu,28.9,2.4,39.3,22.7,21.6,55.5,254.2,4.8,Moderate,Urban,10473,No,November,Low
Karnataka,Kodagu,8.7,1.73,54.4,58.6,20.3,64.9,372.2,1.6,Good,Forest,278,Yes,November,Low
Karnataka,Kodagu,33.0,1.98,39.5,50.0,17.8,54.9,549.5,4.11,Moderate,Agricultural,401,Yes,November,Low
Karnataka,Bengaluru Urban,27.1,2.52,65.8,50.8,19.8,58.3,159.7,5.42,Good,Agricultural,517,No,November,Low
Karnataka,Belagavi,27.5,2.07,37.0,26.2,17.6,65.7,603.5,5.59,Poor,Urban,8733,No,November,Low
Karnataka,Bengaluru Urban,19.4,2.56,29.8,53.0,19.0,63.8,523.8,5.39,Poor,Agricultural,661,Yes,November,Low
Karnataka,Belagavi,6.6,2.28,48.4,52.6,13.3,55.2,842.8,1.55,Good,Agricultural,433,Yes,November,Low
Karnataka,Kodagu,11.9,2.39,49.5,54.9,16.0,63.9,788.3,4.74,Moderate,Agricultural,282,No,November,Low
Karnataka,Kodagu,30.4,2.24,48.5,50.6,21.5,62.7,118.2,4.21,Good,Agricultural,1112,No,November,Low
Karnataka,Kodagu,23.7,1.95,46.8,48.6,20.2,54.8,566.7,1.41,Moderate,Agricultural,861,Yes,November,Low
Karnataka,Belagavi,28.7,2.53,43.5,55.6,20.2,60.2,320.3,2.63,Moderate,Agricultural,577,No,November,Low
Karnataka,Kodagu,12.6,2.42,57.8,23.4,20.0,48.2,315.9,4.09,Poor,Urban,5394,Yes,November,Low
Karnataka,Belagavi,41.7,2.41,38.4,62.7,14.6,58.6,718.4,8.35,Poor,Agricultural,976,Yes,November,Medium
Karnataka,Belagavi,20.9,2.9,47.0,50.8,20.4,51.8,319.5,1.15,Good,Agricultural,542,Yes,November,Low
Karnataka,Belagavi,0.0,2.25,34.5,28.7,23.5,53.2,394.4,5.18,Moderate,Urban,8045,No,November,Low
Karnataka,Belagavi,42.2,2.33,25.4,28.6,13.8,48.8,387.3,1.89,Moderate,Urban,8438,No,December,Low
Karnataka,Belagavi,12.0,2.24,63.3,34.1,21.4,55.5,45.0,3.3,Poor,Urban,9902,No,December,Low
Karnataka,Belagavi,10.2,2.01,34.0,30.0,13.9,56.5,508.9,4.33,Poor,Urban,7409,Yes,December,Low
Karnataka,Bengaluru Urban,27.6,2.51,46.2,56.6,15.6,69.0,296.1,6.33,Good,Forest,74,Yes,December,Low
Karnataka,Bengaluru Urban,2.3,2.02,31.1,25.7,14.9,65.7,428.0,4.49,Poor,Urban,8505,Yes,December,Low
Karnataka,Bengaluru Urban,0.0,1.87,45.1,41.9,18.8,52.4,84.1,6.15,Poor,Agricultural,422,No,December,Low
Karnataka,Belagavi,18.3,2.22,44.5,46.3,18.4,59.9,38.8,1.79,Moderate,Agricultural,481,No,December,Low
Karnataka,Kodagu,0.0,2.32,39.5,42.6,17.7,66.8,153.5,0.1,Poor,Urban,11444,No,December,Low
Karnataka,Belagavi,31.0,2.41,39.7,50.0,18.5,52.5,18.2,4.24,Good,Agricultural,937,No,December,Low
Karnataka,Kodagu,21.6,2.65,53.2,54.9,16.1,56.5,636.4,6.62,Good,Agricultural,620,No,December,Low
Karnataka,Kodagu,10.4,2.35,46.1,53.4,18.1,62.3,189.8,3.95,Moderate,Agricultural,854,No,December,Low
Karnataka,Bengaluru Urban,32.1,3.15,43.5,61.4,16.8,70.9,133.7,2.62,Good,Forest,102,No,December,Low
Karnataka,Belagavi,45.0,2.58,36.4,59.0,17.3,56.0,158.9,3.18,Moderate,Agricultural,437,Yes,December,Low
Karnataka,Belagavi,28.4,2.01,44.6,59.2,13.3,60.8,772.3,3.84,Poor,Agricultural,931,Yes,December,Low
Karnataka,Kodagu,46.7,2.61,56.5,57.5,18.2,51.7,312.2,3.31,Moderate,Agricultural,487,No,December,Low
Karnataka,Bengaluru Urban,27.3,1.92,54.2,52.8,15.9,61.8,798.5,1.12,Good,Forest,70,No,December,Low
Karnataka,Kodagu,5.7,1.88,45.8,55.3,13.8,62.1,501.4,5.4,Good,Forest,205,No,December,Low
Karnataka,Bengaluru Urban,18.5,2.11,45.2,27.9,16.6,61.6,42.7,3.36,Poor,Urban,10400,Yes,December,Low
Karnataka,Bengaluru Urban,24.3,2.03,39.9,50.5,19.2,59.1,79.8,0.95,Moderate,Agricultural,336,No,December,Low
Karnataka,Bengaluru Urban,12.5,1.89,56.9,43.2,11.6,49.0,733.6,3.51,Poor,Agricultural,716,Yes,December,Low
Karnataka,Bengaluru Urban,17.8,1.81,48.7,54.1,19.7,56.9,74.7,0.1,Good,Agricultural,615,No,December,Low
Karnataka,Belagavi,21.8,1.93,46.7,34.8,16.3,57.3,191.5,4.7,Moderate,Urban,10573,No,December,Low
Madhya Pradesh,Hoshangabad,10.6,2.18,38.9,28.4,14.0,56.7,593.4,7.24,Poor,Urban,10867,No,January,Low
Madhya Pradesh,Indore,9.9,2.02,55.1,48.2,14.8,53.4,477.8,4.52,Moderate,Agricultural,771,Yes,January,Low
Madhya Pradesh,Gwalior,3.0,2.09,41.9,53.2,13.9,47.1,594.1,3.12,Good,Agricultural,770,No,January,Low
Madhya Pradesh,Indore,1.4,1.68,44.9,55.4,17.7,63.0,596.9,3.98,Moderate,Agricultural,706,No,January,Low
Madhya Pradesh,Indore,15.0,2.12,33.3,54.5,14.7,75.9,508.5,2.41,Good,Forest,217,No,January,Low
Madhya Pradesh,Indore,21.2,2.06,41.5,32.0,17.4,63.0,375.9,3.49,Moderate,Urban,7048,No,January,Low
Madhya Pradesh,Gwalior,3.6,2.4,41.9,57.9,15.1,74.6,319.6,4.45,Good,Forest,255,No,January,Low
Madhya Pradesh,Hoshangabad,35.4,2.31,44.1,47.3,18.2,50.5,321.0,3.67,Good,Agricultural,762,No,January,Low
Madhya Pradesh,Gwalior,0.0,1.85,41.7,44.3,14.3,60.5,330.2,1.37,Moderate,Agricultural,478,Yes,January,Low
Madhya Pradesh,Indore,10.2,1.88,42.8,35.2,16.8,45.0,597.2,4.62,Good,Urban,9589,No,January,Low
Madhya Pradesh,Indore,30.0,2.76,63.7,30.5,14.1,58.3,543.6,4.83,Moderate,Urban,9287,No,January,Low
Madhya Pradesh,Indore,20.0,1.92,36.4,34.2,12.6,53.3,436.8,5.19,Poor,Urban,8563,Yes,January,Low
Madhya Pradesh,Gwalior,13.5,2.4,31.9,49.0,17.5,54.5,526.1,3.73,Moderate,Agricultural,759,No,January,Low
Madhya Pradesh,Indore,18.3,2.22,31.6,53.9,12.2,50.5,513.1,4.6,Moderate,Agricultural,653,No,January,Low
Madhya Pradesh,Hoshangabad,19.1,2.04,47.7,48.6,16.8,54.8,352.6,1.72,Moderate,Agricultural,475,Yes,January,Low
Madhya Pradesh,Gwalior,15.7,2.25,50.7,33.6,15.8,50.4,363.5,0.33,Poor,Urban,12974,No,January,Low
Madhya Pradesh,Gwalior,8.7,2.37,35.8,64.1,15.8,50.1,338.1,3.82,Good,Agricultural,800,No,January,Low
Madhya Pradesh,Gwalior,7.8,2.13,37.8,62.1,17.0,68.6,303.1,2.71,Good,Forest,89,No,January,Low
Madhya Pradesh,Gwalior,20.8,2.18,38.6,35.7,17.7,58.0,462.3,3.91,Moderate,Urban,7686,No,January,Low
Madhya Pradesh,Hoshangabad,9.1,1.89,46.9,55.1,14.0,51.1,558.5,3.48,Good,Agricultural,882,No,January,Low
Madhya Pradesh,Gwalior,7.8,1.98,39.8,17.5,16.6,47.7,369.2,3.29,Poor,Urban,3621,No,January,Low
Madhya Pradesh,Gwalior,12.7,1.86,36.5,51.2,16.1,60.1,381.7,2.8,Poor,Agricultural,1277,Yes,January,Low
Madhya Pradesh,Gwalior,37.6,2.9,40.1,53.5,18.2,56.9,309.9,2.98,Moderate,Agricultural,499,No,February,Low
Madhya Pradesh,Hoshangabad,7.4,2.39,47.1,30.4,20.6,50.7,468.2,4.41,Moderate,Urban,6359,No,February,Low
Madhya Pradesh,Hoshangabad,19.4,2.3,15.0,50.3,17.6,51.9,492.2,1.48,Poor,Agricultural,421,Yes,February,Medium
Madhya Pradesh,Hoshangabad,24.0,2.18,43.9,56.0,21.1,52.1,460.0,5.46,Good,Agricultural,644,No,February,Low
Madhya Pradesh,Gwalior,9.2,2.33,33.2,57.9,19.4,56.3,305.2,8.66,Poor,Agricultural,1033,No,February,Low
Madhya Pradesh,Gwalior,14.3,1.97,46.2,36.4,19.3,60.4,448.7,2.12,Moderate,Urban,7593,No,February,Low
Madhya Pradesh,Indore,20.9,2.3,47.1,53.3,17.4,62.0,339.8,2.76,Good,Forest,10,No,February,Low
Madhya Pradesh,Gwalior,12.9,1.9,53.0,39.4,20.7,61.6,348.4,0.1,Moderate,Urban,8370,No,February,Low
Madhya Pradesh,Gwalior,0.0,2.06,52.7,43.3,19.7,57.8,351.5,3.38,Good,Agricultural,755,No,February,Low
Madhya Pradesh,Gwalior,16.8,2.06,48.2,49.5,20.1,44.0,474.4,2.31,Good,Agricultural,658,No,February,Low
Madhya Pradesh,Gwalior,0.0,2.38,45.8,57.4,18.7,70.1,408.9,5.79,Good,Forest,89,No,February,Low
Madhya Pradesh,Hoshangabad,0.0,2.29,54.1,40.1,17.6,58.7,506.9,0.94,Moderate,Agricultural,1219,No,February,Low
Madhya Pradesh,Hoshangabad,12.2,1.94,40.4,48.8,16.8,54.3,451.1,2.77,Good,Agricultural,701,No,February,Low
Madhya Pradesh,Gwalior,0.0,1.47,41.3,53.2,17.5,58.6,437.7,2.39,Poor,Agricultural,1114,Yes,February,Low
Madhya Pradesh,Gwalior,28.0,2.27,63.1,51.9,20.2,57.7,427.3,5.04,Moderate,Agricultural,1055,No,February,Low
Madhya Pradesh,Hoshangabad,32.4,2.48,46.0,54.0,18.1,67.6,373.4,3.05,Good,Forest,180,No,February,Low
Madhya Pradesh,Indore,27.0,2.19,40.1,35.4,20.4,57.4,364.5,7.14,Poor,Urban,4751,No,February,Low
Madhya Pradesh,Gwalior,28.2,2.75,44.7,58.1,22.2,56.9,345.0,1.19,Good,Agricultural,225,No,February,Low
Madhya Pradesh,Indore,10.7,2.05,46.5,45.2,15.5,59.3,422.2,8.21,Moderate,Agricultural,454,No,February,Low
Madhya Pradesh,Indore,38.3,2.29,54.6,52.9,19.5,67.5,477.4,4.99,Good,Forest,81,No,February,Low
Madhya Pradesh,Indore,24.0,2.09,49.9,26.0,19.0,53.5,393.2,3.11,Moderate,Urban,8639,No,February,Low
Madhya Pradesh,Gwalior,11.3,2.12,60.4,52.4,16.6,60.5,501.6,3.79,Good,Agricultural,84,No,February,Low
Madhya Pradesh,Hoshangabad,11.7,2.36,63.1,22.2,21.6,55.6,522.4,0.11,Moderate,Urban,11038,No,March,Low
Madhya Pradesh,Hoshangabad,36.0,2.37,37.1,56.1,25.8,62.1,301.1,2.78,Good,Forest,189,No,March,Low
Madhya Pradesh,Gwalior,5.9,2.4,61.6,50.4,24.4,48.9,413.0,1.55,Poor,Agricultural,583,No,March,Low
Madhya Pradesh,Hoshangabad,24.4,2.2,31.2,55.0,23.9,61.4,328.9,3.34,Good,Agricultural,673,No,March,Low
Madhya Pradesh,Gwalior,22.8,2.48,43.0,59.4,22.1,58.6,554.8,7.06,Moderate,Agricultural,883,No,March,Low
Madhya Pradesh,Gwalior,9.7,1.84,49.4,58.6,22.9,67.0,593.8,5.54,Good,Forest,15,No,March,Low
Madhya Pradesh,Gwalior,29.6,2.01,36.1,32.2,22.9,52.9,311.6,3.06,Moderate,Urban,9064,No,March,Low
Madhya Pradesh,Hoshangabad,20.2,1.81,25.2,33.4,20.4,52.1,556.3,6.15,Moderate,Urban,5309,Yes,March,Low
Madhya Pradesh,Hoshangabad,43.7,2.44,53.1,60.9,25.6,67.6,480.7,4.82,Good,Forest,267,Yes,March,Low
Madhya Pradesh,Indore,18.2,2.16,23.5,50.5,23.2,53.1,438.9,5.37,Moderate,Agricultural,615,No,March,Low
Madhya Pradesh,Indore,16.1,2.31,64.9,30.8,25.8,63.1,304.9,3.97,Poor,Urban,9879,Yes,March,Low
Madhya Pradesh,Gwalior,20.4,2.26,57.8,25.5,25.3,62.8,491.8,4.05,Moderate,Urban,10069,No,March,Low
Madhya Pradesh,Hoshangabad,13.9,2.19,45.3,60.8,27.1,60.4,549.4,2.76,Good,Agricultural,842,Yes,March,Low
Madhya Pradesh,Hoshangabad,20.0,2.15,55.1,69.8,22.0,62.4,432.8,2.07,Poor,Forest,195,No,March,Low
Madhya Pradesh,Indore,16.6,2.45,58.0,59.1,21.7,48.2,477.7,7.57,Poor,Agricultural,545,No,March,Low
Madhya Pradesh,Hoshangabad,16.1,2.35,42.3,51.9,24.7,52.0,360.6,1.07,Moderate,Agricultural,794,No,March,Low
Madhya Pradesh,Hoshangabad,12.2,2.71,36.7,59.0,25.0,63.1,480.6,2.65,Moderate,Agricultural,937,No,March,Low
Madhya Pradesh,Hoshangabad,16.0,1.94,54.0,63.6,22.9,56.9,418.4,4.28,Moderate,Forest,164,No,March,Low
Madhya Pradesh,Hoshangabad,40.5,1.87,45.7,65.5,22.6,54.2,545.3,0.22,Good,Forest,170,No,March,Low
Madhya Pradesh,Gwalior,12.0,1.74,61.9,60.1,25.5,40.8,569.4,2.46,Moderate,Agricultural,878,No,March,Low
Madhya Pradesh,Gwalior,20.9,1.62,41.3,38.2,25.2,54.6,574.8,3.24,Moderate,Urban,12651,No,March,Low
Madhya Pradesh,Gwalior,19.6,2.35,42.1,58.2,22.8,55.4,421.7,0.1,Poor,Agricultural,270,No,March,Low
Madhya Pradesh,Gwalior,38.1,2.62,44.8,51.6,29.5,47.6,455.6,3.79,Poor,Agricultural,828,No,April,Low
Madhya Pradesh,Hoshangabad,30.6,2.06,44.1,36.5,30.3,62.3,578.5,4.55,Good,Urban,14260,No,April,Low
Madhya Pradesh,Indore,10.4,1.5,55.8,51.8,26.3,58.3,568.9,5.23,Poor,Agricultural,1099,No,April,Low
Madhya Pradesh,Hoshangabad,24.4,2.03,50.1,56.5,30.5,64.5,397.1,4.61,Poor,Forest,159,No,April,Low
Madhya Pradesh,Hoshangabad,25.9,2.07,31.1,57.4,28.2,63.1,359.5,2.26,Good,Forest,96,No,April,Low
Madhya Pradesh,Hoshangabad,5.9,2.32,54.3,48.2,30.8,57.4,318.0,1.81,Moderate,Agricultural,245,No,April,Low
Madhya Pradesh,Gwalior,29.6,3.02,52.7,55.0,28.3,56.7,539.9,3.63,Good,Forest,101,No,April,Low
Madhya Pradesh,Hoshangabad,18.0,2.02,29.0,42.9,29.3,59.0,438.8,4.25,Good,Agricultural,848,Yes,April,Low
Madhya Pradesh,Indore,39.6,2.14,47.2,52.5,25.7,66.9,554.1,6.12,Moderate,Forest,193,Yes,April,Low
Madhya Pradesh,Hoshangabad,39.7,2.78,38.9,43.7,28.2,58.7,447.7,4.21,Moderate,Urban,7435,No,April,Low
Madhya Pradesh,Gwalior,0.0,1.91,44.2,36.0,31.1,49.3,471.8,3.53,Moderate,Urban,12831,Yes,April,Low
Madhya Pradesh,Gwalior,26.0,2.64,22.9,61.9,30.1,70.3,416.0,5.44,Poor,Forest,152,No,April,Low
Madhya Pradesh,Hoshangabad,10.2,2.1,55.9,26.4,27.4,62.7,478.2,1.92,Good,Urban,6841,No,April,Low
Madhya Pradesh,Hoshangabad,19.4,2.73,65.7,32.2,30.2,60.9,508.2,2.35,Poor,Urban,8352,No,April,Low
Madhya Pradesh,Hoshangabad,22.3,2.41,70.4,36.0,29.1,59.6,398.4,3.54,Poor,Urban,8416,Yes,April,Low
Madhya Pradesh,Indore,35.8,2.18,44.3,55.3,29.6,61.7,450.8,0.51,Moderate,Agricultural,730,Yes,April,Low
Madhya Pradesh,Indore,63.2,3.22,43.2,57.2,29.8,59.9,407.6,2.48,Moderate,Agricultural,1192,No,April,Low
Madhya Pradesh,Gwalior,12.7,2.34,47.6,56.7,30.0,43.2,397.5,2.27,Good,Agricultural,801,No,April,Low
Madhya Pradesh,Hoshangabad,15.1,2.37,39.6,52.0,32.8,51.1,328.5,2.64,Moderate,Agricultural,771,No,April,Low
Madhya Pradesh,Gwalior,18.4,2.12,51.4,43.9,28.2,60.4,552.1,6.0,Poor,Agricultural,990,Yes,April,Low
Madhya Pradesh,Gwalior,24.4,2.62,49.6,51.7,27.5,52.9,597.8,7.95,Moderate,Agricultural,570,No,April,Low
Madhya Pradesh,Hoshangabad,15.0,2.74,36.7,43.5,29.4,53.9,419.0,2.76,Good,Agricultural,1102,No,April,Low
Madhya Pradesh,Hoshangabad,0.0,1.97,40.7,55.8,27.8,57.5,492.1,3.13,Good,Forest,91,Yes,May,Low
Madhya Pradesh,Indore,16.9,2.3,42.4,39.7,32.6,61.7,337.4,1.58,Poor,Urban,7767,Yes,May,Low
Madhya Pradesh,Indore,7.5,2.23,44.0,64.7,31.3,56.9,516.6,2.8,Good,Forest,77,No,May,Low
Madhya Pradesh,Indore,18.9,1.86,32.0,52.5,30.4,59.0,355.9,6.13,Good,Agricultural,631,No,May,Low
Madhya Pradesh,Hoshangabad,27.0,2.19,25.2,36.4,30.9,57.2,383.2,4.14,Poor,Urban,15228,No,May,Low
Madhya Pradesh,Indore,6.7,1.93,54.7,30.9,30.3,56.0,310.7,3.96,Poor,Urban,11659,No,May,Low
Madhya Pradesh,Gwalior,35.5,2.63,64.1,56.7,28.6,56.0,583.1,0.43,Good,Agricultural,362,No,May,Low
Madhya Pradesh,Indore,26.6,2.33,37.1,55.3,33.0,66.2,470.7,7.37,Good,Forest,158,No,May,Low
Madhya Pradesh,Gwalior,19.4,1.98,57.8,58.4,29.5,64.1,524.9,3.13,Moderate,Forest,197,No,May,Low
Madhya Pradesh,Gwalior,4.8,2.03,52.3,35.9,33.1,59.1,350.3,2.07,Moderate,Urban,12104,No,May,Low
Madhya Pradesh,Hoshangabad,29.9,2.14,37.6,32.4,31.6,56.2,470.4,2.23,Poor,Urban,7688,No,May,Low
Madhya Pradesh,Indore,6.3,2.08,51.7,50.0,28.6,54.2,445.9,6.09,Moderate,Agricultural,65,No,May,Low
Madhya Pradesh,Gwalior,18.1,2.26,55.5,31.3,30.4,52.3,553.6,2.02,Poor,Urban,5045,Yes,May,Low
Madhya Pradesh,Hoshangabad,19.1,2.72,43.8,62.2,32.6,69.9,310.2,4.1,Good,Forest,240,No,May,Low
Madhya Pradesh,Gwalior,23.3,2.26,41.8,51.9,32.3,49.9,440.9,3.65,Good,Agricultural,537,No,May,Low
Madhya Pradesh,Indore,9.4,1.48,42.7,69.3,30.5,64.6,342.7,2.33,Moderate,Forest,152,No,May,Low
Madhya Pradesh,Gwalior,18.4,2.13,33.5,61.8,27.7,66.2,511.4,3.02,Good,Forest,89,No,May,Low
Madhya Pradesh,Hoshangabad,12.1,2.22,37.7,34.9,32.5,53.5,443.1,5.25,Moderate,Urban,12770,No,May,Low
Madhya Pradesh,Gwalior,31.5,1.6,48.4,35.2,31.5,51.9,432.8,2.15,Poor,Urban,6087,No,May,Low
Madhya Pradesh,Gwalior,6.8,1.8,46.8,44.3,31.0,55.9,571.7,5.69,Good,Agricultural,653,No,May,Low
Madhya Pradesh,Indore,26.5,2.11,48.4,64.1,33.4,73.8,420.5,8.22,Good,Forest,69,No,May,Low
Madhya Pradesh,Gwalior,10.1,1.77,31.3,35.3,29.5,53.4,487.1,3.53,Good,Urban,5257,No,May,Low
Madhya Pradesh,Gwalior,158.3,4.14,58.7,38.7,27.4,87.6,525.7,4.07,Poor,Urban,11072,No,June,Low
Madhya Pradesh,Gwalior,151.7,3.63,54.7,55.6,29.3,80.4,334.4,6.68,Moderate,Agricultural,736,No,June,Low
Madhya Pradesh,Indore,141.1,3.87,51.2,63.1,32.7,90.3,359.3,3.5,Poor,Agricultural,1066,No,June,Low
Madhya Pradesh,Hoshangabad,268.4,5.4,49.5,52.9,27.4,91.3,346.0,4.25,Poor,Urban,9832,No,June,High
Madhya Pradesh,Gwalior,130.7,4.13,62.6,64.5,26.2,92.8,545.7,1.83,Moderate,Forest,249,Yes,June,Medium
Madhya Pradesh,Gwalior,177.9,4.55,65.0,35.9,27.1,86.1,487.4,2.84,Poor,Urban,9260,No,June,Medium
Madhya Pradesh,Hoshangabad,123.0,3.57,54.0,63.5,29.1,95.3,442.2,3.25,Moderate,Forest,207,Yes,June,Medium
Madhya Pradesh,Indore,118.9,3.45,60.6,74.1,27.3,94.9,460.6,3.26,Good,Forest,161,No,June,Low
Madhya Pradesh,Gwalior,30.0,3.34,72.3,60.2,28.0,80.2,383.9,0.1,Good,Agricultural,849,No,June,Low
Madhya Pradesh,Indore,43.1,2.69,71.5,52.2,26.6,81.5,443.9,4.79,Poor,Agricultural,572,No,June,Low
Madhya Pradesh,Gwalior,148.9,4.47,43.3,62.5,29.8,84.6,322.2,4.65,Poor,Agricultural,912,No,June,Medium
Madhya Pradesh,Indore,85.2,3.57,73.8,45.9,29.2,81.5,374.1,5.77,Poor,Urban,5997,No,June,Low
Madhya Pradesh,Indore,145.1,3.89,50.1,62.6,30.7,89.0,350.0,4.3,Moderate,Agricultural,912,No,June,Low
Madhya Pradesh,Gwalior,113.9,4.06,50.0,54.9,28.5,79.7,449.6,0.34,Good,Agricultural,701,No,June,Low
Madhya Pradesh,Hoshangabad,246.0,5.54,49.0,81.9,28.7,78.9,398.3,7.21,Moderate,Agricultural,257,No,June,High
Madhya Pradesh,Indore,187.9,4.47,68.7,46.7,29.9,82.7,578.4,3.53,Moderate,Urban,10487,Yes,June,Medium
Madhya Pradesh,Gwalior,131.4,3.78,64.5,55.4,30.1,82.7,430.7,1.28,Good,Agricultural,66,No,June,Low
Madhya Pradesh,Gwalior,142.3,4.48,50.8,55.4,27.9,86.5,568.4,1.29,Poor,Agricultural,893,No,June,Medium
Madhya Pradesh,Gwalior,167.8,4.52,57.3,49.4,27.5,88.7,315.8,1.04,Poor,Urban,8467,No,June,Medium
Madhya Pradesh,Gwalior,158.5,4.45,53.0,59.8,27.8,85.3,536.9,4.93,Moderate,Agricultural,823,No,June,Medium
Madhya Pradesh,Gwalior,101.0,3.34,68.5,46.3,28.8,77.3,357.2,2.32,Moderate,Urban,10936,No,June,Low
Madhya Pradesh,Indore,134.3,3.93,55.3,59.5,32.4,92.0,401.5,2.95,Good,Agricultural,522,No,June,Low
Madhya Pradesh,Indore,104.3,3.28,63.2,47.8,28.4,88.8,413.5,3.78,Poor,Agricultural,658,No,July,Low
Madhya Pradesh,Indore,175.9,4.35,59.5,42.7,26.2,87.2,517.0,6.56,Poor,Urban,10962,No,July,Medium
Madhya Pradesh,Hoshangabad,137.7,4.42,53.5,62.8,26.0,90.0,542.8,3.59,Moderate,Agricultural,693,No,July,Low
Madhya Pradesh,Indore,163.3,4.26,64.9,70.0,27.1,87.6,308.0,1.21,Moderate,Agricultural,711,No,July,Medium
Madhya Pradesh,Indore,155.0,4.38,67.1,63.5,24.3,85.1,392.5,1.65,Poor,Agricultural,923,No,July,Medium
Madhya Pradesh,Indore,130.7,3.85,68.0,37.4,20.8,87.0,597.0,1.99,Moderate,Urban,13078,No,July,Low
Madhya Pradesh,Gwalior,208.4,4.56,65.4,57.6,27.3,95.9,556.4,6.34,Moderate,Urban,10355,Yes,July,High
Madhya Pradesh,Indore,73.5,3.75,64.0,35.4,22.3,81.6,525.6,3.52,Moderate,Urban,8640,No,July,Low
Madhya Pradesh,Gwalior,132.9,4.48,86.8,46.4,22.7,90.5,465.4,2.88,Good,Urban,4301,No,July,Medium
Madhya Pradesh,Gwalior,139.9,4.26,70.2,67.1,27.2,93.9,373.5,3.13,Good,Forest,51,No,July,Low
Madhya Pradesh,Gwalior,105.1,3.51,84.8,55.5,24.5,84.0,552.3,2.43,Moderate,Agricultural,610,No,July,Medium
Madhya Pradesh,Gwalior,58.6,3.25,70.6,62.0,25.8,81.8,427.1,2.85,Moderate,Agricultural,722,Yes,July,Medium
Madhya Pradesh,Hoshangabad,209.7,5.42,65.5,63.8,24.7,92.3,400.0,4.74,Moderate,Agricultural,517,No,July,Medium
Madhya Pradesh,Indore,202.0,4.52,73.1,48.5,25.8,92.6,564.3,4.49,Poor,Urban,8726,Yes,July,High
Madhya Pradesh,Hoshangabad,173.6,4.4,57.3,52.8,23.7,96.0,425.2,6.54,Moderate,Urban,7939,No,July,Medium
Madhya Pradesh,Indore,168.1,4.14,77.9,45.7,21.3,84.4,489.4,1.08,Poor,Urban,10403,No,July,Medium
Madhya Pradesh,Gwalior,135.4,3.66,51.7,38.0,26.9,86.2,467.1,5.95,Poor,Urban,4005,No,July,Low
Madhya Pradesh,Indore,159.3,4.65,61.7,76.4,25.0,100.0,394.1,0.1,Moderate,Forest,194,Yes,July,High
Madhya Pradesh,Gwalior,144.3,3.47,60.9,64.4,24.4,80.0,419.3,5.78,Poor,Agricultural,956,No,July,Medium
Madhya Pradesh,Indore,148.4,4.19,53.5,68.2,24.9,85.2,356.9,1.9,Poor,Agricultural,650,No,July,Medium
Madhya Pradesh,Hoshangabad,64.3,3.08,68.0,49.4,26.9,79.8,533.0,1.19,Poor,Agricultural,173,No,July,Low
Madhya Pradesh,Hoshangabad,145.8,3.94,68.4,63.2,24.3,80.0,456.7,6.06,Moderate,Agricultural,659,Yes,July,Medium
Madhya Pradesh,Gwalior,79.0,3.19,89.6,51.3,27.2,88.6,382.4,0.1,Moderate,Agricultural,815,No,August,Low
Madhya Pradesh,Indore,199.6,4.67,70.5,47.6,25.4,90.7,382.0,4.19,Moderate,Urban,2467,Yes,August,High
Madhya Pradesh,Hoshangabad,154.2,4.51,70.4,67.3,25.7,93.0,471.8,6.96,Poor,Agricultural,1035,No,August,Medium
Madhya Pradesh,Hoshangabad,123.3,4.24,72.9,62.7,28.1,86.5,552.2,1.19,Moderate,Agricultural,547,Yes,August,Medium
Madhya Pradesh,Indore,203.5,4.19,66.9,71.2,26.3,88.3,322.7,1.26,Good,Agricultural,684,No,August,Medium
Madhya Pradesh,Gwalior,105.3,3.51,89.7,60.0,26.7,86.6,407.3,5.71,Good,Agricultural,832,No,August,Low
Madhya Pradesh,Hoshangabad,142.2,4.02,75.5,62.2,26.1,89.2,549.8,4.66,Good,Agricultural,866,Yes,August,Medium
Madhya Pradesh,Hoshangabad,144.4,4.2,69.9,66.4,23.3,81.5,548.5,2.91,Moderate,Agricultural,671,No,August,Medium
Madhya Pradesh,Hoshangabad,60.8,3.2,76.0,50.2,25.4,85.0,448.4,2.93,Good,Agricultural,757,No,August,Low
Madhya Pradesh,Gwalior,138.1,4.18,80.8,60.7,26.2,77.4,584.0,7.67,Good,Agricultural,486,Yes,August,Medium
Madhya Pradesh,Indore,32.7,3.0,83.2,29.5,24.1,77.3,431.3,1.18,Moderate,Urban,8976,No,August,Low
Madhya Pradesh,Indore,44.9,3.08,86.5,34.3,24.4,82.4,423.0,2.28,Good,Urban,11975,No,August,Low
Madhya Pradesh,Hoshangabad,122.4,3.2,74.4,43.8,23.9,72.8,564.8,5.01,Good,Urban,11515,No,August,Low
Madhya Pradesh,Indore,126.8,4.19,66.1,40.4,25.7,76.3,557.2,0.73,Poor,Urban,9728,No,August,Medium
Madhya Pradesh,Hoshangabad,139.7,4.4,83.9,58.3,23.5,89.6,599.5,3.06,Poor,Agricultural,841,No,August,Medium
Madhya Pradesh,Hoshangabad,157.3,4.36,80.2,63.8,25.8,100.0,361.2,3.46,Good,Forest,91,No,August,Medium
Madhya Pradesh,Gwalior,154.3,4.06,84.9,46.4,27.3,88.4,313.3,1.09,Poor,Urban,9214,No,August,Medium
Madhya Pradesh,Hoshangabad,143.7,3.84,85.8,69.1,23.7,91.0,527.6,4.04,Poor,Agricultural,733,No,August,Medium
Madhya Pradesh,Gwalior,190.6,4.97,91.2,59.9,24.4,87.2,484.6,7.95,Moderate,Agricultural,567,No,August,Medium
Madhya Pradesh,Gwalior,116.4,3.82,73.7,41.2,24.0,76.1,389.7,5.42,Poor,Urban,7741,No,August,Low
Madhya Pradesh,Gwalior,96.4,4.0,79.6,57.9,25.0,79.2,558.9,0.32,Moderate,Agricultural,731,No,August,Medium
Madhya Pradesh,Indore,76.5,3.71,83.4,57.4,26.6,73.0,346.6,5.12,Good,Agricultural,908,No,August,Low
Madhya Pradesh,Indore,174.8,4.45,77.3,80.2,24.4,91.4,581.0,5.6,Moderate,Forest,229,No,September,Medium
Madhya Pradesh,Hoshangabad,218.7,4.96,92.0,70.7,24.8,88.0,577.4,5.23,Good,Forest,97,No,September,Medium
Madhya Pradesh,Hoshangabad,150.7,4.03,70.9,61.5,23.2,100.0,352.8,2.04,Moderate,Agricultural,526,No,September,Medium
Madhya Pradesh,Indore,158.8,3.9,73.3,44.4,26.0,82.8,500.7,2.11,Poor,Urban,4290,Yes,September,Medium
Madhya Pradesh,Indore,69.3,3.56,81.6,52.1,26.0,87.4,328.8,5.82,Moderate,Agricultural,689,No,September,Low
Madhya Pradesh,Hoshangabad,88.9,3.79,75.7,36.2,22.8,78.4,475.7,9.03,Poor,Urban,7918,No,September,Low
Madhya Pradesh,Hoshangabad,87.0,3.44,94.2,53.4,26.1,81.7,541.8,4.78,Good,Agricultural,426,Yes,September,Medium
Madhya Pradesh,Hoshangabad,91.5,3.78,68.2,50.3,25.5,80.0,491.6,2.96,Good,Agricultural,686,No,September,Low
Madhya Pradesh,Hoshangabad,158.7,3.87,92.9,43.6,23.4,89.9,428.1,8.25,Moderate,Urban,12387,No,September,Medium
Madhya Pradesh,Gwalior,46.8,3.04,81.3,52.5,21.5,82.9,519.0,3.71,Good,Agricultural,844,No,September,Low
Madhya Pradesh,Gwalior,176.5,4.47,89.8,43.6,24.4,87.6,370.5,4.9,Moderate,Urban,9222,Yes,September,Medium
Madhya Pradesh,Indore,195.5,4.87,74.0,48.5,24.2,89.2,517.9,3.13,Good,Urban,1934,Yes,September,High
Madhya Pradesh,Hoshangabad,143.7,4.36,85.0,80.9,23.0,99.3,459.7,3.78,Good,Forest,200,No,September,Medium
Madhya Pradesh,Hoshangabad,81.6,3.68,86.0,30.4,21.9,77.1,448.6,2.5,Poor,Urban,12026,No,September,Low
Madhya Pradesh,Indore,216.8,4.88,60.9,70.6,23.4,93.5,455.4,2.33,Moderate,Agricultural,714,No,September,Medium
Madhya Pradesh,Indore,195.6,4.24,100.0,64.8,25.5,91.2,434.5,4.89,Poor,Agricultural,1256,No,September,Medium
Madhya Pradesh,Gwalior,70.3,3.13,81.3,64.0,25.2,94.2,331.3,2.61,Good,Forest,116,Yes,September,Medium
Madhya Pradesh,Indore,230.6,5.04,80.8,66.4,24.9,87.0,310.0,1.1,Moderate,Agricultural,1412,No,September,High
Madhya Pradesh,Hoshangabad,228.7,5.01,83.9,73.2,24.8,96.4,527.6,5.77,Good,Agricultural,693,No,September,Medium
Madhya Pradesh,Gwalior,108.2,3.8,86.0,41.2,23.6,81.5,554.3,0.9,Moderate,Urban,5897,No,September,Low
Madhya Pradesh,Hoshangabad,177.2,4.68,94.7,75.0,22.4,94.2,434.8,2.3,Moderate,Forest,207,Yes,September,High
Madhya Pradesh,Indore,150.1,4.23,89.3,58.3,24.1,88.7,417.0,5.88,Poor,Agricultural,872,No,September,Medium
Madhya Pradesh,Indore,25.9,2.34,29.9,43.2,24.2,59.6,439.3,1.9,Moderate,Agricultural,739,No,October,Low
Madhya Pradesh,Indore,30.8,2.85,47.6,49.3,21.8,54.6,474.7,5.64,Moderate,Agricultural,1000,No,October,Low
Madhya Pradesh,Gwalior,27.8,2.51,59.2,46.7,24.4,56.9,438.6,2.44,Moderate,Agricultural,885,No,October,Low
Madhya Pradesh,Hoshangabad,22.5,2.56,58.1,34.1,19.3,60.2,508.3,1.92,Poor,Urban,9015,Yes,October,Medium
Madhya Pradesh,Indore,10.1,1.74,52.3,62.6,22.5,72.6,562.4,3.82,Poor,Forest,161,Yes,October,Low
Madhya Pradesh,Hoshangabad,36.2,2.62,38.7,62.0,21.7,70.3,578.2,3.75,Good,Forest,148,Yes,October,Low
Madhya Pradesh,Hoshangabad,11.4,1.75,55.4,45.4,21.8,47.4,531.3,2.16,Moderate,Agricultural,453,No,October,Low
Madhya Pradesh,Hoshangabad,10.3,1.43,44.6,35.8,21.9,60.9,300.9,4.84,Moderate,Urban,3741,No,October,Low
Madhya Pradesh,Gwalior,40.0,2.51,41.0,48.4,23.6,65.8,349.7,4.12,Moderate,Forest,184,No,October,Low
Madhya Pradesh,Hoshangabad,17.6,1.89,35.5,51.9,26.3,55.3,345.1,5.47,Moderate,Agricultural,952,No,October,Low
Madhya Pradesh,Indore,22.9,2.98,44.4,39.5,21.6,55.3,413.9,1.99,Moderate,Urban,6591,No,October,Low
Madhya Pradesh,Gwalior,26.3,2.33,33.1,50.8,20.4,63.7,566.9,4.18,Good,Forest,193,Yes,October,Low
Madhya Pradesh,Hoshangabad,20.1,1.95,52.3,25.7,21.0,58.6,550.4,3.8,Moderate,Urban,8229,No,October,Low
Madhya Pradesh,Indore,12.0,2.58,40.9,60.2,21.5,69.1,555.7,3.6,Good,Forest,58,No,October,Low
Madhya Pradesh,Hoshangabad,34.9,2.42,51.4,39.6,20.7,57.6,468.6,3.02,Good,Agricultural,669,Yes,October,Low
Madhya Pradesh,Indore,30.9,2.21,53.3,32.7,23.6,54.4,379.5,2.74,Poor,Urban,7788,No,October,Low
Madhya Pradesh,Indore,22.1,1.98,57.8,51.0,23.5,66.2,436.1,4.16,Poor,Agricultural,1409,No,October,Low
Madhya Pradesh,Hoshangabad,15.8,2.38,51.0,34.9,23.9,51.3,487.3,2.34,Poor,Urban,9823,No,October,Low
Madhya Pradesh,Hoshangabad,40.6,2.6,44.3,54.4,23.1,55.3,305.0,4.37,Moderate,Agricultural,381,No,October,Low
Madhya Pradesh,Indore,23.8,2.56,63.0,35.6,21.6,59.4,592.5,7.23,Moderate,Urban,4918,No,October,Low
Madhya Pradesh,Gwalior,17.9,2.43,60.9,63.8,22.8,65.8,337.4,2.3,Moderate,Forest,164,No,October,Low
Madhya Pradesh,Hoshangabad,8.0,1.99,46.1,33.3,26.6,57.2,464.4,0.29,Poor,Urban,4875,No,October,Low
Madhya Pradesh,Gwalior,27.2,2.77,50.3,30.5,20.2,52.3,515.6,2.05,Poor,Urban,8497,No,November,Low
Madhya Pradesh,Hoshangabad,19.4,1.63,44.1,28.7,19.6,52.4,381.6,6.35,Good,Urban,10338,No,November,Low
Madhya Pradesh,Indore,24.6,1.55,40.0,64.8,20.0,68.4,548.8,7.95,Good,Forest,123,No,November,Low
Madhya Pradesh,Gwalior,38.0,2.12,45.4,38.5,17.7,60.9,329.5,3.02,Moderate,Urban,9754,No,November,Low
Madhya Pradesh,Gwalior,40.2,2.19,34.0,30.2,18.4,58.8,468.8,5.82,Poor,Urban,7798,Yes,November,Low
Madhya Pradesh,Hoshangabad,10.1,1.6,27.2,33.5,17.4,54.1,496.9,4.78,Poor,Urban,8025,No,November,Low
Madhya Pradesh,Hoshangabad,20.0,2.39,45.2,33.4,17.6,57.7,537.3,5.61,Moderate,Urban,2086,No,November,Low
Madhya Pradesh,Gwalior,38.5,1.92,47.3,50.7,21.9,48.7,327.5,4.99,Good,Agricultural,484,No,November,Low
Madhya Pradesh,Hoshangabad,0.4,1.78,43.4,50.3,19.4,57.9,378.3,3.35,Poor,Agricultural,838,No,November,Low
Madhya Pradesh,Hoshangabad,32.6,2.21,44.7,59.2,17.5,74.6,412.9,2.37,Good,Forest,92,Yes,November,Low
Madhya Pradesh,Indore,10.8,2.17,37.7,57.3,17.4,60.8,490.8,1.81,Good,Agricultural,379,Yes,November,Low
Madhya Pradesh,Gwalior,45.7,2.97,41.9,24.3,22.0,59.0,330.1,5.33,Poor,Urban,8810,No,November,Low
Madhya Pradesh,Indore,44.4,2.54,33.6,32.0,18.1,52.9,552.4,4.49,Poor,Urban,6411,No,November,Low
Madhya Pradesh,Gwalior,14.7,2.28,49.9,56.8,20.5,59.0,514.0,2.22,Good,Agricultural,1058,No,November,Low
Madhya Pradesh,Indore,4.8,2.14,53.8,52.4,17.8,59.9,506.9,4.66,Moderate,Agricultural,50,No,November,Low
Madhya Pradesh,Gwalior,38.2,2.45,47.0,30.4,19.9,66.3,398.8,2.47,Moderate,Urban,3497,Yes,November,Low
Madhya Pradesh,Indore,7.5,2.0,56.4,34.4,19.9,62.9,544.9,5.01,Moderate,Urban,7902,No,November,Low
Madhya Pradesh,Indore,25.4,2.87,50.6,56.5,19.1,60.5,372.0,2.01,Moderate,Agricultural,848,No,November,Low
Madhya Pradesh,Indore,31.4,2.46,39.7,54.1,19.4,53.9,384.7,7.94,Poor,Agricultural,858,No,November,Low
Madhya Pradesh,Indore,20.5,2.38,32.0,50.3,19.5,70.1,491.0,6.26,Good,Forest,189,Yes,November,Low
Madhya Pradesh,Indore,16.4,2.32,57.6,66.4,21.4,59.8,458.8,5.56,Good,Forest,119,Yes,November,Low
Madhya Pradesh,Hoshangabad,18.8,1.93,52.0,53.9,14.0,54.3,589.4,4.31,Poor,Agricultural,452,No,November,Low
Madhya Pradesh,Hoshangabad,20.2,1.93,51.0,34.2,17.6,59.8,327.5,5.09,Poor,Urban,2153,Yes,December,Low
Madhya Pradesh,Gwalior,26.4,2.3,27.1,50.2,14.4,54.3,584.3,4.75,Good,Agricultural,138,No,December,Low
Madhya Pradesh,Hoshangabad,4.4,1.78,57.2,42.6,14.2,57.4,487.8,2.51,Poor,Agricultural,680,Yes,December,Low
Madhya Pradesh,Hoshangabad,15.0,2.55,31.2,26.2,16.6,50.4,444.4,4.25,Moderate,Urban,8259,Yes,December,Low
Madhya Pradesh,Indore,34.2,2.17,40.5,61.3,14.6,51.5,580.6,1.91,Moderate,Agricultural,885,No,December,Low
Madhya Pradesh,Hoshangabad,40.0,2.52,58.1,38.9,12.9,57.7,430.7,2.03,Moderate,Urban,6340,No,December,Low
Madhya Pradesh,Hoshangabad,34.5,2.14,40.1,60.2,17.9,65.1,316.0,2.4,Moderate,Forest,153,No,December,Low
Madhya Pradesh,Indore,32.1,2.36,51.7,50.1,18.6,57.8,423.3,0.1,Poor,Agricultural,741,No,December,Low
Madhya Pradesh,Indore,26.1,2.1,32.3,61.8,15.5,54.3,446.7,7.95,Good,Forest,128,No,December,Low
Madhya Pradesh,Indore,20.0,1.71,32.2,34.1,17.2,44.2,467.1,0.1,Good,Urban,8702,No,December,Low
Madhya Pradesh,Hoshangabad,38.8,2.18,42.9,51.1,14.2,63.9,481.2,2.64,Moderate,Agricultural,275,No,December,Low
Madhya Pradesh,Gwalior,18.3,2.08,54.7,44.5,18.3,56.4,372.5,2.6,Poor,Urban,6120,No,December,Low
Madhya Pradesh,Hoshangabad,14.2,2.14,36.5,32.2,16.8,52.6,575.0,4.61,Good,Urban,11741,Yes,December,Low
Madhya Pradesh,Indore,11.9,2.12,41.3,49.9,11.2,61.7,587.3,1.66,Moderate,Agricultural,817,No,December,Low
Madhya Pradesh,Indore,26.3,1.98,40.4,47.8,17.7,59.8,441.0,6.9,Moderate,Agricultural,848,No,December,Low
Madhya Pradesh,Gwalior,8.3,2.47,51.3,41.3,17.6,57.9,495.9,5.25,Poor,Urban,3858,No,December,Low
Madhya Pradesh,Indore,51.5,2.49,55.2,56.9,14.3,65.2,387.1,0.92,Moderate,Forest,270,Yes,December,Medium
Madhya Pradesh,Hoshangabad,0.0,2.48,39.0,56.4,19.7,69.8,334.8,2.32,Moderate,Agricultural,933,Yes,December,Low
Madhya Pradesh,Hoshangabad,34.8,2.3,46.5,30.5,15.0,51.0,552.9,3.32,Moderate,Urban,13103,No,December,Low
Madhya Pradesh,Indore,19.3,2.43,23.4,61.2,14.2,72.8,451.5,2.72,Good,Forest,128,No,December,Low
Madhya Pradesh,Hoshangabad,32.1,2.31,43.4,54.7,14.0,52.2,473.3,0.48,Good,Agricultural,825,Yes,December,Low
Madhya Pradesh,Gwalior,29.8,1.86,46.8,22.7,17.3,61.0,315.5,5.01,Poor,Urban,9050,No,December,Low
Telangana,Hyderabad,10.4,2.33,59.1,30.5,14.4,54.5,500.4,3.41,Poor,Urban,11969,No,January,Low
Telangana,Khammam,22.1,1.95,57.9,44.2,16.8,59.2,359.1,0.18,Poor,Urban,6616,Yes,January,Medium
Telangana,Hyderabad,38.9,2.61,36.0,34.1,13.1,52.8,445.6,3.76,Moderate,Urban,13375,No,January,Low
Telangana,Khammam,15.3,1.95,55.4,33.4,14.7,53.8,331.7,5.28,Poor,Urban,9894,No,January,Low
Telangana,Khammam,11.6,1.99,43.8,47.8,15.9,59.0,422.7,3.79,Moderate,Agricultural,696,No,January,Low
Telangana,Hyderabad,40.8,2.54,41.1,61.1,16.1,64.5,438.8,4.82,Poor,Forest,84,Yes,January,Low
Telangana,Hyderabad,19.3,2.77,60.3,53.3,14.3,59.0,412.1,4.72,Good,Agricultural,1012,Yes,January,Low
Telangana,Khammam,17.0,1.86,39.6,63.7,15.8,56.5,373.8,5.26,Good,Agricultural,1270,No,January,Low
Telangana,Hyderabad,16.0,2.11,30.3,50.0,17.7,47.9,475.5,4.01,Good,Agricultural,836,Yes,January,Low
Telangana,Hyderabad,15.1,1.38,46.1,51.0,13.4,49.7,319.1,2.31,Poor,Agricultural,619,No,January,Low
Telangana,Khammam,8.2,2.27,42.5,53.6,14.7,59.7,503.9,5.1,Poor,Forest,281,No,January,Low
Telangana,Hyderabad,20.2,2.38,43.3,25.6,12.8,54.3,476.6,0.93,Poor,Urban,8426,No,January,Low
Telangana,Khammam,33.9,2.64,35.4,59.9,13.5,70.1,590.2,1.8,Good,Forest,55,Yes,January,Low
Telangana,Hyderabad,19.1,2.22,46.9,51.1,17.9,63.0,388.8,4.12,Good,Agricultural,512,No,January,Low
Telangana,Khammam,23.9,2.18,56.5,60.5,15.6,71.7,575.9,3.0,Good,Forest,183,Yes,January,Low
Telangana,Hyderabad,8.0,2.16,58.3,52.5,13.5,59.9,391.3,3.38,Good,Agricultural,700,No,January,Low
Telangana,Hyderabad,6.9,1.43,43.3,47.7,17.1,51.0,314.9,4.77,Poor,Agricultural,1059,No,January,Low
Telangana,Khammam,35.1,2.29,44.2,59.7,11.1,70.4,584.8,3.84,Moderate,Forest,162,Yes,January,Low
Telangana,Hyderabad,9.2,2.15,45.6,54.6,15.9,53.1,507.4,1.06,Good,Agricultural,846,No,January,Low
Telangana,Khammam,14.6,2.21,44.8,50.8,14.3,49.6,327.8,3.99,Poor,Agricultural,797,No,January,Low
Telangana,Hyderabad,21.5,2.82,53.2,48.7,13.9,55.2,520.8,5.5,Moderate,Agricultural,647,No,January,Low
Telangana,Khammam,28.4,2.03,37.6,48.6,15.3,61.1,522.4,3.58,Good,Agricultural,1449,No,January,Low
Telangana,Hyderabad,17.1,1.89,53.6,46.7,15.6,55.6,318.8,0.21,Poor,Agricultural,794,No,February,Low
Telangana,Hyderabad,0.0,2.0,41.3,35.4,18.0,57.2,538.7,0.68,Poor,Urban,7342,No,February,Low
Telangana,Hyderabad,0.0,2.16,37.1,54.6,18.9,60.2,411.4,2.7,Good,Agricultural,620,No,February,Low
Telangana,Hyderabad,15.6,1.86,43.0,46.0,18.3,55.5,421.1,8.21,Moderate,Agricultural,552,No,February,Low
Telangana,Khammam,0.0,2.49,43.6,50.6,17.2,52.5,484.2,3.61,Good,Agricultural,436,No,February,Low
Telangana,Hyderabad,2.1,2.23,43.8,46.9,18.9,52.5,583.4,1.94,Good,Forest,100,No,February,Low
Telangana,Khammam,11.2,2.78,48.2,26.7,17.1,55.6,314.8,0.1,Moderate,Urban,7308,No,February,Low
Telangana,Hyderabad,27.3,1.92,46.5,58.8,20.6,54.5,321.8,3.68,Moderate,Agricultural,764,No,February,Low
Telangana,Khammam,25.4,2.28,66.5,50.8,18.0,48.1,497.2,0.96,Moderate,Agricultural,1104,No,February,Low
Telangana,Khammam,22.4,2.13,72.6,33.0,18.7,54.9,358.2,2.19,Poor,Urban,6235,No,February,Low
Telangana,Hyderabad,18.3,2.7,41.4,49.4,17.6,53.5,353.2,3.53,Moderate,Agricultural,195,No,February,Low
Telangana,Khammam,27.8,2.59,43.8,44.6,15.6,42.9,516.8,3.84,Moderate,Agricultural,744,No,February,Low
Telangana,Khammam,3.9,2.25,50.1,46.8,19.9,61.8,330.5,1.01,Moderate,Agricultural,1306,No,February,Low
Telangana,Khammam,6.5,2.26,52.4,49.2,17.3,54.6,426.7,0.88,Moderate,Agricultural,1226,No,February,Low
Telangana,Hyderabad,6.4,1.82,43.4,26.4,17.6,57.9,457.1,1.25,Poor,Urban,9826,No,February,Low
Telangana,Khammam,17.9,1.95,28.4,48.1,18.1,58.4,408.8,2.72,Poor,Agricultural,769,No,February,Low
Telangana,Khammam,22.0,2.01,50.0,23.2,17.2,62.1,404.6,5.77,Poor,Urban,4007,Yes,February,Low
Telangana,Hyderabad,0.0,2.17,36.5,56.7,18.7,55.8,519.2,2.98,Moderate,Agricultural,1191,No,February,Low
Telangana,Khammam,25.5,1.92,43.2,49.2,21.4,47.7,399.1,3.68,Moderate,Agricultural,423,No,February,Low
Telangana,Hyderabad,21.1,2.02,44.5,52.2,18.7,53.7,320.9,2.74,Good,Agricultural,229,Yes,February,Low
Telangana,Hyderabad,25.3,2.18,48.1,35.5,18.7,55.6,509.0,5.65,Moderate,Urban,7098,No,February,Low
Telangana,Hyderabad,29.5,2.73,41.2,28.3,16.9,59.1,540.9,6.65,Moderate,Urban,9858,No,February,Low
Telangana,Khammam,24.2,1.91,62.9,51.7,25.3,58.6,403.8,2.07,Poor,Agricultural,390,Yes,March,Medium
Telangana,Hyderabad,10.1,1.77,32.1,53.0,26.4,59.6,425.4,3.96,Good,Agricultural,344,No,March,Low
Telangana,Khammam,38.2,2.75,39.9,32.8,26.6,59.5,300.9,3.35,Moderate,Urban,7934,No,March,Low
Telangana,Khammam,3.5,1.69,50.2,30.5,21.9,48.4,592.0,5.86,Poor,Urban,13880,No,March,Low
Telangana,Khammam,20.3,1.99,39.2,27.6,24.6,67.5,555.9,0.24,Good,Urban,1165,Yes,March,Low
Telangana,Hyderabad,11.2,2.54,48.4,61.3,23.1,76.6,423.0,4.61,Good,Forest,84,No,March,Low
Telangana,Hyderabad,37.1,2.56,46.1,47.4,23.4,63.1,407.8,6.12,Moderate,Agricultural,730,Yes,March,Low
Telangana,Hyderabad,9.3,2.29,44.2,37.9,24.4,52.6,358.6,2.49,Poor,Urban,7917,No,March,Low
Telangana,Khammam,14.2,1.98,33.1,55.3,27.1,55.9,379.7,4.07,Good,Agricultural,556,No,March,Low
Telangana,Khammam,15.4,1.87,41.6,30.7,22.7,50.9,435.6,1.11,Poor,Urban,10950,No,March,Low
Telangana,Hyderabad,25.3,2.27,42.3,59.0,24.1,59.9,531.6,0.33,Moderate,Agricultural,659,Yes,March,Low
Telangana,Hyderabad,26.1,2.18,32.6,25.8,23.0,55.6,569.3,5.43,Poor,Urban,10756,No,March,Low
Telangana,Hyderabad,14.6,1.87,61.7,53.3,26.2,57.9,363.0,4.99,Moderate,Agricultural,846,No,March,Low
Telangana,Hyderabad,15.4,1.7,44.3,56.8,23.6,57.4,597.3,5.07,Good,Forest,95,No,March,Low
Telangana,Hyderabad,17.2,2.2,35.9,57.8,22.9,60.5,530.9,1.91,Good,Agricultural,50,Yes,March,Low
Telangana,Hyderabad,20.1,2.2,43.4,29.1,25.6,57.9,502.0,6.46,Good,Urban,10708,No,March,Low
Telangana,Hyderabad,20.2,1.64,55.0,58.4,24.5,62.1,344.2,1.71,Moderate,Forest,169,No,March,Low
Telangana,Khammam,14.2,2.4,37.2,52.8,26.4,55.4,447.2,2.19,Moderate,Agricultural,664,No,March,Low
Telangana,Hyderabad,15.3,2.1,48.0,51.0,25.3,68.8,432.8,2.52,Moderate,Forest,113,No,March,Low
Telangana,Khammam,34.7,2.47,57.6,28.3,26.0,64.7,362.2,2.62,Good,Urban,7979,No,March,Low
Telangana,Khammam,24.9,2.75,42.8,68.6,25.0,68.8,336.3,6.35,Good,Forest,170,No,March,Low
Telangana,Khammam,30.7,2.45,38.8,59.5,24.4,58.2,326.2,5.72,Poor,Agricultural,606,No,March,Low
Telangana,Khammam,34.8,2.76,40.9,57.5,29.2,66.4,393.7,3.0,Good,Agricultural,1493,No,April,Low
Telangana,Khammam,7.6,1.99,41.5,55.9,27.5,55.3,567.1,4.49,Moderate,Agricultural,225,No,April,Low
Telangana,Khammam,42.4,2.36,54.4,24.3,28.9,49.6,490.0,1.89,Moderate,Urban,4798,Yes,April,Low
Telangana,Khammam,26.0,1.84,49.5,35.6,31.3,56.6,373.8,2.87,Good,Urban,4818,No,April,Low
Telangana,Khammam,54.3,2.11,42.0,44.7,31.4,58.4,526.9,1.96,Moderate,Urban,10684,No,April,Low
Telangana,Hyderabad,4.6,2.68,48.5,45.1,29.1,58.6,371.9,2.33,Moderate,Agricultural,768,No,April,Low
Telangana,Khammam,36.3,2.12,36.2,56.7,26.5,60.5,558.6,2.9,Poor,Agricultural,626,No,April,Low
Telangana,Khammam,43.4,2.5,44.4,43.6,30.5,55.8,323.2,4.46,Moderate,Agricultural,811,No,April,Low
Telangana,Khammam,28.0,2.36,46.3,63.7,30.2,60.9,565.7,3.75,Good,Forest,125,No,April,Low
Telangana,Hyderabad,10.5,1.8,46.2,47.5,28.5,65.7,308.4,2.51,Good,Forest,40,No,April,Low
Telangana,Hyderabad,29.8,2.35,42.2,55.0,29.5,56.4,382.3,3.36,Poor,Agricultural,593,No,April,Low
Telangana,Hyderabad,17.2,2.49,53.9,58.8,29.2,75.1,385.5,2.67,Good,Forest,223,No,April,Low
Telangana,Hyderabad,41.8,2.39,44.9,51.7,28.4,61.0,556.7,2.95,Good,Agricultural,50,No,April,Low
Telangana,Khammam,7.3,2.08,41.6,44.2,26.7,52.9,496.3,3.84,Good,Agricultural,1056,Yes,April,Low
Telangana,Khammam,11.8,2.01,42.5,39.9,31.0,62.0,480.3,4.39,Poor,Agricultural,398,Yes,April,Low
Telangana,Khammam,35.7,2.35,49.3,50.6,29.5,51.0,497.2,2.0,Moderate,Agricultural,779,No,April,Low
Telangana,Khammam,14.2,2.49,54.3,27.8,27.4,56.6,538.7,1.71,Moderate,Urban,7933,Yes,April,Low
Telangana,Hyderabad,38.2,2.32,38.4,37.1,28.6,53.8,440.6,3.41,Poor,Urban,7131,No,April,Low
Telangana,Khammam,27.5,2.54,52.5,28.6,30.0,60.8,326.2,3.38,Poor,Urban,5976,No,April,Low
Telangana,Khammam,13.4,2.28,30.9,30.7,29.9,57.8,371.7,1.77,Poor,Urban,7587,No,April,Low
Telangana,Khammam,14.5,1.85,37.7,53.9,30.1,74.5,321.0,4.79,Good,Forest,100,No,April,Low
Telangana,Khammam,7.5,2.11,43.0,29.4,26.7,57.5,342.8,3.34,Poor,Urban,6615,No,April,Low
Telangana,Khammam,0.0,2.24,44.8,31.8,29.6,50.0,381.7,5.01,Moderate,Urban,12848,No,May,Low
Telangana,Khammam,0.1,1.61,35.8,52.0,30.5,53.3,444.0,3.43,Good,Agricultural,394,Yes,May,Low
Telangana,Khammam,8.7,1.72,35.2,50.5,32.4,52.5,576.2,5.34,Moderate,Agricultural,446,No,May,Low
Telangana,Hyderabad,16.2,1.77,58.4,48.3,31.3,59.7,425.1,3.04,Good,Agricultural,647,No,May,Low
Telangana,Khammam,34.5,2.77,54.1,48.6,31.3,60.0,489.1,5.4,Moderate,Agricultural,610,Yes,May,Low
Telangana,Khammam,16.8,2.0,45.0,35.6,29.5,51.8,435.9,6.55,Poor,Urban,8384,No,May,Low
Telangana,Hyderabad,21.9,1.88,36.9,52.7,30.7,54.2,402.5,4.91,Good,Agricultural,508,No,May,Low
Telangana,Khammam,9.5,1.66,52.3,54.4,31.9,54.9,479.5,1.14,Moderate,Agricultural,684,No,May,Low
Telangana,Khammam,13.4,1.89,44.8,36.1,32.6,50.8,395.2,5.94,Poor,Urban,11835,No,May,Low
Telangana,Khammam,8.3,1.79,48.9,54.8,32.4,52.0,410.0,5.3,Moderate,Agricultural,750,No,May,Low
Telangana,Khammam,25.0,2.19,38.5,53.4,28.1,55.7,515.0,2.29,Moderate,Agricultural,899,Yes,May,Low
Telangana,Hyderabad,18.4,2.9,49.0,60.9,33.3,57.2,579.5,3.33,Good,Forest,150,No,May,Low
Telangana,Khammam,23.7,2.43,38.7,53.0,29.9,58.4,546.7,5.53,Good,Agricultural,633,No,May,Low
Telangana,Khammam,20.2,2.55,40.0,36.3,30.3,61.3,519.8,5.51,Poor,Urban,9440,No,May,Low
Telangana,Khammam,12.1,2.03,48.0,55.0,29.6,64.7,525.3,1.42,Moderate,Forest,116,No,May,Low
Telangana,Hyderabad,16.1,2.27,46.8,28.6,30.4,51.0,380.9,4.37,Poor,Urban,8774,No,May,Low
Telangana,Hyderabad,17.0,2.12,47.6,51.7,28.3,55.9,573.9,3.75,Poor,Agricultural,871,No,May,Low
Telangana,Hyderabad,8.2,1.92,31.2,46.8,31.2,57.4,517.2,3.51,Poor,Agricultural,572,Yes,May,Low
Telangana,Khammam,11.9,1.78,52.3,49.9,30.1,51.6,476.4,1.82,Good,Agricultural,496,No,May,Low
Telangana,Khammam,22.9,2.21,40.5,36.3,30.3,52.4,402.2,3.12,Moderate,Urban,13935,No,May,Low
Telangana,Hyderabad,22.5,2.22,45.3,52.7,35.0,51.3,316.0,4.6,Good,Agricultural,964,Yes,May,Low
Telangana,Khammam,35.9,2.18,31.4,50.5,28.9,54.3,551.1,3.82,Moderate,Agricultural,1045,No,May,Low
Telangana,Khammam,170.2,4.26,66.3,42.8,27.4,84.7,565.4,5.53,Poor,Urban,5257,No,June,Medium
Telangana,Hyderabad,127.1,3.71,56.6,56.0,29.0,91.5,442.9,5.4,Good,Agricultural,595,No,June,Low
Telangana,Hyderabad,133.5,4.15,64.0,61.4,28.7,84.3,537.2,7.88,Moderate,Agricultural,1486,No,June,Low
Telangana,Khammam,104.3,3.96,46.3,57.9,28.5,88.5,499.9,2.29,Good,Agricultural,63,No,June,Low
Telangana,Khammam,30.4,3.23,55.8,22.8,29.2,82.4,335.6,3.92,Poor,Urban,5350,Yes,June,Low
Telangana,Hyderabad,129.7,3.7,63.7,65.2,24.9,85.1,587.5,4.1,Moderate,Agricultural,525,No,June,Low
Telangana,Hyderabad,167.0,4.88,68.0,44.5,27.7,92.4,450.4,0.83,Moderate,Urban,9942,Yes,June,High
Telangana,Khammam,173.0,4.62,61.7,64.0,27.2,81.4,521.7,3.51,Moderate,Agricultural,50,No,June,Medium
Telangana,Hyderabad,176.2,4.68,58.2,60.0,28.0,96.0,533.7,4.88,Good,Agricultural,644,No,June,Medium
Telangana,Khammam,194.9,4.31,66.6,60.5,29.0,84.0,494.4,0.1,Good,Agricultural,1236,No,June,Medium
Telangana,Khammam,108.6,3.9,55.6,63.0,28.8,83.2,405.3,1.67,Poor,Agricultural,561,No,June,Medium
Telangana,Hyderabad,78.5,3.85,42.8,56.3,27.6,71.9,455.9,3.37,Moderate,Agricultural,272,No,June,Low
Telangana,Khammam,218.5,5.37,61.3,49.2,28.3,79.7,518.3,5.46,Moderate,Urban,10432,No,June,Medium
Telangana,Khammam,217.0,4.89,31.7,70.0,26.8,84.2,435.6,5.32,Good,Agricultural,905,No,June,Medium
Telangana,Hyderabad,114.0,3.79,60.2,65.4,26.3,84.4,365.3,7.12,Moderate,Agricultural,832,No,June,Low
Telangana,Khammam,80.2,3.54,67.6,70.3,27.2,89.9,571.1,0.1,Good,Forest,28,No,June,Low
Telangana,Hyderabad,152.9,4.45,60.7,48.3,31.5,82.7,503.2,1.22,Good,Urban,8319,No,June,Medium
Telangana,Hyderabad,109.4,4.05,69.0,58.2,27.6,85.7,489.5,1.45,Good,Agricultural,449,No,June,Low
Telangana,Hyderabad,30.5,3.14,78.8,56.3,29.0,83.0,481.3,2.47,Poor,Agricultural,637,No,June,Low
Telangana,Khammam,172.9,4.34,71.9,60.6,28.4,81.2,383.7,6.43,Good,Agricultural,462,Yes,June,Medium
Telangana,Hyderabad,77.5,3.55,55.8,60.0,29.2,80.5,410.8,3.92,Good,Agricultural,851,Yes,June,Medium
Telangana,Hyderabad,132.4,3.86,51.3,44.9,27.2,85.6,579.1,0.1,Poor,Urban,4643,No,June,Low
Telangana,Hyderabad,176.9,4.18,71.6,71.4,27.9,93.9,331.6,5.11,Moderate,Forest,90,No,July,Medium
Telangana,Khammam,130.7,4.6,78.6,43.5,24.1,83.2,459.6,6.22,Poor,Urban,2371,No,July,Medium
Telangana,Hyderabad,248.7,5.32,74.8,73.0,24.2,85.3,353.3,3.64,Poor,Agricultural,1132,No,July,High
Telangana,Hyderabad,23.6,2.68,55.8,29.8,23.5,80.5,312.9,3.57,Poor,Urban,6311,No,July,Low
Telangana,Khammam,81.0,3.48,53.4,42.3,21.4,75.4,563.9,1.95,Poor,Urban,12099,No,July,Low
Telangana,Hyderabad,189.0,4.0,74.7,46.0,28.9,88.9,377.8,0.1,Moderate,Urban,6959,No,July,Medium
Telangana,Khammam,104.3,3.74,75.4,61.5,25.6,83.4,541.3,3.69,Good,Agricultural,876,Yes,July,Medium
Telangana,Khammam,45.1,3.37,69.5,50.5,26.1,83.1,411.9,2.44,Good,Agricultural,627,No,July,Low
Telangana,Hyderabad,192.4,4.65,55.7,65.6,22.7,85.2,581.4,2.64,Good,Agricultural,769,No,July,Medium
Telangana,Khammam,191.7,5.52,75.3,62.9,21.9,80.3,539.5,1.71,Moderate,Agricultural,827,No,July,High
Telangana,Hyderabad,127.9,3.53,65.6,44.0,24.1,83.9,343.6,2.24,Moderate,Urban,8095,No,July,Low
Telangana,Hyderabad,158.5,4.17,60.5,32.4,26.2,86.3,364.2,3.78,Good,Urban,9100,No,July,Low
Telangana,Khammam,186.3,4.69,67.3,43.6,23.6,82.0,514.3,7.71,Poor,Urban,9274,No,July,Medium
Telangana,Hyderabad,40.5,3.69,66.1,49.4,24.6,80.1,572.8,0.94,Moderate,Agricultural,494,No,July,Low
Telangana,Khammam,149.0,3.79,90.9,71.6,26.7,95.0,415.3,1.3,Moderate,Forest,60,No,July,Medium
Telangana,Hyderabad,93.4,3.54,57.1,59.3,26.7,86.1,337.1,8.46,Moderate,Agricultural,565,No,July,Low
Telangana,Hyderabad,169.6,4.0,76.1,59.1,25.4,81.9,361.9,1.32,Moderate,Agricultural,761,No,July,Medium
Telangana,Khammam,45.0,2.83,66.1,29.7,26.1,86.0,452.1,4.74,Good,Urban,8426,No,July,Low
Telangana,Khammam,229.9,5.17,75.0,81.4,23.3,91.9,335.8,5.51,Good,Forest,15,No,July,High
Telangana,Hyderabad,164.2,4.72,66.9,68.0,25.0,93.3,458.5,1.97,Good,Agricultural,832,No,July,Medium
Telangana,Khammam,194.4,4.85,67.0,48.9,26.9,84.2,354.3,4.28,Moderate,Urban,10029,No,July,Medium
Telangana,Khammam,161.8,4.24,65.0,47.6,28.6,89.3,344.2,0.87,Poor,Urban,10827,No,July,Medium
Telangana,Khammam,128.5,3.89,66.0,60.8,25.4,98.1,374.5,0.41,Moderate,Agricultural,521,No,August,Medium
Telangana,Khammam,238.1,5.34,67.6,44.9,24.3,82.7,499.4,8.62,Good,Urban,8519,No,August,Medium
Telangana,Khammam,126.1,4.04,75.6,42.1,24.3,77.0,330.3,2.03,Good,Urban,11965,No,August,Low
Telangana,Khammam,151.6,4.83,82.1,60.2,24.4,89.4,577.0,3.34,Poor,Agricultural,669,No,August,Medium
Telangana,Hyderabad,0.0,2.61,61.5,55.8,26.5,72.0,470.3,6.81,Moderate,Agricultural,489,No,August,Low
Telangana,Khammam,198.4,4.85,76.3,62.8,24.8,88.7,407.2,3.26,Moderate,Agricultural,671,No,August,Medium
Telangana,Hyderabad,137.9,3.76,80.2,71.5,23.5,91.2,424.5,7.22,Moderate,Forest,205,No,August,Medium
Telangana,Hyderabad,111.3,3.55,61.1,58.8,27.4,84.3,409.5,1.76,Poor,Agricultural,887,No,August,Medium
Telangana,Khammam,180.1,4.73,86.2,47.0,19.0,83.3,528.3,5.38,Moderate,Urban,7697,Yes,August,High
Telangana,Khammam,76.9,3.23,72.1,62.0,27.3,79.0,336.1,0.87,Good,Agricultural,345,No,August,Low
Telangana,Hyderabad,211.7,4.37,82.3,53.3,23.1,84.8,362.0,6.18,Good,Agricultural,529,No,August,Medium
Telangana,Khammam,199.1,4.92,79.4,78.1,25.3,97.2,472.6,2.95,Good,Forest,259,No,August,Medium
Telangana,Hyderabad,162.2,4.1,64.2,42.7,27.1,84.9,353.9,3.01,Moderate,Urban,9092,No,August,Low
Telangana,Hyderabad,101.2,4.35,75.8,39.9,25.8,91.0,592.7,2.5,Good,Urban,4049,No,August,Low
Telangana,Khammam,117.6,4.01,87.4,55.4,26.1,90.6,479.1,2.66,Moderate,Agricultural,461,Yes,August,Medium
Telangana,Khammam,64.6,2.62,83.9,59.5,24.0,86.2,508.2,6.29,Good,Forest,116,No,August,Low
Telangana,Khammam,58.3,3.27,68.8,41.2,22.8,84.2,474.3,1.67,Poor,Urban,7703,No,August,Low
Telangana,Hyderabad,183.4,4.98,94.9,67.0,25.9,79.9,457.6,4.69,Good,Agricultural,1081,No,August,Medium
Telangana,Hyderabad,188.9,4.66,74.8,59.4,24.8,94.1,584.3,2.08,Good,Agricultural,143,Yes,August,High
Telangana,Khammam,187.6,4.35,77.8,59.1,25.8,87.6,470.8,0.1,Good,Agricultural,97,Yes,August,High
Telangana,Hyderabad,99.1,3.8,89.1,34.2,24.1,80.5,352.0,2.03,Good,Urban,7151,No,August,Low
Telangana,Hyderabad,99.1,3.68,71.8,55.7,25.2,83.7,506.2,1.92,Moderate,Agricultural,1032,No,August,Low
Telangana,Khammam,155.7,4.27,68.4,72.1,28.1,73.3,409.5,4.83,Good,Agricultural,575,No,September,Medium
Telangana,Hyderabad,8.9,2.26,95.7,37.0,25.4,78.3,383.9,5.58,Moderate,Agricultural,546,Yes,September,Low
Telangana,Khammam,118.4,4.27,91.4,68.9,24.7,96.8,440.7,4.5,Good,Forest,58,No,September,Medium
Telangana,Hyderabad,0.0,2.33,64.8,49.5,20.4,80.1,593.7,2.75,Poor,Agricultural,701,Yes,September,Medium
Telangana,Khammam,139.6,4.4,90.2,57.6,23.3,81.5,542.6,3.75,Good,Agricultural,821,No,September,Medium
Telangana,Khammam,193.2,4.8,67.4,62.8,25.0,94.0,596.8,1.2,Moderate,Forest,265,Yes,September,High
Telangana,Khammam,83.3,3.67,83.5,53.2,25.2,86.4,313.6,0.1,Moderate,Agricultural,796,No,September,Low
Telangana,Hyderabad,204.2,4.66,74.2,75.2,23.5,87.8,438.8,2.4,Good,Agricultural,990,No,September,Medium
Telangana,Khammam,54.6,2.94,96.8,65.9,20.3,93.7,515.5,4.0,Good,Forest,41,No,September,Low
Telangana,Khammam,173.3,4.07,90.3,62.6,23.0,74.2,466.1,6.4,Moderate,Agricultural,437,Yes,September,Medium
Telangana,Hyderabad,192.2,4.27,88.0,58.5,25.0,86.6,309.3,0.1,Moderate,Agricultural,564,Yes,September,High
Telangana,Khammam,122.7,3.64,77.1,69.4,23.6,100.0,454.1,6.41,Moderate,Forest,56,No,September,Low
Telangana,Khammam,185.1,4.46,85.6,62.9,21.8,97.4,438.3,5.97,Moderate,Forest,206,No,September,Medium
Telangana,Khammam,68.4,3.33,80.6,59.8,24.2,81.4,350.9,2.56,Moderate,Agricultural,384,Yes,September,Medium
Telangana,Hyderabad,57.1,3.95,87.2,60.4,23.7,82.4,506.5,2.21,Moderate,Agricultural,340,No,September,Low
Telangana,Khammam,137.2,4.16,69.1,59.2,22.2,79.4,518.0,5.14,Moderate,Agricultural,540,No,September,Low
Telangana,Khammam,183.8,4.56,96.0,72.3,24.7,90.0,480.4,1.54,Moderate,Agricultural,799,No,September,Medium
Telangana,Hyderabad,47.3,2.99,89.3,32.5,25.2,87.5,596.8,5.16,Poor,Urban,3703,Yes,September,Medium
Telangana,Hyderabad,154.8,4.27,83.3,73.4,22.5,96.9,363.4,3.05,Moderate,Forest,105,No,September,Medium
Telangana,Hyderabad,196.1,4.47,91.7,67.1,22.5,84.7,326.9,3.6,Good,Agricultural,738,No,September,Medium
Telangana,Hyderabad,159.6,4.41,74.3,62.8,24.7,80.1,453.2,3.94,Moderate,Agricultural,655,Yes,September,Medium
Telangana,Khammam,189.9,4.78,94.4,39.3,22.8,85.2,580.7,3.77,Good,Urban,10756,Yes,September,High
Telangana,Khammam,10.2,1.81,54.0,56.1,23.8,46.4,541.8,4.7,Good,Agricultural,860,Yes,October,Low
Telangana,Hyderabad,21.1,2.24,46.3,57.1,23.2,47.2,464.3,3.38,Moderate,Agricultural,699,No,October,Low
Telangana,Hyderabad,28.0,2.21,47.6,42.3,25.5,59.9,479.8,7.26,Good,Urban,13931,No,October,Low
Telangana,Hyderabad,35.4,2.65,44.0,57.2,24.4,62.0,367.4,1.34,Poor,Agricultural,754,No,October,Low
Telangana,Hyderabad,19.9,2.07,52.6,32.2,22.4,62.9,521.9,3.88,Moderate,Urban,8452,No,October,Low
Telangana,Hyderabad,24.9,2.13,37.2,49.2,23.9,56.9,304.0,0.1,Good,Agricultural,1503,Yes,October,Low
Telangana,Hyderabad,34.0,2.38,36.8,58.4,27.2,68.3,388.9,5.79,Good,Forest,191,No,October,Low
Telangana,Hyderabad,34.7,2.57,58.8,23.2,25.2,53.4,528.3,2.07,Poor,Urban,10528,No,October,Low
Telangana,Hyderabad,29.1,2.02,34.3,49.7,26.1,54.9,359.8,2.59,Moderate,Agricultural,650,No,October,Low
Telangana,Hyderabad,19.3,2.57,46.2,33.9,22.0,50.0,440.7,0.75,Good,Urban,9916,No,October,Low
Telangana,Khammam,23.0,2.29,37.3,24.6,22.1,53.9,391.2,1.25,Moderate,Urban,12985,No,October,Low
Telangana,Khammam,39.4,2.4,59.8,48.5,22.1,56.3,327.7,3.41,Moderate,Agricultural,928,No,October,Low
Telangana,Khammam,13.0,2.17,34.0,31.1,25.5,64.5,411.2,6.05,Poor,Urban,12697,Yes,October,Low
Telangana,Khammam,12.9,1.98,50.6,62.5,28.7,61.9,455.6,6.55,Moderate,Forest,298,Yes,October,Low
Telangana,Khammam,16.3,2.67,38.4,49.6,21.3,57.2,451.5,0.84,Moderate,Agricultural,798,No,October,Low
Telangana,Khammam,21.8,1.99,54.3,60.2,21.1,62.4,521.8,4.12,Good,Forest,177,Yes,October,Low
Telangana,Khammam,0.0,1.75,49.2,47.2,22.3,62.0,403.9,6.16,Poor,Agricultural,596,No,October,Low
Telangana,Khammam,40.1,2.66,36.3,62.3,21.5,56.6,575.2,6.51,Poor,Agricultural,809,No,October,Low
Telangana,Khammam,17.2,2.55,44.7,47.2,23.4,62.2,449.1,3.3,Moderate,Agricultural,548,No,October,Low
Telangana,Hyderabad,0.0,1.77,49.0,58.9,20.6,73.5,475.2,3.68,Poor,Forest,254,No,October,Low
Telangana,Khammam,13.8,2.79,29.9,31.3,24.0,64.2,363.2,1.59,Moderate,Urban,9489,No,October,Low
Telangana,Hyderabad,22.7,2.67,43.6,25.8,22.1,56.1,337.4,4.23,Poor,Urban,3738,No,October,Low
Telangana,Hyderabad,22.7,1.93,40.7,33.0,17.8,59.8,337.4,6.84,Poor,Urban,4901,No,November,Low
Telangana,Khammam,21.3,1.91,54.6,49.2,17.0,52.9,447.8,2.74,Moderate,Agricultural,238,No,November,Low
Telangana,Hyderabad,25.8,2.0,42.9,49.7,21.4,56.5,393.2,2.3,Moderate,Agricultural,437,No,November,Low
Telangana,Khammam,18.5,2.7,34.6,57.1,17.4,56.8,519.1,5.39,Poor,Agricultural,1136,Yes,November,Low
Telangana,Hyderabad,44.1,2.1,57.3,30.9,23.7,53.6,431.7,1.49,Poor,Urban,6756,No,November,Low
Telangana,Hyderabad,44.0,3.11,48.8,41.5,20.4,62.9,355.7,5.4,Moderate,Urban,8771,No,November,Low
Telangana,Hyderabad,20.6,2.41,58.9,32.3,19.5,56.6,585.6,6.68,Moderate,Urban,8462,No,November,Low
Telangana,Hyderabad,9.7,2.49,40.3,53.4,17.9,53.9,500.0,5.84,Poor,Agricultural,1213,No,November,Low
Telangana,Hyderabad,23.0,2.62,47.9,53.2,20.6,55.4,528.9,4.79,Good,Agricultural,127,No,November,Low
Telangana,Khammam,26.6,1.85,70.6,36.3,19.6,54.1,428.9,3.6,Moderate,Urban,11168,No,November,Low
Telangana,Hyderabad,20.3,2.16,35.4,54.5,16.4,57.2,577.8,6.12,Poor,Agricultural,766,No,November,Low
Telangana,Khammam,16.5,2.42,48.8,29.2,21.6,59.1,496.3,1.54,Poor,Urban,10662,No,November,Low
Telangana,Khammam,27.4,1.84,42.1,51.5,18.8,66.3,525.3,5.23,Good,Forest,234,No,November,Low
Telangana,Hyderabad,37.7,1.62,54.4,31.6,18.2,53.2,460.8,3.41,Poor,Urban,16153,No,November,Low
Telangana,Khammam,18.6,2.73,53.1,51.3,17.8,56.7,483.0,5.87,Good,Agricultural,954,No,November,Low
Telangana,Hyderabad,18.7,2.26,23.5,48.4,20.8,55.4,390.3,3.94,Good,Agricultural,426,No,November,Low
Telangana,Khammam,27.8,2.19,49.3,27.5,18.6,63.0,477.1,3.93,Poor,Urban,4485,No,November,Low
Telangana,Hyderabad,3.1,1.81,45.3,46.1,18.8,58.5,366.2,4.84,Poor,Agricultural,1034,No,November,Low
Telangana,Khammam,9.6,2.07,61.3,48.7,19.5,44.6,355.4,3.05,Good,Agricultural,1099,No,November,Low
Telangana,Khammam,21.6,2.44,41.5,30.6,20.3,60.2,526.4,2.75,Poor,Urban,14239,No,November,Low
Telangana,Hyderabad,19.3,2.52,48.0,39.0,21.7,59.1,307.0,3.96,Poor,Urban,7184,No,November,Low
Telangana,Khammam,18.5,2.21,29.1,48.3,16.9,64.3,494.0,3.49,Poor,Agricultural,1009,No,November,Low
Telangana,Khammam,32.0,2.12,47.1,59.8,14.1,51.6,560.1,6.23,Good,Agricultural,344,Yes,December,Low
Telangana,Khammam,5.2,1.88,42.7,32.4,14.6,56.0,566.2,4.13,Poor,Urban,7592,No,December,Low
Telangana,Khammam,25.0,2.58,36.1,51.9,13.1,61.4,452.7,4.08,Moderate,Agricultural,646,No,December,Low
Telangana,Hyderabad,40.2,2.58,39.2,49.1,13.9,57.8,486.1,1.48,Good,Agricultural,567,No,December,Low
Telangana,Hyderabad,4.0,1.45,52.9,44.2,18.1,54.6,396.3,2.43,Poor,Agricultural,997,No,December,Low
Telangana,Hyderabad,13.5,2.15,41.6,24.9,15.8,51.6,471.7,1.17,Moderate,Urban,9883,No,December,Low
Telangana,Khammam,3.9,1.85,49.5,27.1,14.2,51.2,587.8,5.12,Poor,Urban,9911,No,December,Low
Telangana,Khammam,36.6,2.36,45.2,56.6,16.0,51.7,378.8,4.39,Moderate,Agricultural,1041,No,December,Low
Telangana,Hyderabad,18.3,2.13,30.5,49.6,13.1,59.4,571.9,5.58,Moderate,Agricultural,596,Yes,December,Low
Telangana,Khammam,13.9,1.61,49.2,28.5,13.5,56.7,309.2,4.49,Good,Urban,11407,No,December,Low
Telangana,Khammam,25.7,2.06,30.0,26.3,11.1,48.8,382.8,0.38,Poor,Urban,11750,Yes,December,Low
Telangana,Hyderabad,46.4,2.52,58.8,64.4,14.2,60.9,466.3,0.1,Moderate,Forest,273,No,December,Low
Telangana,Hyderabad,12.9,2.19,22.8,49.8,15.5,63.3,418.6,2.99,Moderate,Agricultural,466,No,December,Low
Telangana,Khammam,35.0,2.31,43.3,54.1,13.4,58.4,365.1,0.1,Good,Agricultural,987,No,December,Low
Telangana,Khammam,20.3,2.37,46.1,51.3,13.5,48.7,413.6,3.32,Poor,Agricultural,1018,No,December,Low
Telangana,Hyderabad,21.1,2.17,57.6,44.1,15.9,57.0,529.9,3.64,Moderate,Urban,13069,Yes,December,Low
Telangana,Hyderabad,7.0,1.83,57.2,46.7,14.6,60.6,482.4,0.44,Moderate,Agricultural,723,Yes,December,Low
Telangana,Khammam,24.3,2.79,50.7,65.1,16.6,70.0,570.7,0.31,Good,Forest,141,No,December,Low
Telangana,Hyderabad,22.2,2.49,35.8,55.4,16.3,63.9,410.9,1.65,Good,Agricultural,967,No,December,Low
Telangana,Hyderabad,31.7,2.51,52.7,52.1,13.3,61.6,406.3,7.5,Moderate,Agricultural,584,No,December,Low
Telangana,Hyderabad,24.2,2.17,30.1,44.9,15.5,56.9,529.3,4.91,Moderate,Agricultural,725,No,December,Low
Telangana,Khammam,16.6,1.59,28.7,56.7,13.3,61.5,535.8,1.72,Good,Forest,166,No,December,Low
Delhi,East Delhi,50.0,3.6,42.7,37.2,15.3,54.8,206.1,1.97,Moderate,Urban,10746,Yes,January,Low
Delhi,New Delhi,14.8,3.49,43.1,81.6,16.2,73.5,216.5,1.89,Good,Wetland,721,No,January,Low
Delhi,East Delhi,32.0,3.87,30.1,33.8,18.2,53.9,228.9,1.8,Moderate,Urban,8985,Yes,January,Low
Delhi,East Delhi,14.3,3.59,31.1,72.7,14.6,74.6,204.1,0.1,Good,Wetland,642,No,January,Low
Delhi,New Delhi,32.1,4.53,62.0,78.6,17.1,61.6,205.7,2.12,Poor,Wetland,289,Yes,January,Medium
Delhi,New Delhi,33.7,4.38,45.1,39.3,16.6,63.1,231.7,1.43,Poor,Urban,4694,Yes,January,Medium
Delhi,New Delhi,23.2,3.38,58.6,25.6,14.4,69.5,208.7,1.93,Moderate,Urban,10407,No,January,Low
Delhi,New Delhi,13.7,3.64,38.7,34.0,16.7,48.1,247.6,1.47,Moderate,Urban,7814,Yes,January,Low
Delhi,East Delhi,2.9,3.19,45.9,31.0,14.5,50.2,209.1,1.96,Moderate,Urban,11816,No,January,Low
Delhi,East Delhi,66.4,4.11,51.6,37.4,17.5,61.2,206.2,0.27,Poor,Urban,9652,Yes,January,Medium
Delhi,New Delhi,37.0,4.08,59.4,73.6,18.8,56.0,232.7,0.1,Moderate,Wetland,589,Yes,January,Medium
Delhi,New Delhi,28.2,3.63,59.9,27.4,16.9,50.7,242.6,1.14,Moderate,Urban,1173,Yes,January,Low
Delhi,New Delhi,19.3,4.05,41.2,31.1,17.3,56.9,206.5,0.18,Moderate,Urban,8705,No,January,Low
Delhi,East Delhi,28.5,3.19,41.8,30.2,16.2,57.6,216.0,0.55,Poor,Urban,12051,Yes,January,Low
Delhi,New Delhi,44.9,4.31,40.6,37.5,17.1,55.3,200.8,0.58,Poor,Urban,5859,No,January,Low
Delhi,New Delhi,19.5,3.25,43.4,79.4,15.4,59.0,232.8,0.41,Moderate,Wetland,420,No,January,Low
Delhi,New Delhi,26.1,4.33,55.4,30.7,15.5,59.7,206.9,0.48,Moderate,Urban,9910,No,January,Low
Delhi,New Delhi,17.4,3.17,40.9,42.9,18.6,56.1,209.8,1.99,Poor,Urban,10739,No,January,Low
Delhi,New Delhi,8.5,3.22,40.2,28.9,18.3,55.3,238.2,0.73,Moderate,Urban,8794,Yes,January,Low
Delhi,New Delhi,9.1,3.33,36.2,28.8,15.6,51.9,235.1,0.47,Poor,Urban,11582,No,January,Low
Delhi,East Delhi,63.7,3.91,24.1,32.9,16.3,50.5,232.3,0.44,Good,Urban,7204,Yes,January,Low
Delhi,East Delhi,31.1,4.21,43.4,39.6,18.1,57.1,205.6,1.76,Poor,Urban,8233,No,January,Low
Delhi,East Delhi,41.4,3.95,55.1,34.8,20.2,60.1,220.7,2.13,Poor,Urban,9253,No,February,Low
Delhi,New Delhi,35.1,3.77,32.3,28.7,18.9,57.8,211.4,0.58,Moderate,Urban,7700,Yes,February,Low
Delhi,New Delhi,38.7,3.69,41.3,30.1,18.7,56.8,230.3,2.76,Poor,Urban,9261,No,February,Low
Delhi,East Delhi,22.0,3.65,35.6,25.3,19.8,53.7,208.5,3.11,Poor,Urban,4992,No,February,Low
Delhi,New Delhi,27.7,3.58,68.0,30.8,23.1,55.6,224.1,0.91,Poor,Urban,8423,Yes,February,Medium
Delhi,East Delhi,29.0,4.12,55.4,39.1,19.3,55.5,231.2,0.79,Poor,Urban,6371,No,February,Low
Delhi,New Delhi,19.2,3.22,37.1,34.1,17.9,60.4,210.8,2.45,Poor,Urban,2440,No,February,Low
Delhi,New Delhi,19.1,3.67,54.2,35.7,18.6,68.0,247.9,2.18,Moderate,Urban,9554,No,February,Low
Delhi,East Delhi,24.8,3.79,36.5,26.0,20.3,57.2,233.4,0.71,Poor,Urban,200,Yes,February,Low
Delhi,East Delhi,29.0,4.0,50.0,37.9,18.8,57.5,219.4,1.71,Moderate,Urban,7812,No,February,Low
Delhi,East Delhi,14.5,3.22,37.4,24.1,18.9,58.8,221.2,1.34,Poor,Urban,11236,No,February,Low
Delhi,New Delhi,19.0,3.87,43.9,25.7,19.6,51.3,204.8,0.42,Poor,Urban,10111,No,February,Low
Delhi,New Delhi,15.1,3.66,48.0,31.7,22.6,55.7,232.8,0.78,Poor,Urban,8614,No,February,Low
Delhi,East Delhi,35.0,4.19,58.4,29.1,21.4,58.0,236.7,0.23,Poor,Urban,12178,Yes,February,Medium
Delhi,East Delhi,26.7,3.62,47.8,38.6,18.7,54.9,235.8,1.6,Poor,Urban,5226,No,February,Low
Delhi,New Delhi,36.3,4.36,39.1,33.1,18.1,53.4,219.2,0.13,Poor,Urban,12915,Yes,February,Medium
Delhi,New Delhi,6.2,3.54,33.2,24.1,22.0,58.7,233.7,1.92,Poor,Urban,10192,Yes,February,Low
Delhi,New Delhi,14.0,3.86,47.7,27.1,19.8,49.3,246.4,1.56,Moderate,Urban,3066,Yes,February,Low
Delhi,New Delhi,6.9,3.36,44.0,66.9,22.4,67.4,216.4,0.8,Good,Wetland,356,Yes,February,Low
Delhi,East Delhi,24.5,3.57,59.8,35.5,18.4,53.9,213.1,0.81,Poor,Urban,8119,No,February,Low
Delhi,East Delhi,20.1,4.08,48.5,32.0,18.3,45.5,249.1,1.68,Poor,Urban,6610,No,February,Low
Delhi,East Delhi,39.7,4.13,36.5,24.5,16.7,56.1,207.9,0.93,Poor,Urban,4932,Yes,February,Medium
Delhi,East Delhi,16.8,4.08,55.2,29.4,22.8,65.4,231.5,2.43,Poor,Urban,8276,No,March,Low
Delhi,New Delhi,28.3,3.53,48.3,77.2,21.9,62.6,240.1,2.78,Good,Wetland,733,Yes,March,Medium
Delhi,New Delhi,4.1,3.61,57.7,35.5,24.3,52.1,234.9,1.52,Moderate,Urban,9380,Yes,March,Low
Delhi,New Delhi,33.2,3.49,55.6,35.3,24.6,58.3,244.1,1.53,Good,Urban,8877,No,March,Low
Delhi,East Delhi,29.6,4.15,26.4,34.2,25.0,56.5,223.9,0.1,Moderate,Urban,10470,Yes,March,Low
Delhi,East Delhi,0.1,3.15,49.8,24.0,27.2,49.7,223.9,1.41,Moderate,Urban,4746,No,March,Low
Delhi,New Delhi,65.9,4.73,49.4,46.8,23.3,64.0,249.5,2.49,Moderate,Urban,15178,Yes,March,Medium
Delhi,New Delhi,44.7,3.83,25.8,79.6,25.1,64.5,231.1,2.27,Poor,Wetland,378,Yes,March,Medium
Delhi,New Delhi,10.4,3.39,43.5,66.4,29.6,62.9,239.9,0.87,Moderate,Wetland,380,Yes,March,Medium
Delhi,East Delhi,7.1,3.82,53.2,26.7,21.5,55.2,201.6,2.03,Poor,Urban,10714,No,March,Low
Delhi,New Delhi,32.0,4.15,35.5,29.7,26.7,61.6,246.8,2.61,Poor,Urban,11242,Yes,March,Medium
Delhi,East Delhi,26.6,3.63,53.7,20.5,27.2,46.5,200.2,1.93,Poor,Urban,5900,Yes,March,Medium
Delhi,New Delhi,11.8,3.35,52.5,76.0,23.6,62.5,216.1,2.02,Moderate,Wetland,344,No,March,Low
Delhi,East Delhi,1.0,4.51,46.8,34.1,25.5,49.5,242.6,1.6,Poor,Urban,8759,No,March,Low
Delhi,East Delhi,31.7,3.6,47.8,29.5,27.2,59.0,241.5,1.28,Good,Urban,14390,No,March,Low
Delhi,New Delhi,23.5,3.93,46.0,29.0,26.4,49.3,243.6,3.02,Moderate,Urban,10786,Yes,March,Low
Delhi,East Delhi,35.0,3.54,33.9,28.0,25.5,59.4,247.1,1.52,Moderate,Urban,12313,Yes,March,Low
Delhi,New Delhi,44.9,4.42,36.4,28.1,26.2,62.8,243.3,0.41,Poor,Urban,11937,Yes,March,Medium
Delhi,New Delhi,9.1,3.44,51.3,70.5,25.6,68.3,224.6,0.1,Poor,Wetland,504,No,March,Low
Delhi,New Delhi,15.4,3.67,41.3,31.6,24.6,56.5,231.0,0.66,Moderate,Urban,5598,No,March,Low
Delhi,East Delhi,20.8,3.11,55.0,36.1,27.2,55.9,216.1,1.05,Poor,Urban,5586,Yes,March,Low
Delhi,East Delhi,29.0,3.68,52.2,29.1,25.5,64.4,202.1,0.37,Poor,Urban,9853,Yes,March,Medium
Delhi,East Delhi,50.8,3.71,40.4,33.3,29.2,53.4,214.3,0.1,Good,Urban,5599,No,April,Low
Delhi,New Delhi,45.7,3.92,38.1,76.8,31.0,70.5,241.5,0.1,Moderate,Wetland,760,Yes,April,Medium
Delhi,New Delhi,5.5,3.9,54.9,24.3,28.4,54.4,220.4,0.57,Moderate,Urban,8282,Yes,April,Low
Delhi,New Delhi,5.5,3.99,57.0,31.8,32.5,56.9,203.6,1.57,Moderate,Urban,8836,No,April,Low
Delhi,East Delhi,0.0,3.84,38.1,39.4,29.8,59.1,246.3,2.37,Moderate,Urban,3803,No,April,Low
Delhi,New Delhi,33.8,4.08,35.3,37.6,29.6,54.3,247.7,2.68,Poor,Urban,10507,Yes,April,Medium
Delhi,New Delhi,3.0,3.67,46.6,33.7,30.8,61.4,247.1,1.2,Moderate,Urban,6188,Yes,April,Low
Delhi,New Delhi,52.7,4.03,45.8,34.3,29.7,65.2,219.5,2.3,Poor,Urban,4294,Yes,April,Medium
Delhi,East Delhi,28.2,4.09,47.8,77.9,30.9,61.2,240.8,0.56,Poor,Wetland,471,No,April,Low
Delhi,East Delhi,15.9,3.5,54.1,31.8,30.0,50.2,217.2,1.58,Moderate,Urban,11679,No,April,Low
Delhi,New Delhi,12.3,3.8,31.7,25.7,30.5,63.1,226.4,1.99,Poor,Urban,13997,No,April,Low
Delhi,East Delhi,25.7,3.79,27.1,37.0,30.0,59.6,218.8,0.81,Poor,Urban,7880,No,April,Low
Delhi,East Delhi,12.0,3.39,54.1,41.3,31.3,63.1,214.5,2.6,Good,Urban,9662,Yes,April,Low
Delhi,East Delhi,7.7,3.14,63.7,28.1,27.5,59.0,212.8,2.36,Moderate,Urban,10789,No,April,Low
Delhi,East Delhi,20.8,3.88,64.2,27.2,31.1,52.5,233.2,1.9,Poor,Urban,7258,No,April,Low
Delhi,New Delhi,26.9,4.23,52.8,39.0,32.7,59.1,207.4,2.27,Poor,Urban,8770,No,April,Low
Delhi,East Delhi,0.0,3.67,54.1,27.0,30.5,53.6,239.6,0.36,Good,Urban,2654,No,April,Low
Delhi,New Delhi,40.2,3.84,46.1,26.6,29.4,59.6,235.0,1.41,Moderate,Urban,6026,Yes,April,Low
Delhi,New Delhi,0.0,3.77,37.4,29.2,29.9,49.2,207.6,4.16,Poor,Urban,12333,Yes,April,Low
Delhi,East Delhi,33.6,3.75,32.8,35.1,31.0,61.0,210.5,0.51,Moderate,Urban,7402,Yes,April,Low
Delhi,New Delhi,5.2,3.08,44.9,35.1,28.9,53.9,242.7,1.4,Poor,Urban,13367,Yes,April,Low
Delhi,East Delhi,32.5,3.69,31.0,27.6,31.2,53.8,206.5,1.48,Good,Urban,10838,No,April,Low
Delhi,New Delhi,50.7,4.71,34.2,36.0,32.8,65.3,228.0,3.48,Good,Urban,13784,No,May,Low
Delhi,East Delhi,23.2,3.74,51.3,26.9,31.6,36.1,235.1,2.04,Moderate,Urban,7692,Yes,May,Low
Delhi,New Delhi,34.4,4.17,40.2,35.7,31.1,50.7,232.5,2.32,Moderate,Urban,9611,No,May,Low
Delhi,East Delhi,36.2,3.94,61.3,30.8,31.6,49.2,223.2,2.89,Poor,Urban,7720,No,May,Low
Delhi,New Delhi,11.8,4.14,52.5,26.4,32.6,51.7,232.8,2.08,Moderate,Urban,3764,Yes,May,Low
Delhi,East Delhi,21.8,3.79,54.2,30.6,32.7,61.8,231.7,2.74,Poor,Urban,8539,No,May,Low
Delhi,East Delhi,33.8,3.49,51.9,37.4,34.9,67.1,238.0,1.91,Moderate,Urban,12502,Yes,May,Low
Delhi,New Delhi,0.0,4.1,48.3,28.4,31.9,48.6,200.8,1.32,Moderate,Urban,8175,Yes,May,Low
Delhi,New Delhi,36.0,3.83,29.7,31.0,32.5,53.3,207.9,1.14,Moderate,Urban,10095,Yes,May,Low
Delhi,New Delhi,44.5,4.48,48.6,24.6,29.8,55.7,238.0,1.15,Poor,Urban,12160,No,May,Low
Delhi,East Delhi,28.7,3.64,30.4,86.2,29.9,73.3,241.1,0.25,Poor,Wetland,424,Yes,May,Medium
Delhi,East Delhi,16.6,3.37,39.0,22.1,32.6,51.5,226.1,3.06,Moderate,Urban,5055,Yes,May,Low
Delhi,East Delhi,33.5,4.01,37.4,27.4,33.6,59.0,215.7,2.95,Good,Urban,10077,Yes,May,Low
Delhi,East Delhi,29.7,3.71,50.6,28.8,31.6,60.0,205.5,1.01,Good,Urban,6430,No,May,Low
Delhi,New Delhi,21.1,3.68,27.3,30.6,33.6,58.6,237.3,0.31,Moderate,Urban,4675,No,May,Low
Delhi,East Delhi,38.0,3.43,42.1,31.8,31.9,49.9,244.3,3.18,Moderate,Urban,11561,No,May,Low
Delhi,East Delhi,10.9,3.7,58.8,77.7,32.0,63.7,215.2,0.91,Good,Wetland,509,No,May,Low
Delhi,New Delhi,28.7,3.76,51.6,78.2,29.1,65.6,210.1,0.67,Moderate,Wetland,523,Yes,May,Medium
Delhi,East Delhi,42.4,4.18,47.7,34.6,33.7,55.5,212.7,1.14,Poor,Urban,11821,No,May,Low
Delhi,East Delhi,44.6,4.02,57.5,33.9,35.0,51.9,206.0,0.1,Poor,Urban,5079,No,May,Low
Delhi,New Delhi,2.2,3.54,42.5,29.1,32.3,52.1,231.7,2.24,Good,Urban,10675,No,May,Low
Delhi,New Delhi,29.8,3.1,53.4,28.1,33.3,49.2,211.3,2.36,Poor,Urban,9306,No,May,Low
Delhi,New Delhi,137.1,5.58,57.5,42.2,26.9,83.8,210.6,1.79,Moderate,Urban,14483,Yes,June,Medium
Delhi,New Delhi,190.7,5.95,47.8,85.0,28.8,99.3,211.3,1.21,Moderate,Wetland,579,No,June,Medium
Delhi,New Delhi,161.9,5.97,83.9,50.1,30.2,84.4,243.3,1.06,Moderate,Urban,8081,No,June,Medium
Delhi,East Delhi,110.1,5.04,71.6,36.9,30.2,78.2,210.9,1.21,Poor,Urban,9169,No,June,Low
Delhi,East Delhi,175.1,6.33,58.7,39.7,30.1,82.1,221.8,0.1,Poor,Urban,10713,No,June,Medium
Delhi,East Delhi,226.2,6.91,50.3,46.9,29.4,84.5,215.6,1.36,Poor,Urban,9173,Yes,June,High
Delhi,East Delhi,128.0,5.21,76.1,41.7,31.1,85.3,214.2,1.53,Poor,Urban,9750,No,June,Medium
Delhi,New Delhi,267.1,7.06,56.5,98.0,28.1,98.7,209.0,1.02,Moderate,Wetland,50,Yes,June,Extreme
Delhi,New Delhi,236.1,7.02,60.4,56.3,32.2,93.6,235.1,1.22,Moderate,Urban,3150,Yes,June,High
Delhi,East Delhi,183.3,5.86,68.8,47.5,30.4,89.3,213.4,2.79,Moderate,Urban,10630,No,June,Medium
Delhi,New Delhi,243.0,6.78,63.3,98.0,27.8,93.7,208.9,1.03,Poor,Wetland,281,No,June,High
Delhi,New Delhi,257.7,7.13,54.0,98.0,29.7,100.0,245.0,1.19,Poor,Wetland,721,Yes,June,Extreme
Delhi,New Delhi,147.3,5.45,59.6,41.7,30.1,88.1,232.3,1.16,Poor,Urban,8172,No,June,Medium
Delhi,New Delhi,233.9,6.77,81.6,55.2,29.6,89.4,233.8,2.32,Poor,Urban,9154,Yes,June,High
Delhi,New Delhi,168.8,5.69,59.8,45.5,27.6,92.6,244.5,0.1,Moderate,Urban,3629,No,June,Medium
Delhi,East Delhi,118.5,5.61,79.2,84.7,28.7,88.1,210.7,1.96,Moderate,Wetland,417,No,June,Medium
Delhi,New Delhi,237.0,6.67,48.2,59.8,29.1,86.1,213.7,0.94,Moderate,Urban,9979,No,June,Medium
Delhi,New Delhi,214.7,6.54,52.2,82.6,29.9,96.8,226.0,1.24,Poor,Wetland,208,Yes,June,High
Delhi,East Delhi,192.5,5.62,72.4,52.8,26.7,90.0,237.9,0.67,Poor,Urban,10381,No,June,Medium
Delhi,East Delhi,57.1,4.36,32.5,36.8,29.9,82.1,231.3,2.8,Poor,Urban,11116,No,June,Low
Delhi,New Delhi,323.4,7.48,62.4,98.0,31.1,91.1,240.4,1.18,Good,Wetland,729,No,June,High
Delhi,New Delhi,193.4,6.39,56.1,51.6,29.4,77.2,220.5,0.67,Poor,Urban,8400,Yes,June,High
Delhi,New Delhi,140.5,5.84,72.9,40.6,26.3,86.7,240.9,2.33,Poor,Urban,11819,No,July,Medium
Delhi,East Delhi,205.2,6.39,67.1,49.3,25.5,91.0,206.9,1.84,Good,Urban,7315,Yes,July,High
Delhi,New Delhi,142.0,5.6,67.2,38.6,28.1,88.2,244.0,3.23,Moderate,Urban,3309,No,July,Low
Delhi,New Delhi,159.2,5.99,78.1,39.9,27.2,78.7,214.7,0.44,Good,Urban,11558,Yes,July,Medium
Delhi,New Delhi,200.3,5.89,61.3,47.8,26.6,89.7,215.0,0.1,Moderate,Urban,5852,No,July,Medium
Delhi,New Delhi,143.1,5.91,53.3,43.3,27.0,84.7,216.4,0.63,Poor,Urban,12220,No,July,Medium
Delhi,East Delhi,248.7,7.09,67.0,46.6,29.3,82.9,212.0,1.07,Poor,Urban,7431,Yes,July,High
Delhi,East Delhi,247.6,6.49,66.0,49.4,22.3,96.1,241.2,2.57,Moderate,Urban,7597,Yes,July,High
Delhi,New Delhi,58.0,4.79,66.0,34.4,27.8,75.6,235.0,0.36,Poor,Urban,15447,No,July,Low
Delhi,New Delhi,174.4,5.61,52.1,34.9,27.7,83.5,241.7,0.1,Moderate,Urban,6768,Yes,July,Medium
Delhi,East Delhi,115.1,5.02,64.6,39.8,27.5,82.9,243.2,1.62,Moderate,Urban,8664,Yes,July,Medium
Delhi,East Delhi,211.0,6.07,66.9,40.8,26.3,89.8,208.2,2.8,Poor,Urban,10067,Yes,July,High
Delhi,New Delhi,234.5,6.11,68.0,44.8,26.3,77.8,215.9,1.45,Poor,Urban,12673,Yes,July,High
Delhi,New Delhi,243.3,7.2,50.3,45.2,25.1,91.4,219.0,2.02,Poor,Urban,9570,Yes,July,High
Delhi,New Delhi,136.1,5.68,50.2,36.0,27.6,91.0,218.2,4.14,Moderate,Urban,6958,No,July,Low
Delhi,East Delhi,207.4,6.04,56.8,57.5,26.2,82.3,212.4,1.62,Good,Urban,8556,No,July,Medium
Delhi,New Delhi,217.4,6.85,56.6,43.4,26.8,90.2,228.8,2.44,Moderate,Urban,8657,Yes,July,High
Delhi,East Delhi,205.2,6.61,86.8,40.0,27.1,81.4,204.8,1.34,Poor,Urban,4082,No,July,High
Delhi,New Delhi,92.3,5.35,59.2,34.9,26.7,87.7,210.1,0.53,Poor,Urban,9952,No,July,Low
Delhi,East Delhi,158.9,5.99,58.1,40.5,29.3,85.0,225.0,1.84,Poor,Urban,9460,No,July,Medium
Delhi,New Delhi,218.9,6.72,67.5,48.3,26.4,83.0,246.6,0.75,Moderate,Urban,6931,Yes,July,High
Delhi,East Delhi,160.8,5.65,41.3,46.2,27.9,81.1,243.4,1.75,Moderate,Urban,8003,No,July,Low
Delhi,East Delhi,83.8,4.68,83.4,37.2,24.4,87.8,219.2,1.82,Poor,Urban,9858,Yes,August,Medium
Delhi,New Delhi,123.4,5.75,63.0,40.4,27.2,92.1,232.9,1.78,Good,Urban,7756,No,August,Low
Delhi,New Delhi,163.0,5.69,75.2,82.4,26.2,100.0,221.4,2.44,Good,Wetland,548,No,August,Medium
Delhi,New Delhi,162.6,6.09,87.6,56.0,23.7,92.0,225.6,1.63,Good,Urban,8887,No,August,Medium
Delhi,New Delhi,111.5,5.42,76.4,42.8,26.6,88.4,228.1,1.13,Poor,Urban,7112,No,August,Medium
Delhi,New Delhi,199.2,6.12,84.7,51.0,28.4,92.9,206.4,0.82,Moderate,Urban,7548,No,August,Medium
Delhi,East Delhi,270.9,6.72,100.0,50.8,30.0,82.1,216.7,1.37,Poor,Urban,12574,Yes,August,Extreme
Delhi,East Delhi,138.5,5.84,87.0,39.2,26.7,85.1,241.1,2.59,Poor,Urban,8067,No,August,Medium
Delhi,New Delhi,119.8,5.81,71.3,40.0,28.2,82.7,210.9,1.31,Good,Urban,7615,Yes,August,Medium
Delhi,New Delhi,185.3,6.46,60.1,49.0,26.9,89.6,223.7,1.23,Good,Urban,6578,Yes,August,High
Delhi,New Delhi,202.3,5.91,86.9,48.7,25.5,90.3,206.6,0.6,Poor,Urban,3252,Yes,August,High
Delhi,East Delhi,222.7,6.35,84.3,43.9,24.4,84.7,247.0,0.93,Poor,Urban,10316,No,August,High
Delhi,New Delhi,186.6,6.21,70.2,46.8,25.8,93.2,241.8,1.08,Poor,Urban,9698,No,August,Medium
Delhi,East Delhi,200.9,5.74,71.8,91.1,29.0,95.8,207.3,2.07,Good,Wetland,382,No,August,Medium
Delhi,East Delhi,136.5,5.79,73.9,42.4,25.1,82.3,226.0,1.77,Moderate,Urban,7759,Yes,August,Medium
Delhi,New Delhi,151.7,5.84,79.3,43.9,24.8,80.9,227.6,2.05,Moderate,Urban,10363,No,August,Medium
Delhi,East Delhi,185.0,5.66,81.6,50.6,26.3,82.6,238.7,2.45,Moderate,Urban,13154,No,August,Medium
Delhi,East Delhi,197.3,6.45,88.5,41.3,27.8,89.6,212.1,1.81,Poor,Urban,267,Yes,August,High
Delhi,East Delhi,213.4,6.26,65.6,52.8,22.9,87.9,237.7,1.34,Moderate,Urban,10280,Yes,August,High
Delhi,New Delhi,245.8,6.71,54.3,57.1,27.6,87.4,212.2,0.1,Poor,Urban,9113,No,August,High
Delhi,East Delhi,229.0,6.63,59.4,33.3,26.5,81.0,222.8,1.15,Poor,Urban,9215,Yes,August,High
Delhi,New Delhi,172.8,5.28,62.3,47.9,25.9,93.9,215.3,1.1,Moderate,Urban,9233,Yes,August,Medium
Delhi,East Delhi,145.1,5.81,80.6,88.9,27.1,99.1,219.1,2.33,Poor,Wetland,245,No,September,Medium
Delhi,East Delhi,178.4,5.47,83.6,44.8,25.9,93.4,203.4,2.02,Moderate,Urban,9933,No,September,Medium
Delhi,New Delhi,146.3,5.59,83.5,37.2,25.1,81.2,209.4,3.25,Poor,Urban,11239,No,September,Medium
Delhi,East Delhi,125.7,4.86,90.7,35.7,26.2,93.2,246.8,0.26,Moderate,Urban,9472,Yes,September,Medium
Delhi,New Delhi,167.4,6.15,83.7,44.8,23.1,79.6,227.2,1.69,Poor,Urban,8167,No,September,Medium
Delhi,New Delhi,103.2,5.29,85.1,38.0,25.2,73.3,227.7,0.64,Poor,Urban,10567,No,September,Medium
Delhi,New Delhi,64.6,4.66,100.0,42.8,26.7,85.3,205.5,2.31,Poor,Urban,10075,No,September,Medium
Delhi,East Delhi,173.8,5.7,79.6,48.5,25.6,79.3,221.7,1.07,Poor,Urban,6556,Yes,September,High
Delhi,East Delhi,209.5,5.47,78.4,98.0,25.0,100.0,240.4,1.02,Moderate,Wetland,115,Yes,September,High
Delhi,New Delhi,141.7,5.92,89.7,45.3,24.6,96.7,227.4,2.64,Poor,Urban,12387,No,September,Medium
Delhi,East Delhi,191.1,6.38,100.0,55.5,26.9,91.7,238.2,3.69,Good,Urban,11333,Yes,September,High
Delhi,New Delhi,268.4,6.72,87.1,54.3,25.0,85.9,204.0,1.83,Poor,Urban,11459,Yes,September,High
Delhi,New Delhi,145.0,5.45,94.5,44.8,23.1,89.4,244.4,1.79,Moderate,Urban,5641,Yes,September,Medium
Delhi,East Delhi,171.4,5.28,91.1,92.7,26.5,98.4,242.4,2.55,Good,Wetland,710,Yes,September,High
Delhi,New Delhi,145.0,5.75,94.4,45.0,27.3,80.7,235.6,0.1,Moderate,Urban,12116,Yes,September,Medium
Delhi,New Delhi,160.8,5.7,82.4,40.2,24.0,85.9,216.6,1.93,Poor,Urban,10142,No,September,Medium
Delhi,New Delhi,197.0,6.63,77.9,48.5,26.8,89.0,217.1,1.73,Moderate,Urban,11167,Yes,September,High
Delhi,East Delhi,99.5,5.44,92.6,30.8,26.3,77.6,233.6,0.21,Good,Urban,4459,No,September,Low
Delhi,New Delhi,61.5,4.28,95.1,36.6,25.1,89.2,248.8,2.51,Moderate,Urban,10437,Yes,September,Medium
Delhi,New Delhi,264.4,6.82,78.0,56.1,26.1,95.2,221.4,2.79,Poor,Urban,11090,Yes,September,High
Delhi,East Delhi,72.3,4.57,70.4,38.5,25.2,87.5,215.5,1.8,Poor,Urban,10408,Yes,September,Medium
Delhi,New Delhi,181.7,5.68,81.7,43.7,25.8,82.1,216.0,1.93,Good,Urban,15691,No,September,Medium
Delhi,East Delhi,30.5,3.62,28.7,83.7,24.1,58.2,204.2,0.85,Poor,Wetland,726,Yes,October,Medium
Delhi,New Delhi,0.0,3.3,52.2,31.7,24.2,54.5,218.1,2.9,Poor,Urban,11071,Yes,October,Low
Delhi,New Delhi,39.0,3.46,30.3,29.2,23.0,55.9,206.5,2.14,Moderate,Urban,10946,No,October,Low
Delhi,East Delhi,38.9,3.91,52.6,71.1,25.3,65.1,212.7,1.44,Moderate,Wetland,441,Yes,October,Medium
Delhi,New Delhi,26.1,3.97,54.8,30.6,26.2,46.2,245.6,1.38,Poor,Urban,9799,Yes,October,Medium
Delhi,New Delhi,28.3,3.54,73.0,22.1,24.3,56.8,221.6,1.45,Moderate,Urban,7666,Yes,October,Medium
Delhi,East Delhi,37.2,3.78,51.5,39.7,24.4,60.6,244.9,2.92,Good,Urban,4910,Yes,October,Low
Delhi,New Delhi,27.8,3.91,54.9,37.6,27.0,52.2,222.9,0.8,Poor,Urban,9080,No,October,Low
Delhi,New Delhi,47.9,3.99,49.9,30.1,24.0,57.9,222.3,0.31,Poor,Urban,14595,No,October,Low
Delhi,New Delhi,24.8,3.8,57.3,28.6,25.1,54.3,206.8,1.88,Good,Urban,4873,No,October,Low
Delhi,East Delhi,51.7,3.79,45.4,37.2,21.7,71.5,238.9,1.27,Poor,Urban,5164,No,October,Low
Delhi,East Delhi,4.5,3.31,51.2,27.3,21.1,51.6,239.9,0.38,Moderate,Urban,12342,No,October,Low
Delhi,New Delhi,22.7,3.86,39.6,39.6,22.7,54.6,220.0,2.56,Poor,Urban,10071,Yes,October,Low
Delhi,East Delhi,18.5,3.56,35.4,29.6,24.7,55.0,211.4,1.54,Good,Urban,6631,No,October,Low
Delhi,New Delhi,0.0,3.28,52.2,74.3,23.9,66.8,223.2,1.82,Poor,Wetland,288,Yes,October,Medium
Delhi,New Delhi,26.1,3.62,52.5,36.7,25.2,56.4,232.7,0.45,Poor,Urban,4935,Yes,October,Low
Delhi,New Delhi,19.0,3.27,42.5,29.0,23.9,54.5,207.0,1.88,Good,Urban,5901,No,October,Low
Delhi,New Delhi,25.9,3.65,41.8,32.9,23.3,64.3,223.7,1.2,Poor,Urban,5973,No,October,Low
Delhi,East Delhi,17.8,3.86,46.1,32.4,27.5,56.9,221.8,0.88,Moderate,Urban,1778,No,October,Low
Delhi,New Delhi,35.7,3.97,40.8,28.5,24.3,63.5,204.7,1.46,Moderate,Urban,6616,Yes,October,Low
Delhi,New Delhi,18.8,3.73,39.8,28.5,25.6,45.4,230.5,2.58,Moderate,Urban,12724,No,October,Low
Delhi,East Delhi,19.5,4.02,42.5,26.9,26.6,49.6,201.2,1.56,Moderate,Urban,11587,No,October,Low
Delhi,New Delhi,33.9,3.98,57.3,23.2,21.5,45.9,223.0,0.56,Poor,Urban,4949,Yes,November,Medium
Delhi,East Delhi,22.0,3.64,31.8,33.9,20.8,58.2,220.4,1.0,Moderate,Urban,2527,No,November,Low
Delhi,New Delhi,36.8,3.65,59.0,38.6,17.6,57.8,222.1,1.24,Poor,Urban,13685,No,November,Low
Delhi,New Delhi,10.9,3.87,18.5,27.7,20.1,54.1,222.8,0.27,Good,Urban,12933,No,November,Low
Delhi,East Delhi,49.4,3.95,50.1,30.3,22.3,59.2,228.5,1.05,Moderate,Urban,11862,No,November,Low
Delhi,East Delhi,43.1,4.15,39.8,25.0,17.3,58.2,225.7,2.63,Poor,Urban,3452,Yes,November,Medium
Delhi,East Delhi,35.9,4.2,55.2,36.4,21.2,63.6,208.4,1.29,Poor,Urban,7751,Yes,November,Medium
Delhi,New Delhi,16.8,3.42,24.6,24.7,20.2,52.0,215.5,1.32,Moderate,Urban,9466,No,November,Low
Delhi,East Delhi,32.7,4.22,59.7,36.0,21.3,64.2,244.3,0.51,Moderate,Urban,12888,No,November,Low
Delhi,East Delhi,24.1,4.07,48.4,35.8,19.1,64.0,242.8,0.1,Moderate,Urban,8462,No,November,Low
Delhi,East Delhi,23.3,3.64,44.1,69.1,23.0,54.4,214.3,1.58,Good,Wetland,446,No,November,Low
Delhi,New Delhi,10.9,3.95,64.1,23.5,19.3,57.4,229.8,2.54,Poor,Urban,6807,Yes,November,Medium
Delhi,East Delhi,7.0,3.17,38.4,23.8,18.9,53.2,242.5,0.61,Good,Urban,7442,Yes,November,Low
Delhi,East Delhi,49.3,3.77,44.6,26.6,21.6,58.3,203.4,2.97,Poor,Urban,12223,No,November,Low
Delhi,East Delhi,6.1,3.7,45.6,30.1,20.6,49.7,216.8,0.98,Moderate,Urban,13352,No,November,Low
Delhi,East Delhi,38.9,4.01,55.8,81.9,21.7,68.7,200.8,2.41,Moderate,Wetland,744,No,November,Low
Delhi,New Delhi,22.6,3.94,44.0,34.7,22.7,59.0,203.0,2.13,Moderate,Urban,11382,Yes,November,Low
Delhi,East Delhi,36.6,3.94,50.0,31.5,21.3,59.8,241.2,1.81,Poor,Urban,4996,Yes,November,Medium
Delhi,East Delhi,37.9,3.53,57.9,34.3,19.1,65.3,217.1,0.1,Poor,Urban,4883,Yes,November,Medium
Delhi,New Delhi,20.8,3.94,30.5,34.8,19.0,56.2,217.3,0.61,Poor,Urban,13045,Yes,November,Low
Delhi,East Delhi,13.2,3.51,35.6,30.2,20.1,59.1,229.6,2.02,Poor,Urban,4150,No,November,Low
Delhi,East Delhi,14.9,3.76,31.3,37.2,19.9,59.7,242.1,3.32,Poor,Urban,9121,Yes,November,Low
Delhi,East Delhi,0.0,3.73,29.9,30.8,15.6,47.5,232.1,2.87,Poor,Urban,3915,Yes,December,Low
Delhi,East Delhi,39.1,3.96,57.2,26.4,13.2,49.5,225.8,3.07,Poor,Urban,2725,Yes,December,Low
Delhi,New Delhi,2.7,3.74,51.2,30.8,18.1,61.6,241.9,0.96,Good,Urban,8563,Yes,December,Low
Delhi,East Delhi,27.1,3.21,42.8,25.3,16.3,52.3,203.0,1.88,Poor,Urban,7605,Yes,December,Low
Delhi,New Delhi,29.7,4.13,46.5,28.9,15.8,57.6,227.1,0.65,Moderate,Urban,6761,No,December,Low
Delhi,New Delhi,44.0,4.75,26.3,70.1,18.4,66.3,240.2,1.23,Moderate,Wetland,404,No,December,Low
Delhi,East Delhi,13.4,3.76,46.6,28.3,18.2,57.6,200.8,3.38,Good,Urban,6534,No,December,Low
Delhi,New Delhi,15.7,3.75,44.5,36.5,16.5,58.0,201.5,1.93,Poor,Urban,6619,No,December,Low
Delhi,East Delhi,4.6,3.46,53.8,73.4,15.8,60.9,215.9,2.05,Moderate,Wetland,444,Yes,December,Medium
Delhi,East Delhi,29.8,4.03,44.6,31.1,16.1,61.3,211.8,0.1,Poor,Urban,9304,No,December,Low
Delhi,East Delhi,24.5,3.86,47.7,36.2,17.9,60.9,229.3,2.54,Poor,Urban,5357,No,December,Low
Delhi,East Delhi,33.3,3.94,35.1,33.4,19.7,56.0,215.4,0.97,Moderate,Urban,2865,Yes,December,Low
Delhi,New Delhi,8.4,4.2,43.8,31.1,17.4,66.0,211.8,0.92,Poor,Urban,7695,Yes,December,Low
Delhi,East Delhi,10.4,3.21,54.3,32.6,17.4,62.9,242.6,1.6,Poor,Urban,13257,Yes,December,Low
Delhi,New Delhi,65.8,4.92,54.9,44.6,16.0,51.0,223.2,0.61,Moderate,Urban,2829,Yes,December,Medium
Delhi,East Delhi,30.3,4.15,43.6,28.7,15.7,65.1,249.3,3.36,Poor,Urban,7011,Yes,December,Low
Delhi,East Delhi,17.8,3.29,28.8,25.7,16.0,50.3,202.5,1.9,Moderate,Urban,10819,No,December,Low
Delhi,East Delhi,37.8,3.71,29.3,33.9,16.8,51.4,241.1,1.09,Good,Urban,12119,Yes,December,Low
Delhi,East Delhi,9.8,4.19,65.6,25.9,16.9,53.8,234.2,0.1,Moderate,Urban,7839,No,December,Low
Delhi,East Delhi,53.2,4.27,58.5,31.0,16.8,60.9,242.0,0.11,Moderate,Urban,9897,Yes,December,Medium
Delhi,New Delhi,27.0,3.76,35.1,32.3,18.2,57.8,224.0,2.99,Poor,Urban,7404,No,December,Low
Delhi,New Delhi,47.4,4.09,35.2,30.5,18.4,61.2,245.4,0.29,Poor,Urban,6349,No,December,Low
Sikkim,Mangan,28.0,1.32,39.4,50.4,4.7,51.4,2319.4,21.55,Good,Agricultural,931,No,January,Low
Sikkim,Gangtok,52.9,1.44,39.1,59.1,11.4,60.7,1221.8,13.57,Moderate,Forest,10,Yes,January,Low
Sikkim,Gangtok,35.8,1.27,41.4,58.4,14.9,68.3,803.8,37.69,Good,Forest,129,Yes,January,Low
Sikkim,Gangtok,35.7,0.8,41.5,54.7,-2.1,65.3,2864.0,20.42,Good,Forest,141,No,January,Low
Sikkim,Mangan,16.1,1.21,60.0,45.2,8.4,52.0,1253.3,38.02,Moderate,Agricultural,821,Yes,January,Low
Sikkim,Gangtok,0.0,0.54,36.0,55.8,2.7,61.7,2528.2,28.67,Good,Agricultural,426,Yes,January,Low
Sikkim,Gangtok,0.0,0.9,47.5,53.7,0.4,55.1,2957.9,48.84,Moderate,Agricultural,1014,Yes,January,Low
Sikkim,Gangtok,29.0,0.87,48.6,65.3,11.3,64.0,887.3,12.2,Good,Forest,124,Yes,January,Low
Sikkim,Mangan,30.9,0.91,19.1,49.7,-2.3,70.5,3055.7,28.32,Good,Forest,39,Yes,January,Low
Sikkim,Gangtok,43.8,1.76,35.7,42.6,9.8,65.2,1274.0,39.69,Moderate,Agricultural,642,No,January,Low
Sikkim,Gangtok,28.9,0.76,38.4,57.7,13.1,54.9,543.6,17.87,Good,Forest,298,No,January,Low
Sikkim,Gangtok,41.2,1.21,50.8,68.4,4.2,68.7,2387.4,34.88,Good,Forest,167,No,January,Low
Sikkim,Mangan,56.7,1.22,36.1,67.2,8.6,72.6,1633.9,32.68,Good,Forest,173,Yes,January,Medium
Sikkim,Gangtok,53.0,1.72,37.5,66.0,2.7,55.6,2149.7,39.79,Poor,Forest,79,No,January,Low
Sikkim,Mangan,46.6,1.37,48.1,58.2,-0.4,60.3,3150.3,11.21,Good,Agricultural,855,Yes,January,Low
Sikkim,Gangtok,65.8,1.77,62.7,64.7,13.4,69.2,989.3,41.64,Moderate,Forest,160,Yes,January,Medium
Sikkim,Mangan,11.3,0.75,51.5,69.9,-2.9,66.3,3364.7,47.05,Good,Wetland,409,Yes,January,Medium
Sikkim,Gangtok,34.8,1.41,54.6,54.8,-0.8,51.8,3048.1,38.87,Good,Agricultural,509,Yes,January,Medium
Sikkim,Mangan,28.8,1.18,39.9,53.1,-3.8,63.7,3323.3,23.96,Good,Forest,172,No,January,Low
Sikkim,Mangan,60.3,1.46,43.3,61.8,17.1,69.8,521.4,38.38,Good,Forest,156,Yes,January,Medium
Sikkim,Mangan,24.6,1.68,48.8,60.1,-3.9,65.7,3541.4,32.59,Moderate,Forest,10,Yes,January,Medium
Sikkim,Gangtok,64.3,1.59,29.3,70.3,7.0,68.9,1606.6,11.63,Good,Forest,147,No,January,Low
Sikkim,Mangan,26.1,1.61,41.9,67.8,9.8,75.0,2305.5,23.25,Moderate,Forest,45,Yes,February,Medium
Sikkim,Mangan,75.2,1.96,62.5,66.6,-0.1,69.3,3397.4,35.96,Good,Forest,155,No,February,Low
Sikkim,Mangan,24.0,1.1,55.0,54.0,6.8,56.6,2014.0,26.2,Moderate,Agricultural,1374,No,February,Low
Sikkim,Gangtok,13.5,1.81,46.1,52.2,5.9,54.0,2491.0,18.19,Good,Agricultural,308,Yes,February,Low
Sikkim,Mangan,37.8,1.41,59.6,51.3,6.3,51.8,2426.5,27.67,Good,Agricultural,1052,Yes,February,Medium
Sikkim,Gangtok,66.7,1.26,51.5,60.0,2.1,62.7,3110.9,38.47,Moderate,Forest,137,Yes,February,Medium
Sikkim,Mangan,57.5,1.93,61.0,59.5,2.2,67.7,2729.4,24.51,Moderate,Forest,176,Yes,February,Medium
Sikkim,Gangtok,45.1,1.39,40.7,68.0,-0.1,75.0,2871.2,51.96,Good,Forest,209,Yes,February,Medium
Sikkim,Mangan,31.0,0.8,56.9,61.1,14.3,59.9,925.5,23.92,Good,Forest,108,Yes,February,Medium
Sikkim,Gangtok,54.1,1.92,49.7,56.8,2.0,68.6,2794.4,26.71,Good,Forest,158,Yes,February,Medium
Sikkim,Gangtok,66.8,1.73,50.1,57.9,11.2,60.0,1276.6,33.05,Good,Forest,154,Yes,February,Medium
Sikkim,Gangtok,47.3,1.09,58.3,62.1,-0.1,64.8,3229.0,16.08,Good,Forest,32,Yes,February,Low
Sikkim,Mangan,59.8,1.26,34.4,70.8,4.7,74.3,2296.2,23.63,Poor,Forest,133,No,February,Low
Sikkim,Mangan,11.2,0.44,46.7,71.8,1.1,71.8,3202.3,28.4,Poor,Wetland,103,Yes,February,Medium
Sikkim,Gangtok,36.2,1.61,46.6,66.5,4.3,59.0,2660.9,44.15,Moderate,Forest,307,No,February,Low
Sikkim,Mangan,44.1,1.24,37.8,60.4,4.6,76.6,2592.1,26.81,Moderate,Forest,403,Yes,February,Medium
Sikkim,Gangtok,51.2,1.79,45.5,81.2,7.3,69.0,1834.6,33.5,Moderate,Wetland,652,Yes,February,Medium
Sikkim,Mangan,52.4,1.37,40.5,63.9,17.3,67.2,624.7,20.28,Good,Forest,230,Yes,February,Medium
Sikkim,Gangtok,28.2,1.67,50.7,63.8,-0.5,64.2,3147.9,37.05,Moderate,Forest,347,No,February,Low
Sikkim,Mangan,17.5,1.38,52.7,49.6,-1.0,57.5,3541.4,29.0,Moderate,Agricultural,1039,Yes,February,Low
Sikkim,Gangtok,39.6,1.38,29.6,54.8,13.1,56.0,1214.3,26.7,Good,Agricultural,1074,Yes,February,Low
Sikkim,Mangan,25.2,1.7,51.3,63.3,17.0,66.1,756.0,13.85,Good,Forest,64,Yes,February,Low
Sikkim,Mangan,0.0,1.04,41.4,31.0,20.2,54.9,1193.2,31.53,Poor,Urban,5613,No,March,Low
Sikkim,Gangtok,10.2,0.74,51.0,77.8,13.5,63.1,2089.1,14.36,Good,Wetland,600,Yes,March,Low
Sikkim,Mangan,57.9,1.82,57.3,47.0,17.5,52.8,1597.3,42.24,Moderate,Agricultural,1130,Yes,March,Medium
Sikkim,Mangan,44.1,1.32,49.2,65.3,21.7,68.4,723.7,35.41,Good,Forest,208,Yes,March,Medium
Sikkim,Mangan,21.7,1.25,49.0,50.8,5.5,54.4,3413.4,33.7,Good,Agricultural,254,Yes,March,Low
Sikkim,Mangan,12.6,1.02,60.2,58.2,7.1,73.6,2918.3,44.46,Good,Forest,288,Yes,March,Low
Sikkim,Mangan,69.4,1.68,57.6,69.4,15.5,63.1,1674.7,42.57,Good,Forest,10,Yes,March,Medium
Sikkim,Mangan,43.3,1.07,48.9,62.5,7.3,62.1,3292.6,45.31,Good,Forest,221,No,March,Low
Sikkim,Mangan,16.9,1.17,37.1,79.4,3.5,63.7,3461.6,47.22,Poor,Wetland,607,Yes,March,Medium
Sikkim,Gangtok,34.6,1.7,52.6,63.3,4.1,73.1,3518.0,27.01,Good,Forest,232,Yes,March,Medium
Sikkim,Gangtok,19.8,1.43,51.9,62.3,9.9,66.5,2377.0,39.03,Good,Forest,351,Yes,March,Low
Sikkim,Mangan,44.7,1.2,58.3,56.9,10.0,60.5,2664.6,26.06,Good,Forest,127,No,March,Low
Sikkim,Mangan,3.2,1.33,49.9,69.9,8.4,61.9,2692.1,19.14,Poor,Wetland,457,No,March,Low
Sikkim,Mangan,60.2,1.63,32.2,66.7,7.8,66.6,3099.7,21.65,Moderate,Forest,51,Yes,March,Medium
Sikkim,Mangan,64.8,1.12,43.7,63.3,15.7,71.7,1943.9,17.82,Good,Forest,251,Yes,March,Low
Sikkim,Mangan,9.2,1.27,50.8,45.7,17.3,48.2,1169.6,22.85,Good,Agricultural,377,Yes,March,Low
Sikkim,Gangtok,31.5,1.67,44.6,58.0,7.3,51.9,3232.2,23.77,Good,Agricultural,823,Yes,March,Low
Sikkim,Mangan,60.3,1.59,56.8,48.2,9.9,55.6,2403.1,33.86,Moderate,Agricultural,647,Yes,March,Medium
Sikkim,Gangtok,21.8,1.5,53.0,72.1,12.4,63.7,2068.6,20.09,Moderate,Wetland,342,No,March,Low
Sikkim,Mangan,48.3,1.58,42.5,28.8,24.1,59.8,545.1,28.59,Poor,Urban,4514,Yes,March,Medium
Sikkim,Gangtok,46.5,1.53,33.7,65.6,2.9,67.7,3556.1,33.43,Good,Forest,250,Yes,March,Medium
Sikkim,Gangtok,47.7,1.7,43.1,52.7,14.4,58.9,1969.6,41.91,Good,Agricultural,441,Yes,March,Medium
Sikkim,Mangan,27.0,1.63,35.9,63.4,24.0,66.6,1182.4,30.15,Poor,Forest,243,No,April,Low
Sikkim,Gangtok,0.0,0.86,68.0,34.4,13.5,50.1,3172.6,28.71,Moderate,Urban,9235,Yes,April,Low
Sikkim,Gangtok,42.2,1.47,56.0,69.5,20.1,70.7,1978.4,1.39,Moderate,Forest,181,Yes,April,Medium
Sikkim,Mangan,45.4,1.39,51.6,31.8,22.0,59.5,1581.8,12.14,Moderate,Urban,7755,Yes,April,Low
Sikkim,Gangtok,69.3,2.17,37.2,58.4,13.8,62.2,2803.2,28.09,Moderate,Agricultural,896,Yes,April,Medium
Sikkim,Gangtok,17.2,1.57,52.2,55.7,10.6,72.3,3189.1,39.17,Good,Forest,186,Yes,April,Low
Sikkim,Gangtok,19.6,1.35,43.3,61.6,23.8,68.1,1553.6,24.27,Moderate,Forest,185,No,April,Low
Sikkim,Gangtok,28.8,1.46,45.4,56.6,24.6,68.3,772.6,11.84,Good,Forest,99,Yes,April,Low
Sikkim,Gangtok,64.8,2.24,44.5,65.5,9.2,71.7,3464.8,18.19,Good,Forest,112,Yes,April,Low
Sikkim,Mangan,31.1,0.92,18.7,33.5,14.3,54.4,2552.1,54.6,Poor,Urban,9592,Yes,April,Medium
Sikkim,Gangtok,90.7,1.96,37.0,65.8,20.0,67.0,2054.3,19.7,Good,Forest,200,Yes,April,Medium
Sikkim,Mangan,62.0,1.4,45.8,53.2,10.9,54.3,2978.0,36.28,Poor,Agricultural,725,Yes,April,Medium
Sikkim,Gangtok,0.0,1.22,56.0,64.3,17.9,66.3,1859.5,28.48,Moderate,Forest,212,Yes,April,Medium
Sikkim,Gangtok,28.7,1.38,58.9,61.1,7.4,73.2,3419.8,42.53,Good,Forest,147,Yes,April,Medium
Sikkim,Gangtok,33.5,1.43,38.8,61.5,27.8,71.7,577.0,31.9,Moderate,Forest,176,No,April,Low
Sikkim,Mangan,47.8,1.37,39.7,55.1,26.4,65.4,1065.6,26.04,Moderate,Agricultural,977,Yes,April,Medium
Sikkim,Gangtok,37.0,1.65,50.0,72.0,11.7,61.6,3159.0,28.38,Moderate,Forest,277,Yes,April,Medium
Sikkim,Gangtok,57.0,1.52,43.1,54.4,20.7,75.5,1789.9,30.1,Good,Forest,206,Yes,April,Medium
Sikkim,Gangtok,47.7,1.42,53.3,61.4,25.5,52.9,978.2,18.37,Moderate,Agricultural,253,Yes,April,Low
Sikkim,Mangan,64.3,1.71,40.7,65.0,21.8,58.9,1209.7,16.29,Moderate,Forest,123,No,April,Low
Sikkim,Gangtok,110.0,1.97,50.1,65.0,9.6,59.0,3522.3,29.02,Good,Forest,10,Yes,April,Medium
Sikkim,Gangtok,27.1,1.59,29.9,61.5,24.8,58.7,1484.0,36.62,Moderate,Forest,31,No,April,Low
Sikkim,Gangtok,32.6,1.04,63.3,51.4,26.9,52.4,1201.0,20.57,Good,Agricultural,544,Yes,May,Medium
Sikkim,Mangan,32.5,0.77,31.0,39.4,25.2,50.3,1659.1,25.94,Moderate,Urban,5761,Yes,May,Low
Sikkim,Gangtok,43.7,1.48,35.3,58.3,16.0,65.5,3063.1,49.47,Moderate,Forest,245,Yes,May,Medium
Sikkim,Mangan,3.9,1.01,51.6,45.5,19.2,61.0,2308.7,12.4,Good,Forest,128,Yes,May,Low
Sikkim,Gangtok,37.3,1.77,42.5,61.8,20.5,77.0,1974.3,23.18,Good,Forest,192,Yes,May,Medium
Sikkim,Mangan,3.5,1.75,36.4,46.4,23.2,50.6,1692.1,42.09,Moderate,Agricultural,223,No,May,Low
Sikkim,Gangtok,0.0,0.9,45.7,77.9,14.6,67.8,2953.7,38.78,Poor,Wetland,350,No,May,Low
Sikkim,Gangtok,59.0,2.13,43.2,60.2,22.1,63.2,1624.2,35.26,Good,Forest,286,Yes,May,Medium
Sikkim,Mangan,43.5,1.74,39.0,56.4,32.1,51.0,806.6,41.81,Poor,Agricultural,1017,Yes,May,Medium
Sikkim,Gangtok,54.3,1.42,42.9,51.7,12.5,53.2,2972.0,35.81,Moderate,Agricultural,650,No,May,Low
Sikkim,Mangan,12.5,0.9,59.9,59.1,13.9,63.4,3473.2,25.07,Moderate,Forest,51,Yes,May,Medium
Sikkim,Mangan,49.9,1.89,36.1,73.7,13.9,70.9,2782.3,23.57,Good,Wetland,637,Yes,May,Medium
Sikkim,Gangtok,30.3,1.43,32.2,56.7,24.0,66.5,1845.9,35.23,Good,Forest,125,Yes,May,Low
Sikkim,Gangtok,39.8,1.31,50.4,63.8,26.3,60.0,1630.8,29.35,Moderate,Forest,169,Yes,May,Medium
Sikkim,Mangan,14.4,1.01,46.5,38.0,12.8,50.6,2962.2,31.99,Poor,Agricultural,251,No,May,Low
Sikkim,Gangtok,42.1,1.66,52.2,61.2,28.8,68.8,698.5,35.74,Good,Forest,176,Yes,May,Medium
Sikkim,Gangtok,0.0,0.99,54.1,53.2,17.5,52.7,2646.2,14.28,Good,Agricultural,980,Yes,May,Low
Sikkim,Mangan,61.6,1.77,71.7,79.1,14.3,74.4,2920.1,38.25,Moderate,Wetland,267,Yes,May,Medium
Sikkim,Mangan,76.6,1.24,63.0,61.5,26.0,63.5,1023.7,37.53,Moderate,Forest,261,Yes,May,Medium
Sikkim,Gangtok,41.7,1.42,36.5,56.5,26.5,62.3,1006.9,41.83,Poor,Agricultural,729,No,May,Low
Sikkim,Mangan,42.3,1.53,32.6,63.5,17.5,66.7,2074.0,35.01,Good,Forest,209,No,May,Low
Sikkim,Mangan,70.6,2.79,37.1,60.0,19.5,58.2,2458.1,36.68,Good,Agricultural,648,Yes,May,Medium
Sikkim,Gangtok,265.3,4.27,74.0,72.5,14.5,91.2,2299.0,25.21,Moderate,Agricultural,905,Yes,June,High
Sikkim,Gangtok,144.3,3.11,79.9,63.3,7.2,91.6,3512.9,27.28,Good,Agricultural,258,No,June,Medium
Sikkim,Mangan,245.6,4.94,79.6,81.9,9.4,97.4,3507.9,44.54,Good,Forest,180,Yes,June,Extreme
Sikkim,Mangan,241.7,4.69,64.8,83.9,19.6,100.0,2044.1,48.87,Good,Forest,251,No,June,High
Sikkim,Mangan,480.6,6.87,65.8,98.0,26.3,100.0,856.2,25.19,Good,Forest,164,Yes,June,Extreme
Sikkim,Gangtok,211.1,4.93,80.2,73.4,19.1,87.0,1869.8,29.67,Good,Forest,136,Yes,June,High
Sikkim,Mangan,132.5,3.08,59.5,56.1,12.4,90.1,2531.1,22.3,Good,Forest,291,Yes,June,Medium
Sikkim,Mangan,129.6,3.04,65.2,64.0,11.7,89.9,3414.0,22.03,Poor,Agricultural,538,Yes,June,Medium
Sikkim,Mangan,325.1,4.95,58.5,52.4,11.8,84.5,3175.5,27.7,Good,Urban,4570,Yes,June,Extreme
Sikkim,Mangan,168.6,3.06,77.3,67.0,16.8,94.2,2358.0,12.37,Moderate,Forest,237,Yes,June,Medium
Sikkim,Mangan,258.4,4.17,57.4,71.1,22.1,78.0,1378.5,17.94,Moderate,Agricultural,246,No,June,Medium
Sikkim,Gangtok,231.6,3.77,54.2,65.3,27.5,89.0,806.8,33.53,Good,Agricultural,870,Yes,June,High
Sikkim,Mangan,378.1,5.48,66.1,67.1,22.9,98.8,1530.4,41.86,Moderate,Urban,10155,Yes,June,Extreme
Sikkim,Mangan,299.1,4.64,65.7,70.1,21.8,82.4,1335.9,33.23,Good,Agricultural,1185,Yes,June,Extreme
Sikkim,Gangtok,248.5,4.41,66.6,73.6,23.7,94.9,983.8,15.66,Moderate,Agricultural,540,No,June,High
Sikkim,Gangtok,137.9,3.29,39.9,55.6,17.4,83.6,2233.3,26.91,Poor,Agricultural,693,No,June,Medium
Sikkim,Gangtok,342.9,6.08,46.3,83.7,8.5,100.0,3403.1,20.67,Moderate,Forest,146,No,June,Extreme
Sikkim,Gangtok,128.7,2.3,58.9,73.8,23.6,95.9,761.7,25.19,Moderate,Forest,219,Yes,June,Medium
Sikkim,Gangtok,273.8,4.33,42.9,79.7,26.8,97.5,943.7,41.09,Moderate,Agricultural,1036,Yes,June,High
Sikkim,Gangtok,141.8,3.2,66.7,70.3,13.2,84.9,2786.1,10.95,Moderate,Forest,71,No,June,Medium
Sikkim,Gangtok,222.8,3.66,58.0,41.1,25.8,88.7,998.1,27.92,Poor,Urban,6707,Yes,June,High
Sikkim,Mangan,200.2,4.28,66.2,57.5,14.6,98.4,2323.7,26.11,Moderate,Agricultural,781,Yes,June,High
Sikkim,Mangan,298.7,4.65,62.1,71.5,21.0,100.0,1311.6,41.54,Poor,Forest,135,Yes,July,Extreme
Sikkim,Mangan,264.7,3.86,70.5,82.1,17.1,94.9,1585.9,58.76,Poor,Forest,208,No,July,High
Sikkim,Mangan,287.8,5.04,74.3,90.1,5.3,100.0,3591.6,36.31,Good,Forest,95,Yes,July,Extreme
Sikkim,Mangan,227.4,4.0,62.4,48.6,9.4,83.7,2927.8,16.25,Poor,Urban,8464,Yes,July,High
Sikkim,Mangan,272.5,4.34,63.9,55.3,16.3,86.8,1500.6,31.74,Poor,Urban,10777,Yes,July,High
Sikkim,Mangan,410.9,5.74,65.8,84.9,18.9,89.0,1144.1,10.32,Good,Agricultural,330,No,July,Extreme
Sikkim,Gangtok,117.3,2.72,53.9,68.9,12.9,95.2,2251.5,54.67,Moderate,Forest,163,Yes,July,Medium
Sikkim,Gangtok,164.9,3.62,77.7,66.4,19.9,92.8,1587.7,28.27,Good,Forest,195,No,July,Medium
Sikkim,Mangan,476.9,7.25,66.1,98.0,10.2,100.0,2750.8,18.51,Good,Forest,100,Yes,July,Extreme
Sikkim,Mangan,259.4,4.83,60.1,79.9,3.1,100.0,3436.8,22.2,Good,Forest,368,Yes,July,High
Sikkim,Mangan,140.6,3.15,68.8,62.8,21.8,87.5,806.9,17.73,Good,Agricultural,1307,Yes,July,Medium
Sikkim,Gangtok,140.6,3.11,61.9,67.0,8.4,97.1,3484.7,28.87,Good,Forest,278,Yes,July,Medium
Sikkim,Gangtok,182.0,3.77,48.9,62.6,3.7,86.0,3446.7,23.07,Good,Agricultural,650,Yes,July,High
Sikkim,Gangtok,382.9,5.79,83.3,62.1,12.6,91.9,2410.9,30.98,Moderate,Urban,13244,Yes,July,Extreme
Sikkim,Gangtok,288.7,4.47,67.0,87.8,11.0,100.0,2646.9,12.69,Good,Forest,231,Yes,July,High
Sikkim,Mangan,149.4,3.35,67.0,70.1,22.6,100.0,933.1,32.4,Moderate,Forest,125,Yes,July,High
Sikkim,Mangan,0.0,1.73,47.4,53.4,12.4,71.0,2270.7,22.11,Moderate,Agricultural,598,Yes,July,Low
Sikkim,Mangan,304.1,4.1,44.4,82.4,14.8,88.8,1972.6,33.5,Moderate,Agricultural,500,No,July,High
Sikkim,Gangtok,280.8,4.95,78.6,62.5,21.4,85.1,1184.5,27.47,Moderate,Urban,12800,No,July,High
Sikkim,Gangtok,522.9,7.08,50.1,98.0,11.6,100.0,2781.7,17.61,Good,Forest,76,Yes,July,Extreme
Sikkim,Gangtok,274.3,4.8,51.4,72.8,6.6,93.1,3106.2,13.56,Good,Agricultural,425,No,July,High
Sikkim,Mangan,231.3,3.91,69.5,95.4,21.8,99.0,839.9,36.33,Moderate,Wetland,562,Yes,July,High
Sikkim,Gangtok,238.9,4.27,70.7,66.7,22.0,98.0,581.9,29.35,Poor,Agricultural,934,Yes,August,High
Sikkim,Mangan,169.9,3.35,69.9,68.5,10.4,92.5,2566.4,27.19,Good,Forest,10,Yes,August,High
Sikkim,Gangtok,266.1,4.49,86.0,80.9,23.2,100.0,936.4,32.62,Good,Forest,259,Yes,August,Extreme
Sikkim,Mangan,416.0,5.87,81.7,98.0,13.8,100.0,2298.3,32.2,Moderate,Forest,217,Yes,August,Extreme
Sikkim,Mangan,231.1,4.08,71.8,70.4,5.2,100.0,3471.7,30.74,Moderate,Forest,212,No,August,High
Sikkim,Gangtok,199.5,3.3,72.0,71.9,20.3,95.2,806.9,14.32,Good,Forest,86,Yes,August,Medium
Sikkim,Mangan,99.3,1.92,71.2,54.7,20.6,81.8,1307.7,26.48,Moderate,Agricultural,592,No,August,Low
Sikkim,Mangan,179.5,3.62,48.4,59.2,19.2,94.9,1279.3,14.98,Moderate,Agricultural,633,Yes,August,Medium
Sikkim,Gangtok,290.6,4.47,67.9,76.1,19.5,94.2,1396.5,50.62,Good,Forest,251,No,August,High
Sikkim,Gangtok,270.0,4.31,74.7,75.1,19.9,90.4,1607.4,47.1,Good,Agricultural,925,Yes,August,High
Sikkim,Gangtok,351.2,4.97,74.1,68.6,13.6,87.6,2471.1,25.83,Poor,Urban,11072,No,August,Extreme
Sikkim,Mangan,237.6,4.36,74.6,98.0,11.0,94.3,3192.9,37.46,Poor,Wetland,712,Yes,August,Extreme
Sikkim,Gangtok,277.3,4.4,94.6,98.0,7.4,100.0,2753.4,26.59,Poor,Wetland,668,No,August,Extreme
Sikkim,Gangtok,319.7,5.35,71.1,86.1,15.2,95.1,2225.6,24.76,Moderate,Forest,136,No,August,Extreme
Sikkim,Mangan,254.6,4.13,76.3,79.0,13.5,94.2,2528.0,31.58,Good,Forest,77,No,August,High
Sikkim,Gangtok,353.7,4.79,64.9,75.8,15.1,90.0,2174.3,27.84,Good,Agricultural,914,No,August,High
Sikkim,Mangan,177.8,3.68,73.4,56.3,26.1,72.6,635.0,27.52,Poor,Agricultural,778,No,August,Medium
Sikkim,Mangan,255.9,4.42,88.1,68.7,16.9,100.0,1792.3,20.7,Good,Agricultural,1058,Yes,August,High
Sikkim,Mangan,245.4,3.74,84.7,85.4,22.8,96.6,633.7,35.08,Good,Forest,267,Yes,August,High
Sikkim,Gangtok,179.5,3.95,73.9,76.9,4.1,97.6,3518.5,18.84,Moderate,Forest,204,No,August,Medium
Sikkim,Gangtok,371.1,5.56,87.2,84.2,9.7,95.8,3218.4,41.67,Good,Forest,193,Yes,August,Extreme
Sikkim,Gangtok,117.4,2.54,82.2,71.4,12.0,92.6,2010.9,31.42,Moderate,Forest,239,Yes,August,Medium
Sikkim,Gangtok,261.3,4.59,83.2,73.4,10.5,93.5,2246.1,39.17,Moderate,Agricultural,100,No,September,High
Sikkim,Gangtok,410.0,6.32,86.0,86.7,2.2,100.0,3495.5,12.27,Moderate,Agricultural,435,No,September,Extreme
Sikkim,Gangtok,206.3,3.12,97.5,80.3,14.8,100.0,2261.5,24.18,Good,Forest,203,Yes,September,High
Sikkim,Gangtok,198.4,3.9,78.8,82.2,15.4,91.6,1912.7,40.44,Good,Forest,180,No,September,High
Sikkim,Gangtok,220.4,3.99,97.2,74.8,15.8,91.4,1825.2,35.93,Good,Forest,50,No,September,High
Sikkim,Mangan,251.3,4.68,92.6,76.6,4.7,80.1,3239.3,28.53,Moderate,Agricultural,1120,No,September,High
Sikkim,Gangtok,335.2,5.21,83.5,87.4,6.1,99.6,3134.4,28.25,Good,Forest,174,No,September,Extreme
Sikkim,Gangtok,194.6,3.15,93.4,67.8,4.8,89.4,3277.8,22.51,Good,Agricultural,878,Yes,September,High
Sikkim,Gangtok,133.1,3.15,83.2,68.0,16.9,80.2,1546.2,17.01,Good,Agricultural,344,Yes,September,Medium
Sikkim,Mangan,234.8,4.29,84.6,69.3,13.1,85.2,2299.8,33.81,Poor,Agricultural,711,Yes,September,Extreme
Sikkim,Mangan,388.6,6.03,77.6,86.4,18.3,100.0,1595.6,27.99,Good,Forest,218,Yes,September,Extreme
Sikkim,Mangan,336.4,5.6,82.7,98.0,20.3,100.0,1146.2,31.58,Moderate,Wetland,604,Yes,September,Extreme
Sikkim,Gangtok,298.2,4.97,83.0,54.0,22.9,85.1,675.4,32.06,Poor,Urban,8500,Yes,September,Extreme
Sikkim,Mangan,387.7,5.81,71.3,75.8,4.8,91.8,3426.5,30.1,Moderate,Agricultural,1218,No,September,Extreme
Sikkim,Mangan,165.7,3.02,71.7,65.6,10.8,87.1,2163.0,38.47,Moderate,Agricultural,1268,Yes,September,High
Sikkim,Mangan,370.8,5.12,89.6,78.8,20.8,82.2,838.9,27.85,Good,Agricultural,590,No,September,Extreme
Sikkim,Mangan,254.2,4.15,91.2,71.2,15.0,89.2,1869.9,38.56,Good,Agricultural,681,Yes,September,High
Sikkim,Gangtok,215.7,3.22,86.6,65.6,17.7,86.4,1159.0,27.39,Poor,Agricultural,883,Yes,September,High
Sikkim,Mangan,309.1,4.84,93.3,69.2,3.7,92.3,3503.5,14.84,Moderate,Agricultural,805,No,September,High
Sikkim,Gangtok,157.9,2.83,80.7,71.4,4.8,88.8,3439.4,21.03,Good,Forest,270,Yes,September,Medium
Sikkim,Gangtok,266.9,4.44,86.6,92.7,21.5,89.9,1089.4,31.43,Moderate,Wetland,562,No,September,High
Sikkim,Gangtok,285.4,4.89,71.5,98.0,11.4,100.0,2339.5,35.65,Poor,Wetland,327,Yes,September,Extreme
Sikkim,Mangan,30.3,1.1,33.9,34.4,10.9,55.9,2687.0,18.39,Good,Urban,2618,No,October,Low
Sikkim,Gangtok,0.0,0.97,40.5,53.3,18.3,69.0,1442.0,8.8,Moderate,Forest,134,Yes,October,Low
Sikkim,Mangan,31.9,0.96,52.9,56.4,13.9,68.6,1456.8,9.72,Moderate,Forest,182,Yes,October,Low
Sikkim,Gangtok,49.8,1.67,58.2,67.1,11.4,69.8,2193.7,34.13,Good,Forest,123,No,October,Low
Sikkim,Gangtok,20.0,1.26,55.5,57.6,5.0,66.7,3121.8,28.84,Poor,Forest,92,Yes,October,Medium
Sikkim,Mangan,29.1,1.13,48.4,75.9,5.0,64.0,3182.7,30.39,Good,Wetland,251,Yes,October,Medium
Sikkim,Mangan,55.9,1.91,60.4,45.3,18.2,56.9,1224.3,30.03,Moderate,Agricultural,529,Yes,October,Medium
Sikkim,Gangtok,62.3,1.41,64.4,67.7,7.7,66.0,2540.3,25.8,Good,Forest,61,Yes,October,Medium
Sikkim,Mangan,27.6,1.43,41.1,51.1,24.4,54.8,586.9,31.73,Good,Forest,250,Yes,October,Low
Sikkim,Gangtok,46.8,1.54,47.8,71.8,17.6,68.9,947.1,40.02,Good,Wetland,518,No,October,Low
Sikkim,Gangtok,29.8,1.39,38.2,86.4,8.4,67.7,2833.2,24.01,Good,Wetland,532,Yes,October,Medium
Sikkim,Mangan,69.6,1.85,54.0,49.7,16.1,59.0,1505.1,35.73,Good,Agricultural,1033,No,October,Low
Sikkim,Mangan,63.0,1.13,34.1,57.6,1.6,54.2,3483.6,30.24,Good,Agricultural,478,Yes,October,Medium
Sikkim,Mangan,8.9,1.47,38.5,61.4,9.2,71.2,2471.3,51.72,Moderate,Forest,125,Yes,October,Low
Sikkim,Gangtok,14.8,1.28,42.0,51.7,3.3,64.6,3253.7,18.29,Good,Forest,240,Yes,October,Low
Sikkim,Gangtok,66.7,2.01,42.3,52.1,4.7,56.1,3242.0,25.44,Moderate,Agricultural,653,Yes,October,Medium
Sikkim,Mangan,21.2,1.34,52.3,59.9,10.0,69.8,2343.2,39.38,Poor,Forest,167,Yes,October,Medium
Sikkim,Mangan,31.2,1.47,34.3,50.8,17.9,49.0,1314.6,17.7,Poor,Agricultural,976,Yes,October,Low
Sikkim,Gangtok,41.9,0.77,59.6,55.4,19.9,56.2,731.0,35.7,Moderate,Agricultural,1137,Yes,October,Medium
Sikkim,Mangan,33.7,1.52,50.5,77.8,16.0,65.9,1719.4,16.48,Poor,Wetland,406,No,October,Low
Sikkim,Gangtok,31.9,1.48,44.3,64.9,6.6,59.6,3506.7,31.82,Good,Wetland,655,No,October,Low
Sikkim,Gangtok,28.3,1.29,42.8,71.8,14.9,77.3,1611.9,24.5,Moderate,Wetland,185,No,October,Low
Sikkim,Gangtok,40.5,1.5,28.6,59.2,8.8,65.2,1980.5,44.99,Good,Forest,99,Yes,November,Medium
Sikkim,Mangan,0.0,0.78,42.0,54.3,12.6,70.2,1317.2,29.45,Good,Forest,56,Yes,November,Low
Sikkim,Gangtok,37.1,1.22,53.5,52.3,2.8,51.6,3089.3,26.19,Moderate,Agricultural,721,No,November,Low
Sikkim,Mangan,61.7,1.78,37.0,80.5,17.6,59.1,622.3,14.0,Poor,Wetland,386,No,November,Low
Sikkim,Mangan,21.0,1.94,46.7,60.9,2.6,68.2,3123.0,10.72,Good,Forest,238,Yes,November,Low
Sikkim,Gangtok,30.7,1.9,32.7,38.2,18.9,52.1,761.8,11.87,Moderate,Urban,12587,No,November,Low
Sikkim,Gangtok,31.7,1.64,45.0,32.7,22.7,67.9,510.8,24.49,Poor,Urban,5037,No,November,Low
Sikkim,Gangtok,17.4,0.89,40.4,80.2,7.5,59.3,2222.9,21.04,Poor,Wetland,661,Yes,November,Medium
Sikkim,Gangtok,16.2,1.04,49.7,64.7,-0.7,68.7,3031.5,34.89,Good,Forest,212,No,November,Low
Sikkim,Mangan,60.2,1.26,53.5,57.3,11.9,63.4,946.4,23.02,Moderate,Agricultural,909,No,November,Low
Sikkim,Mangan,18.2,1.38,42.8,61.7,13.5,63.4,1211.0,19.48,Moderate,Forest,353,No,November,Low
Sikkim,Gangtok,51.4,1.54,62.3,55.0,12.6,56.4,1606.3,28.37,Moderate,Agricultural,692,Yes,November,Medium
Sikkim,Gangtok,15.2,1.15,64.8,45.2,9.2,75.3,1985.6,22.5,Good,Forest,66,No,November,Low
Sikkim,Mangan,21.1,1.05,31.2,60.2,6.3,65.0,2471.3,50.8,Good,Forest,39,No,November,Low
Sikkim,Mangan,67.8,2.12,67.9,58.8,3.3,53.2,2764.1,15.36,Poor,Agricultural,1497,No,November,Low
Sikkim,Mangan,71.5,2.0,33.7,51.2,0.3,63.1,3327.6,37.85,Good,Agricultural,1174,Yes,November,Medium
Sikkim,Gangtok,43.4,1.62,33.5,62.8,0.5,54.6,3443.0,17.63,Poor,Agricultural,1289,Yes,November,Medium
Sikkim,Gangtok,2.8,1.57,30.3,48.5,2.9,46.5,2936.5,31.27,Moderate,Agricultural,984,Yes,November,Low
Sikkim,Gangtok,70.2,1.64,49.6,38.0,1.4,60.6,2844.9,44.83,Poor,Urban,11541,Yes,November,Medium
Sikkim,Gangtok,35.6,1.46,55.4,29.6,9.9,56.2,1725.4,23.09,Moderate,Urban,15601,No,November,Low
Sikkim,Gangtok,0.0,1.04,47.5,37.8,11.1,53.1,1627.6,26.52,Moderate,Urban,12801,No,November,Low
Sikkim,Gangtok,0.0,0.72,44.1,35.3,5.6,52.7,2240.0,54.01,Poor,Urban,3311,Yes,November,Low
Sikkim,Mangan,5.5,0.75,53.9,56.1,12.6,59.4,1121.7,11.13,Good,Forest,185,Yes,December,Low
Sikkim,Mangan,48.6,1.98,61.3,47.1,12.6,56.0,720.5,25.04,Moderate,Agricultural,677,Yes,December,Medium
Sikkim,Gangtok,64.2,1.05,58.5,67.6,1.8,74.9,2765.1,32.03,Good,Forest,71,No,December,Low
Sikkim,Gangtok,18.8,0.75,27.3,61.1,9.2,67.9,1663.8,40.38,Good,Forest,227,Yes,December,Low
Sikkim,Gangtok,42.3,1.36,42.0,50.0,-3.0,57.0,2850.7,23.0,Moderate,Agricultural,135,Yes,December,Medium
Sikkim,Mangan,6.5,0.95,49.5,61.9,11.4,61.2,783.8,46.03,Good,Forest,229,Yes,December,Low
Sikkim,Gangtok,5.0,0.91,52.6,47.6,0.6,61.6,2933.2,28.67,Good,Agricultural,931,Yes,December,Low
Sikkim,Gangtok,80.5,2.27,38.1,55.9,0.6,76.8,2646.0,15.33,Good,Forest,175,No,December,Low
Sikkim,Mangan,54.9,1.61,64.0,61.0,-0.0,68.0,2803.3,31.05,Poor,Forest,257,Yes,December,Medium
Sikkim,Mangan,26.2,1.05,69.0,51.8,6.8,53.6,1822.2,40.57,Good,Agricultural,491,No,December,Low
Sikkim,Mangan,47.3,1.82,61.7,60.2,9.9,64.9,1549.1,23.77,Good,Forest,195,No,December,Low
Sikkim,Mangan,26.4,1.2,38.9,52.7,-2.6,66.6,3035.5,30.23,Good,Forest,131,Yes,December,Low
Sikkim,Gangtok,43.7,1.49,37.2,59.2,6.9,63.3,1573.8,41.2,Good,Forest,243,No,December,Low
Sikkim,Gangtok,15.4,1.01,36.3,60.5,-4.3,64.3,3384.7,24.76,Good,Forest,84,No,December,Low
Sikkim,Gangtok,42.0,1.61,58.6,68.9,-5.3,60.2,3577.0,43.11,Good,Forest,106,Yes,December,Medium
Sikkim,Mangan,35.6,1.21,44.4,48.7,15.7,47.3,703.0,27.09,Poor,Agricultural,368,Yes,December,Medium
Sikkim,Mangan,11.8,0.97,46.6,63.1,2.8,60.6,2266.2,23.11,Good,Forest,129,Yes,December,Low
Sikkim,Gangtok,53.5,1.33,46.8,47.8,6.0,60.1,2118.6,30.65,Moderate,Agricultural,835,No,December,Low
Sikkim,Mangan,50.2,1.41,32.1,55.4,8.9,56.3,1189.0,19.05,Good,Agricultural,487,Yes,December,Low
Sikkim,Gangtok,70.5,1.63,44.7,62.2,-4.5,75.5,3515.4,25.73,Good,Forest,165,No,December,Low
Sikkim,Gangtok,0.0,0.98,44.7,74.1,-4.8,59.9,3595.2,35.69,Good,Wetland,366,No,December,Low
Sikkim,Gangtok,24.9,1.32,56.5,64.8,12.0,60.6,935.9,31.85,Moderate,Agricultural,379,No,December,Low
Maharashtra,Mumbai,87.3,3.29,45.3,39.3,26.4,62.9,7.4,1.23,Poor,Urban,30084,Yes,January,Medium
Maharashtra,Mumbai,57.6,3.04,42.6,27.5,25.0,62.4,10.4,1.88,Poor,Urban,18464,Yes,January,Medium
Maharashtra,Mumbai,35.3,3.49,44.5,25.7,24.5,64.2,8.3,2.64,Poor,Urban,15075,Yes,January,Medium
Maharashtra,Mumbai,0.0,2.3,33.0,37.3,23.3,67.8,8.7,4.09,Moderate,Urban,18778,Yes,January,Low
Maharashtra,Mumbai,51.7,2.89,64.1,80.5,25.9,58.4,5.5,3.27,Moderate,Wetland,23503,Yes,February,Medium
Maharashtra,Mumbai,35.8,2.31,44.0,41.5,23.9,58.6,7.9,0.21,Poor,Urban,13157,Yes,February,Medium
Maharashtra,Mumbai,47.7,3.44,60.0,32.9,24.5,64.7,12.2,3.52,Moderate,Urban,23414,Yes,February,Low
Maharashtra,Mumbai,55.4,2.81,43.0,31.7,25.9,64.7,10.4,0.47,Poor,Urban,12030,Yes,February,Medium
Maharashtra,Mumbai,101.5,3.84,41.6,36.1,23.5,64.8,7.0,2.38,Poor,Urban,25903,Yes,February,Medium
Maharashtra,Mumbai,80.7,3.41,62.2,34.4,25.2,69.5,11.0,2.84,Poor,Urban,20932,Yes,February,Medium
Maharashtra,Mumbai,45.6,2.86,38.5,42.5,29.8,60.4,10.3,2.16,Poor,Urban,28964,No,March,Low
Maharashtra,Mumbai,29.6,2.71,39.8,33.5,31.2,69.1,6.6,3.16,Poor,Urban,19626,Yes,March,Low
Maharashtra,Mumbai,31.7,2.5,32.6,30.1,26.4,57.9,6.0,0.1,Moderate,Urban,22112,Yes,March,Low
Maharashtra,Mumbai,40.2,3.14,55.9,41.9,28.1,64.2,11.7,2.97,Poor,Urban,17970,Yes,March,Medium
Maharashtra,Mumbai,21.8,2.86,63.6,24.3,29.5,64.1,12.4,1.1,Good,Urban,19256,Yes,March,Low
Maharashtra,Mumbai,24.6,2.82,44.1,36.8,30.5,66.5,11.2,2.71,Poor,Urban,20567,Yes,April,Low
Maharashtra,Mumbai,52.5,3.43,46.2,25.1,31.0,60.8,12.6,0.17,Poor,Urban,29244,Yes,April,Medium
Maharashtra,Mumbai,0.0,3.12,25.9,33.2,30.2,64.4,10.1,0.87,Moderate,Urban,30945,Yes,April,Low
Maharashtra,Mumbai,36.0,3.12,48.0,37.1,29.9,63.3,7.2,1.21,Poor,Urban,19836,No,April,Low
Maharashtra,Mumbai,56.9,2.93,39.1,34.9,28.8,62.2,11.6,1.82,Poor,Urban,19513,Yes,April,Medium
Maharashtra,Mumbai,62.1,2.94,44.5,38.8,32.9,50.7,5.4,0.1,Good,Urban,32066,Yes,May,Low
Maharashtra,Mumbai,31.9,2.93,43.7,23.2,30.6,68.5,7.1,1.01,Moderate,Urban,26982,Yes,May,Low
Maharashtra,Mumbai,40.8,2.87,43.1,35.6,30.8,63.8,5.4,2.27,Moderate,Urban,23325,Yes,May,Low
Maharashtra,Mumbai,76.1,3.56,27.3,38.2,32.7,66.7,9.6,2.64,Poor,Urban,21011,Yes,May,Medium
Maharashtra,Mumbai,57.5,2.9,51.0,84.5,32.1,61.1,7.1,0.1,Poor,Wetland,18117,Yes,May,Medium
Maharashtra,Mumbai,0.8,2.44,52.6,29.6,31.6,51.1,10.8,1.73,Moderate,Urban,24918,Yes,May,Low
Maharashtra,Mumbai,34.5,3.18,63.4,32.9,32.0,65.0,7.5,1.35,Moderate,Urban,16278,No,May,Low
Maharashtra,Mumbai,43.2,3.38,32.5,71.1,31.4,69.0,13.0,2.86,Poor,Wetland,14465,Yes,May,Medium
Maharashtra,Mumbai,152.2,4.54,88.6,39.6,28.7,92.1,10.8,1.26,Poor,Urban,14259,No,June,Medium
Maharashtra,Mumbai,82.3,4.33,67.8,35.7,27.4,84.9,7.2,0.1,Poor,Urban,25686,Yes,June,Medium
Maharashtra,Mumbai,221.1,5.42,77.8,43.1,29.4,90.7,8.1,0.9,Poor,Urban,32342,Yes,June,High
Maharashtra,Mumbai,467.5,8.68,66.0,98.0,26.9,100.0,12.4,0.93,Moderate,Wetland,22823,Yes,July,Extreme
Maharashtra,Mumbai,286.4,6.46,63.1,55.0,26.8,95.5,5.9,0.1,Poor,Urban,29172,Yes,July,Extreme
Maharashtra,Mumbai,282.7,5.64,69.2,62.5,29.7,94.0,10.4,2.08,Poor,Urban,23586,Yes,July,High
Maharashtra,Mumbai,313.4,6.43,64.9,51.4,25.7,88.6,5.4,2.63,Poor,Urban,24674,No,July,High
Maharashtra,Mumbai,150.3,4.62,51.9,47.4,29.6,93.5,13.7,2.45,Good,Urban,25080,Yes,July,Medium
Maharashtra,Mumbai,101.1,4.31,69.4,30.3,25.9,93.1,8.3,2.3,Poor,Urban,27759,Yes,July,Medium
Maharashtra,Mumbai,155.3,4.3,66.7,47.2,26.9,88.0,5.1,0.1,Poor,Urban,24405,Yes,July,Medium
Maharashtra,Mumbai,256.5,5.62,56.8,49.6,27.3,91.5,7.6,0.46,Poor,Urban,22468,Yes,July,High
Maharashtra,Mumbai,281.3,6.21,79.1,51.4,25.3,97.6,9.1,2.27,Poor,Urban,27644,No,August,High
Maharashtra,Mumbai,325.4,5.73,70.0,52.2,28.6,94.3,6.4,1.65,Good,Urban,16320,Yes,August,High
Maharashtra,Mumbai,202.1,5.35,76.0,45.1,26.2,93.0,12.0,3.48,Poor,Urban,25133,No,August,Medium
Maharashtra,Mumbai,238.6,5.57,81.5,50.5,27.8,90.4,11.0,0.72,Poor,Urban,26309,Yes,August,High
Maharashtra,Mumbai,326.5,6.85,81.7,62.2,27.1,94.7,8.5,0.85,Poor,Urban,17846,Yes,September,Extreme
Maharashtra,Mumbai,101.6,4.4,95.4,37.7,27.5,85.7,10.1,1.61,Good,Urban,20297,Yes,September,Medium
Maharashtra,Mumbai,273.0,5.92,75.4,55.2,27.2,87.4,10.1,1.97,Poor,Urban,24590,Yes,September,High
Maharashtra,Mumbai,151.1,4.18,71.2,33.4,25.6,82.0,7.7,2.26,Moderate,Urban,18914,Yes,September,Medium
Maharashtra,Mumbai,162.7,4.6,87.1,50.8,27.8,94.4,8.6,2.07,Moderate,Urban,26364,No,September,Medium
Maharashtra,Mumbai,145.1,4.27,85.8,36.2,26.5,84.8,8.5,1.69,Moderate,Urban,22963,Yes,September,Medium
Maharashtra,Mumbai,0.0,2.6,43.2,30.8,27.5,61.0,7.2,4.3,Good,Urban,26139,Yes,October,Low
Maharashtra,Mumbai,59.2,2.55,33.8,36.4,27.2,65.0,7.9,3.4,Good,Urban,9804,Yes,October,Low
Maharashtra,Mumbai,67.4,3.42,54.3,38.7,24.9,63.0,12.4,2.43,Poor,Urban,20764,Yes,November,Medium
Maharashtra,Mumbai,48.6,2.8,43.8,31.6,27.1,58.8,6.4,2.41,Moderate,Urban,26722,Yes,November,Low
Maharashtra,Mumbai,86.3,3.6,44.8,42.6,28.2,58.2,7.0,1.71,Poor,Urban,29067,Yes,November,Medium
Maharashtra,Mumbai,45.6,2.64,26.3,24.9,28.5,65.3,11.0,3.19,Moderate,Urban,23312,Yes,November,Low
Maharashtra,Mumbai,39.4,3.21,35.6,36.4,27.1,58.9,8.3,0.1,Good,Urban,22705,Yes,November,Low
Maharashtra,Mumbai,65.1,2.78,50.6,38.8,27.9,68.8,5.5,0.1,Poor,Urban,17867,Yes,November,Medium
Maharashtra,Mumbai,74.9,3.26,51.0,31.0,28.0,61.6,12.8,0.1,Poor,Urban,27841,Yes,November,Medium
Maharashtra,Mumbai,33.4,3.03,48.6,32.7,29.7,60.7,12.4,1.83,Good,Urban,20263,Yes,November,Low
Maharashtra,Mumbai,62.7,2.99,64.6,24.0,24.1,64.9,10.0,4.14,Poor,Urban,19569,No,December,Low
Maharashtra,Mumbai,27.7,2.35,34.0,33.4,23.7,60.7,7.5,2.38,Good,Urban,24092,Yes,December,Low
